-- phpMyAdmin SQL Dump
-- version 5.1.1deb5ubuntu1
-- https://www.phpmyadmin.net/
--
-- Servidor: localhost:3306
-- Tiempo de generación: 29-07-2022 a las 16:04:43
-- Versión del servidor: 8.0.30-0ubuntu0.22.04.1
-- Versión de PHP: 8.1.2

SET SQL_MODE = "NO_AUTO_VALUE_ON_ZERO";
START TRANSACTION;
SET time_zone = "+00:00";


/*!40101 SET @OLD_CHARACTER_SET_CLIENT=@@CHARACTER_SET_CLIENT */;
/*!40101 SET @OLD_CHARACTER_SET_RESULTS=@@CHARACTER_SET_RESULTS */;
/*!40101 SET @OLD_COLLATION_CONNECTION=@@COLLATION_CONNECTION */;
/*!40101 SET NAMES utf8mb4 */;

--
-- Base de datos: `produccion2`
--

DELIMITER $$
--
-- Procedimientos
--
CREATE DEFINER=`root`@`localhost` PROCEDURE `Administrar_Detalle_Venta` (IN `p_operacion` VARCHAR(20), IN `p_id_detalle` INT)  BEGIN
declare cant_detalle int;
declare id_invent int;
if(p_operacion='FacturarDetalle') then


select nombre, inventario  into @nombre, @invent from inventario i 
join detalle d on d.fk_id_inventario= i.id_inventario
join productos p on i.fk_codigo_pdto= p.codigo_pdto 
where d.id_detalle=p_id_detalle;

update detalle set estado='Facturado' where id_detalle = p_id_detalle;

if (@invent = 'Si') then
	select cantidad,fk_id_inventario into cant_detalle,id_invent from detalle 
    where id_detalle=p_id_detalle;
    update inventario set stock=stock-cant_detalle where  
    id_inventario=id_invent;
end if;

select concat(@nombre,' Facturado ') as mensaje;
end if;


if(p_operacion='AnularDetalle') then
	select nombre, inventario  into @nombre, @invent from inventario i 
	join detalle d on d.fk_id_inventario= i.id_inventario
	join productos p on i.fk_codigo_pdto= p.codigo_pdto 
	where d.id_detalle=p_id_detalle;
    update detalle set estado='Anulado' where id_detalle = p_id_detalle;
	if (@invent = 'Si') then
		select cantidad,fk_id_inventario into cant_detalle,id_invent from detalle where id_detalle=p_id_detalle;
		update inventario set stock=stock+cant_detalle where  id_inventario=id_invent;
    end if;

    select 'Factura anulada ' as mensaje;
end if;

END$$

CREATE DEFINER=`root`@`localhost` PROCEDURE `Administrar_Inventario` (IN `p_operacion` VARCHAR(40), IN `P_cantidad` INT, IN `P_produccion` INT, IN `P_inventario` INT)  BEGIN


	if(p_operacion='ActualizarBodega') then

			insert into bodega(fecha,cantidad,fk_inventario,fk_produccion)
			values(curdate(),P_cantidad,P_inventario,P_produccion);

			update inventario set stock=stock+P_cantidad where id_inventario=P_inventario;
            
            select 'Inventario actualizado al punto de venta..' as mensaje;
				
	end if;



END$$

CREATE DEFINER=`root`@`localhost` PROCEDURE `Administrar_Reserva` (IN `p_operacion` VARCHAR(20), IN `p_persona` BIGINT)  BEGIN

declare cant int;
declare tipo_mov varchar(20);
-- Buscar movimientso tipo reserva en estado Reservado

select rol into tipo_mov from personas where identificacion=p_persona;

if(p_operacion='Buscar_Reserva') then

			if (tipo_mov='Vocero') then 
				set tipo_mov='Grupal';
                else
                set tipo_mov='Individual';
            
            end if;
            

	      SELECT count(*) into cant FROM movimientos where fk_persona= p_persona and estado='Reservado';
        
		
		  if (cant>0) then
			update movimientos set Fecha=CURDATE() where fk_persona=p_persona and estado='Reservado';
				
			else
				insert into movimientos(Estado,Fecha,fk_persona,tipo)values('Reservado',CURDATE(),p_persona,tipo_mov);
		  end if;
        
           
          
	SELECT distinct m.Id_movimiento,m.tipo,per.Cargo,per.Rol,per.identificacion,per.Nombres as Persona,per.ficha,d.id_detalle,p.Nombre, p.imagen, p.porcentaje, d.cantidad,d.valor as valor,
    (d.valor * d.cantidad  - ((d.valor * d.cantidad) * (p.porcentaje)/100)) as subtotal,
    (select pn.nombres from personas pn where pn.identificacion=d.persona)as aprendiz
    FROM movimientos m
	join personas per on per.identificacion = fk_Persona
    left join detalle d on d.fk_Id_movimiento= m.Id_movimiento
    left join inventario iv on iv.id_inventario= d.fk_id_inventario
    left join productos p on p.Codigo_pdto= iv.fk_codigo_pdto
    left join precios pr on pr.fk_producto= p.Codigo_pdto and pr.fk_cargo=per.cargo
   
    where m.fk_persona=p_persona and m.Estado = 'Reservado';
          

end if;




END$$

CREATE DEFINER=`root`@`localhost` PROCEDURE `Administrar_Ventas` (IN `P_operacion` VARCHAR(40), IN `P_persona` BIGINT, IN `P_id_movimiento` INT)  BEGIN
declare cant int;
declare ID_INV int;
declare CANTIDAD_MOV int;
declare ESTADO_MOV varchar(20);
declare finloop boolean default false;
declare cod_factura int;

DECLARE InventarioProducto CURSOR FOR  select fk_id_inventario,estado,cantidad from detalle  where fk_id_movimiento=P_id_movimiento;
DECLARE CONTINUE HANDLER FOR  SQLSTATE '02000' SET finloop= TRUE;

if(P_operacion='NuevaVenta') then

				SELECT count(*) into cant FROM movimientos 
                where fk_persona= P_persona and estado='Reservado';
				 if (cant>0) then
								update movimientos set Fecha=CURDATE() where fk_persona=p_persona and estado='Reservado';
							else
								insert into movimientos(Estado,Fecha,fk_persona,tipo)values('Reservado',CURDATE(),p_persona,'Individual');
					
					end if; -- fin del condicioanal cant>0
    
    
    SELECT distinct m.Id_movimiento FROM movimientos m
	where m.fk_persona = p_persona and m.Estado = 'Reservado';
    
end if;-- fin del condicioanal P_operacion='NuevaVenta'





-- cambiar de estado el movimiento de estado reservado a facturado
 if(P_operacion='FacturarVenta') then

    update sena_empresa set  num_factura=num_factura+1 ;
    select  num_factura into cod_factura from  sena_empresa;
	update movimientos set estado='Facturado', num_factura=cod_factura where Id_movimiento= P_id_movimiento;
    
    SELECT distinct m.Id_movimiento FROM movimientos m
	where m.fk_persona = p_persona and m.Estado = 'Reservado';
/*

  OPEN InventarioProducto;

		ciclo: LOOP -- inicia el for
		     FETCH InventarioProducto INTO ID_INV,ESTADO_MOV,CANTIDAD_MOV; -- copiamos los datos
               
           --  select ID_INV,ESTADO_MOV,CANTIDAD_MOV;

         
           if(ESTADO_MOV='Facturado') then
					update inventario set stock=stock-CANTIDAD_MOV  where id_inventario=ID_INV;
			end if;
        
				IF finloop THEN
					LEAVE ciclo;
				END IF;  
                
		END LOOP ciclo;
    
  CLOSE InventarioProducto;
  
  */
  end if; -- fin del if facturar
   
  
  
					


END$$

CREATE DEFINER=`adsi`@`%` PROCEDURE `Control_Acceso` (IN `P_Identificacion` BIGINT)  BEGIN
	declare cant_ingre int;
	declare existencia int;
    -- VALIDA SI EXISTE LA PERSONA
    SELECT COUNT(*) into existencia FROM personas 
    WHERE identificacion  = P_Identificacion;
    -- CUENTA LOS ACCESOS DE LA PERSONA
    
    if(existencia > 0) then
    
		SELECT COUNT(*) into cant_ingre FROM accesos 
		WHERE fk_persona  = P_Identificacion  and estado = 'Ingreso';
		   
		if(cant_ingre > 0) then
			UPDATE accesos SET fechasalida = CURRENT_TIME(), estado = 'Salio' WHERE fk_persona = P_Identificacion;
		else 
			INSERT INTO accesos(fechaingreso, estado, fk_persona) 
			VALUES (CURRENT_TIME(), 'Ingreso', P_Identificacion);
		end if;
        SELECT p.identificacion, p.Nombres, nombre_cargo as Cargo, p.Foto, 
			a.fechaingreso, a.fechasalida, time(a.fechaingreso) as hora_ingreso, a.estado 
			FROM personas p 
			LEFT JOIN cargo on p.Cargo = idcargo 
			right JOIN accesos a on p.identificacion = a.fk_persona
        WHERE p.identificacion = P_Identificacion 
        ORDER BY idacceso DESC LIMIT 1;
	end if;
END$$

DELIMITER ;

-- --------------------------------------------------------

--
-- Estructura de tabla para la tabla `accesos`
--

CREATE TABLE `accesos` (
  `idacceso` int NOT NULL,
  `fechaingreso` datetime DEFAULT NULL,
  `fechasalida` datetime DEFAULT NULL,
  `observacion` varchar(100) DEFAULT NULL,
  `estado` enum('Ingreso','Salio') DEFAULT NULL,
  `fk_persona` bigint DEFAULT NULL
) ENGINE=InnoDB DEFAULT CHARSET=utf8mb4 ;

--
-- Volcado de datos para la tabla `accesos`
--

INSERT INTO `accesos` (`idacceso`, `fechaingreso`, `fechasalida`, `observacion`, `estado`, `fk_persona`) VALUES
(1, '2022-07-25 06:51:17', '2022-07-26 14:21:32', NULL, 'Salio', 96361787),
(2, '2022-07-25 06:54:14', '2022-07-25 16:33:07', NULL, 'Salio', 1080930962),
(3, '2022-07-25 06:54:22', '2022-07-28 17:03:53', NULL, 'Salio', 52867266),
(4, '2022-07-25 06:54:36', '2022-07-25 16:33:07', NULL, 'Salio', 1083868130),
(5, '2022-07-25 06:54:47', '2022-07-29 13:29:22', NULL, 'Salio', 1083866202),
(6, '2022-07-25 06:54:56', '2022-07-28 16:53:53', NULL, 'Salio', 1083871179),
(7, '2022-07-25 06:55:02', '2022-07-25 16:33:07', NULL, 'Salio', 1117484046),
(8, '2022-07-25 06:57:09', '2022-07-27 13:26:26', NULL, 'Salio', 1083866437),
(9, '2022-07-25 06:57:16', '2022-07-25 12:01:08', NULL, 'Salio', 1007163826),
(10, '2022-07-25 06:57:28', '2022-07-25 13:10:52', NULL, 'Salio', 1078746506),
(11, '2022-07-25 06:57:38', '2022-07-25 12:02:01', NULL, 'Salio', 1083868207),
(12, '2022-07-25 06:57:43', '2022-07-25 12:00:51', NULL, 'Salio', 1079534526),
(13, '2022-07-25 06:57:49', '2022-07-27 06:58:18', NULL, 'Salio', 1007587211),
(14, '2022-07-25 06:58:09', '2022-07-25 16:33:07', NULL, 'Salio', 1031642349),
(15, '2022-07-25 06:58:13', '2022-07-25 16:33:07', NULL, 'Salio', 1082124011),
(16, '2022-07-25 06:58:19', '2022-07-25 16:33:07', NULL, 'Salio', 1004442716),
(17, '2022-07-25 06:58:30', '2022-07-25 12:07:27', NULL, 'Salio', 12262605),
(18, '2022-07-25 06:58:58', '2022-07-26 14:20:55', NULL, 'Salio', 1006947348),
(19, '2022-07-25 06:59:04', '2022-07-26 14:21:45', NULL, 'Salio', 1116912148),
(20, '2022-07-25 06:59:25', '2022-07-29 13:23:29', NULL, 'Salio', 1007531657),
(21, '2022-07-25 06:59:31', '2022-07-29 13:21:22', NULL, 'Salio', 1006956707),
(22, '2022-07-25 06:59:37', '2022-07-27 13:29:47', NULL, 'Salio', 1015994112),
(23, '2022-07-25 06:59:40', '2022-07-29 13:17:55', NULL, 'Salio', 1003808338),
(24, '2022-07-25 07:00:08', '2022-07-25 16:33:07', NULL, 'Salio', 1004440496),
(25, '2022-07-25 07:00:14', '2022-07-29 13:14:42', NULL, 'Salio', 1007163437),
(26, '2022-07-25 07:00:18', '2022-07-25 16:33:07', NULL, 'Salio', 1004440429),
(27, '2022-07-25 07:00:22', '2022-07-29 13:14:17', NULL, 'Salio', 1075317893),
(28, '2022-07-25 07:00:26', '2022-07-27 13:30:05', NULL, 'Salio', 1083865788),
(29, '2022-07-25 07:00:32', '2022-07-25 16:33:07', NULL, 'Salio', 36285268),
(30, '2022-07-25 07:00:44', '2022-07-25 12:27:53', NULL, 'Salio', 1003993956),
(31, '2022-07-25 07:00:57', '2022-07-25 12:04:22', NULL, 'Salio', 1083907806),
(32, '2022-07-25 07:01:03', '2022-07-25 12:10:12', NULL, 'Salio', 1007502651),
(33, '2022-07-25 07:01:08', '2022-07-29 13:23:37', NULL, 'Salio', 1007745216),
(34, '2022-07-25 07:02:10', '2022-07-25 13:29:58', NULL, 'Salio', 1004343648),
(35, '2022-07-25 07:03:01', '2022-07-27 13:27:47', NULL, 'Salio', 1005706529),
(36, '2022-07-25 07:03:23', '2022-07-25 16:33:07', NULL, 'Salio', 1004251310),
(37, '2022-07-25 07:03:47', '2022-07-25 16:33:07', NULL, 'Salio', 1004871362),
(38, '2022-07-25 07:04:02', '2022-07-25 16:33:07', NULL, 'Salio', 29115177),
(39, '2022-07-25 07:04:29', '2022-07-25 16:33:07', NULL, 'Salio', 1079534335),
(40, '2022-07-25 07:04:44', '2022-07-28 17:06:10', NULL, 'Salio', 1083923857),
(41, '2022-07-25 07:05:09', '2022-07-27 13:26:32', NULL, 'Salio', 1084251327),
(42, '2022-07-25 07:08:45', '2022-07-28 16:53:45', NULL, 'Salio', 1007328021),
(43, '2022-07-25 07:11:49', '2022-07-25 16:33:07', NULL, 'Salio', 1117523736),
(44, '2022-07-25 07:13:18', '2022-07-25 16:33:07', NULL, 'Salio', 1006957091),
(45, '2022-07-25 07:14:19', '2022-07-29 13:05:40', NULL, 'Salio', 1007431193),
(46, '2022-07-25 07:14:46', '2022-07-25 12:34:47', NULL, 'Salio', 1006526359),
(47, '2022-07-25 07:15:47', '2022-07-29 13:21:10', NULL, 'Salio', 1004492809),
(48, '2022-07-25 07:20:24', '2022-07-29 13:05:11', NULL, 'Salio', 1004083573),
(49, '2022-07-25 07:24:13', '2022-07-25 12:32:24', NULL, 'Salio', 1080183795),
(50, '2022-07-25 07:24:31', '2022-07-28 16:54:07', NULL, 'Salio', 1083867708),
(51, '2022-07-25 07:25:01', '2022-07-25 16:33:07', NULL, 'Salio', 1078746654),
(52, '2022-07-25 07:29:15', '2022-07-25 16:33:07', NULL, 'Salio', 1004446215),
(53, '2022-07-25 07:29:33', '2022-07-28 16:58:07', NULL, 'Salio', 1004269773),
(54, '2022-07-25 07:29:47', '2022-07-25 16:33:07', NULL, 'Salio', 1007751036),
(55, '2022-07-25 07:30:41', '2022-07-25 16:33:07', NULL, 'Salio', 15814425),
(56, '2022-07-25 07:30:45', '2022-07-28 16:58:10', NULL, 'Salio', 1003809079),
(57, '2022-07-25 07:30:58', '2022-07-25 12:05:02', NULL, 'Salio', 1000790396),
(58, '2022-07-25 07:31:02', '2022-07-28 17:05:26', NULL, 'Salio', 1089478152),
(59, '2022-07-25 07:31:06', '2022-07-28 17:04:02', NULL, 'Salio', 1003587606),
(60, '2022-07-25 07:31:11', '2022-07-26 07:28:12', NULL, 'Salio', 1083897794),
(61, '2022-07-25 07:31:56', '2022-07-28 16:49:51', NULL, 'Salio', 1081699723),
(62, '2022-07-25 07:34:29', '2022-07-28 16:56:19', NULL, 'Salio', 1084251671),
(63, '2022-07-25 07:34:39', '2022-07-28 16:57:00', NULL, 'Salio', 1004209716),
(64, '2022-07-25 07:38:18', '2022-07-25 12:06:10', NULL, 'Salio', 12265488),
(65, '2022-07-25 07:38:22', '2022-07-25 16:33:07', NULL, 'Salio', 36180414),
(66, '2022-07-25 07:38:26', '2022-07-25 16:33:07', NULL, 'Salio', 36277903),
(67, '2022-07-25 07:41:33', '2022-07-28 16:51:06', NULL, 'Salio', 1083984147),
(68, '2022-07-25 07:41:49', '2022-07-25 16:33:07', NULL, 'Salio', 8304357),
(69, '2022-07-25 07:42:19', '2022-07-28 16:51:19', NULL, 'Salio', 1083984235),
(70, '2022-07-25 07:42:36', '2022-07-28 16:51:24', NULL, 'Salio', 1058963269),
(71, '2022-07-25 07:43:01', '2022-07-25 16:33:07', NULL, 'Salio', 12266826),
(72, '2022-07-25 07:43:06', '2022-07-25 16:33:07', NULL, 'Salio', 1084251523),
(73, '2022-07-25 07:43:28', '2022-07-25 16:33:07', NULL, 'Salio', 1007563110),
(74, '2022-07-25 07:44:25', '2022-07-28 16:55:40', NULL, 'Salio', 1144128106),
(75, '2022-07-25 07:44:25', '2022-07-28 16:55:40', NULL, 'Salio', 1144128106),
(76, '2022-07-25 07:44:28', '2022-07-25 16:33:07', NULL, 'Salio', 1126624391),
(77, '2022-07-25 07:45:14', '2022-07-28 16:54:01', NULL, 'Salio', 1083866609),
(78, '2022-07-25 07:46:41', '2022-07-25 16:33:07', NULL, 'Salio', 83215970),
(79, '2022-07-25 07:47:05', '2022-07-28 17:05:54', NULL, 'Salio', 1083913626),
(80, '2022-07-25 07:47:23', '2022-07-25 16:33:07', NULL, 'Salio', 12240483),
(81, '2022-07-25 07:47:34', '2022-07-28 16:51:45', NULL, 'Salio', 1083868191),
(82, '2022-07-25 07:48:03', '2022-07-28 17:01:45', NULL, 'Salio', 1080930754),
(83, '2022-07-25 07:48:08', '2022-07-28 17:02:17', NULL, 'Salio', 1083864224),
(84, '2022-07-25 07:48:13', '2022-07-27 13:27:06', NULL, 'Salio', 1004443143),
(85, '2022-07-25 07:49:07', '2022-07-29 13:35:58', NULL, 'Salio', 1084330581),
(86, '2022-07-25 07:49:15', '2022-07-28 17:05:37', NULL, 'Salio', 1080930505),
(87, '2022-07-25 07:49:26', '2022-07-28 16:53:37', NULL, 'Salio', 1004418358),
(88, '2022-07-25 07:49:32', '2022-07-28 16:57:06', NULL, 'Salio', 1084867845),
(89, '2022-07-25 07:50:00', '2022-07-28 16:58:14', NULL, 'Salio', 1004033848),
(90, '2022-07-25 07:50:07', '2022-07-28 17:02:20', NULL, 'Salio', 1004446691),
(91, '2022-07-25 07:50:11', '2022-07-25 16:33:07', NULL, 'Salio', 1078746992),
(92, '2022-07-25 07:50:21', '2022-07-25 16:33:07', NULL, 'Salio', 1007163863),
(93, '2022-07-25 07:50:25', '2022-07-25 16:33:07', NULL, 'Salio', 1004266866),
(94, '2022-07-25 07:50:33', '2022-07-28 17:02:08', NULL, 'Salio', 1121326596),
(95, '2022-07-25 07:50:47', '2022-07-28 16:55:01', NULL, 'Salio', 1080931418),
(96, '2022-07-25 07:51:09', '2022-07-28 17:06:51', NULL, 'Salio', 1007411698),
(97, '2022-07-25 07:51:15', '2022-07-25 16:33:07', NULL, 'Salio', 36067295),
(98, '2022-07-25 07:51:20', '2022-07-28 17:12:41', NULL, 'Salio', 83040450),
(99, '2022-07-25 07:51:56', '2022-07-26 08:00:49', NULL, 'Salio', 1083927587),
(100, '2022-07-25 07:52:06', '2022-07-25 16:33:07', NULL, 'Salio', 1004034070),
(101, '2022-07-25 07:52:09', '2022-07-28 17:03:20', NULL, 'Salio', 8127163),
(102, '2022-07-25 07:53:15', '2022-07-25 16:33:07', NULL, 'Salio', 1083928882),
(103, '2022-07-25 07:53:19', '2022-07-25 16:33:07', NULL, 'Salio', 1083916034),
(104, '2022-07-25 07:53:25', '2022-07-25 12:34:11', NULL, 'Salio', 7724144),
(105, '2022-07-25 07:53:36', '2022-07-28 16:49:43', NULL, 'Salio', 1007258878),
(106, '2022-07-25 07:53:44', '2022-07-28 17:00:11', NULL, 'Salio', 1083864186),
(107, '2022-07-25 07:54:02', '2022-07-28 17:01:19', NULL, 'Salio', 1077843011),
(108, '2022-07-25 07:54:15', '2022-07-25 16:33:07', NULL, 'Salio', 4179870),
(109, '2022-07-25 07:55:14', '2022-07-28 16:55:43', NULL, 'Salio', 1082154540),
(110, '2022-07-25 07:55:35', '2022-07-25 16:33:07', NULL, 'Salio', 1083868624),
(111, '2022-07-25 07:55:39', '2022-07-25 16:33:07', NULL, 'Salio', 52213350),
(112, '2022-07-25 07:56:00', '2022-07-25 16:33:07', NULL, 'Salio', 1079534248),
(113, '2022-07-25 07:56:29', '2022-07-28 17:12:45', NULL, 'Salio', 36285127),
(114, '2022-07-25 07:56:34', '2022-07-28 16:49:32', NULL, 'Salio', 1007163116),
(115, '2022-07-25 07:57:03', '2022-07-28 17:02:40', NULL, 'Salio', 1083984162),
(116, '2022-07-25 07:57:13', '2022-07-28 17:05:06', NULL, 'Salio', 1084330630),
(117, '2022-07-25 07:57:21', '2022-07-25 16:33:07', NULL, 'Salio', 1083867339),
(118, '2022-07-25 07:57:25', '2022-07-25 16:33:07', NULL, 'Salio', 1083868782),
(119, '2022-07-25 07:57:42', '2022-07-25 16:33:07', NULL, 'Salio', 80024505),
(120, '2022-07-25 07:58:14', '2022-07-25 16:33:07', NULL, 'Salio', 1110492490),
(121, '2022-07-25 07:58:33', '2022-07-25 16:33:07', NULL, 'Salio', 1083878528),
(122, '2022-07-25 07:58:39', '2022-07-25 16:33:07', NULL, 'Salio', 1083865542),
(123, '2022-07-25 07:58:42', '2022-07-25 16:33:07', NULL, 'Salio', 1006343815),
(124, '2022-07-25 07:58:48', '2022-07-25 16:33:07', NULL, 'Salio', 1083984421),
(125, '2022-07-25 07:58:56', '2022-07-29 13:39:53', NULL, 'Salio', 1084330391),
(126, '2022-07-25 07:59:14', '2022-07-25 16:33:07', NULL, 'Salio', 1061707811),
(127, '2022-07-25 07:59:21', '2022-07-29 13:29:42', NULL, 'Salio', 1077846310),
(128, '2022-07-25 07:59:25', '2022-07-25 16:33:07', NULL, 'Salio', 1081394466),
(129, '2022-07-25 08:00:05', '2022-07-25 16:33:07', NULL, 'Salio', 1007248979),
(130, '2022-07-25 08:00:10', '2022-07-25 16:33:07', NULL, 'Salio', 1007163257),
(131, '2022-07-25 08:01:07', '2022-07-28 16:49:26', NULL, 'Salio', 1084251175),
(132, '2022-07-25 08:01:40', '2022-07-28 16:51:28', NULL, 'Salio', 80843912),
(133, '2022-07-25 08:03:11', '2022-07-28 16:53:33', NULL, 'Salio', 1084330285),
(134, '2022-07-25 08:04:12', '2022-07-28 17:00:31', NULL, 'Salio', 1007431093),
(135, '2022-07-25 08:04:30', '2022-07-25 16:33:07', NULL, 'Salio', 1083898287),
(136, '2022-07-25 08:04:40', '2022-07-28 16:49:23', NULL, 'Salio', 1004441291),
(137, '2022-07-25 08:05:01', '2022-07-25 16:33:07', NULL, 'Salio', 1084330977),
(138, '2022-07-25 08:05:25', '2022-07-28 17:00:47', NULL, 'Salio', 1083864021),
(139, '2022-07-25 08:05:28', '2022-07-28 16:56:11', NULL, 'Salio', 1004208883),
(140, '2022-07-25 08:05:33', '2022-07-28 16:57:56', NULL, 'Salio', 1004440891),
(141, '2022-07-25 08:05:38', '2022-07-29 13:15:14', NULL, 'Salio', 1083984132),
(142, '2022-07-25 08:05:42', '2022-07-29 13:15:17', NULL, 'Salio', 1087789576),
(143, '2022-07-25 08:06:07', '2022-07-25 16:33:07', NULL, 'Salio', 1083864892),
(144, '2022-07-25 08:06:10', '2022-07-25 16:33:07', NULL, 'Salio', 1079508964),
(145, '2022-07-25 08:06:16', '2022-07-28 17:04:13', NULL, 'Salio', 1006484745),
(146, '2022-07-25 08:06:58', '2022-07-28 17:02:12', NULL, 'Salio', 1007695751),
(147, '2022-07-25 08:07:16', '2022-07-28 17:01:33', NULL, 'Salio', 1004083241),
(148, '2022-07-25 08:07:21', '2022-07-28 17:01:06', NULL, 'Salio', 1079534328),
(149, '2022-07-25 08:07:26', '2022-07-28 16:53:03', NULL, 'Salio', 1004159018),
(150, '2022-07-25 08:07:31', '2022-07-25 16:33:07', NULL, 'Salio', 1084251369),
(151, '2022-07-25 08:07:41', '2022-07-25 16:33:07', NULL, 'Salio', 1080930844),
(152, '2022-07-25 08:08:17', '2022-07-28 17:06:26', NULL, 'Salio', 1083984054),
(153, '2022-07-25 08:10:28', '2022-07-25 13:07:17', NULL, 'Salio', 1004442867),
(154, '2022-07-25 08:10:35', '2022-07-28 17:00:35', NULL, 'Salio', 1010078490),
(155, '2022-07-25 08:10:41', '2022-07-29 08:04:48', NULL, 'Salio', 1013102575),
(156, '2022-07-25 08:10:45', '2022-07-28 16:57:41', NULL, 'Salio', 1004418676),
(157, '2022-07-25 08:11:04', '2022-07-28 16:56:38', NULL, 'Salio', 1064186829),
(158, '2022-07-25 08:11:30', '2022-07-25 16:33:07', NULL, 'Salio', 1058962010),
(159, '2022-07-25 08:11:39', '2022-07-29 13:29:33', NULL, 'Salio', 1080930880),
(160, '2022-07-25 08:11:51', '2022-07-28 17:00:17', NULL, 'Salio', 1078746631),
(161, '2022-07-25 08:12:01', '2022-07-25 16:33:07', NULL, 'Salio', 1083865710),
(162, '2022-07-25 08:12:08', '2022-07-28 16:59:22', NULL, 'Salio', 1004446406),
(163, '2022-07-25 08:12:13', '2022-07-25 16:33:07', NULL, 'Salio', 1083864132),
(164, '2022-07-25 08:12:20', '2022-07-25 16:33:07', NULL, 'Salio', 1083886191),
(165, '2022-07-25 08:12:40', '2022-07-28 17:00:51', NULL, 'Salio', 1078746522),
(166, '2022-07-25 08:13:40', '2022-07-25 16:33:07', NULL, 'Salio', 1082773003),
(167, '2022-07-25 08:13:52', '2022-07-28 08:16:11', NULL, 'Salio', 7731793),
(168, '2022-07-25 08:14:04', '2022-07-28 16:50:48', NULL, 'Salio', 1060296006),
(169, '2022-07-25 08:14:16', '2022-07-28 16:55:53', NULL, 'Salio', 1084330210),
(170, '2022-07-25 08:14:22', '2022-07-28 16:56:02', NULL, 'Salio', 1080930325),
(171, '2022-07-25 08:14:28', '2022-07-28 16:59:43', NULL, 'Salio', 1080930251),
(172, '2022-07-25 08:14:36', '2022-07-28 17:05:30', NULL, 'Salio', 1004209099),
(173, '2022-07-25 08:15:21', '2022-07-28 17:04:07', NULL, 'Salio', 1006515089),
(174, '2022-07-25 08:15:35', '2022-07-28 17:06:05', NULL, 'Salio', 1004033606),
(175, '2022-07-25 08:15:51', '2022-07-28 17:04:46', NULL, 'Salio', 1007750715),
(176, '2022-07-25 08:15:57', '2022-07-28 17:06:00', NULL, 'Salio', 1083870026),
(177, '2022-07-25 08:16:35', '2022-07-28 17:04:23', NULL, 'Salio', 1003809090),
(178, '2022-07-25 08:17:11', '2022-07-28 17:04:28', NULL, 'Salio', 1004155543),
(179, '2022-07-25 08:17:15', '2022-07-28 16:57:52', NULL, 'Salio', 1080290286),
(180, '2022-07-25 08:17:34', '2022-07-25 16:33:07', NULL, 'Salio', 1083874139),
(181, '2022-07-25 08:17:38', '2022-07-25 16:33:07', NULL, 'Salio', 1007502778),
(182, '2022-07-25 08:17:52', '2022-07-25 16:33:07', NULL, 'Salio', 1077858481),
(183, '2022-07-25 08:18:17', '2022-07-25 16:33:07', NULL, 'Salio', 36287662),
(184, '2022-07-25 08:18:26', '2022-07-29 13:47:59', NULL, 'Salio', 1015474815),
(185, '2022-07-25 08:18:45', '2022-07-25 16:33:07', NULL, 'Salio', 83090551),
(186, '2022-07-25 08:19:33', '2022-07-25 16:33:07', NULL, 'Salio', 1081728132),
(187, '2022-07-25 08:19:38', '2022-07-25 16:33:07', NULL, 'Salio', 1007587139),
(188, '2022-07-25 08:21:17', '2022-07-29 08:00:49', NULL, 'Salio', 1000066632),
(189, '2022-07-25 08:21:21', '2022-07-28 17:00:55', NULL, 'Salio', 1083864335),
(190, '2022-07-25 08:21:40', '2022-07-28 17:03:33', NULL, 'Salio', 1125179600),
(191, '2022-07-25 08:23:47', '2022-07-28 17:00:42', NULL, 'Salio', 1083864129),
(192, '2022-07-25 08:24:14', '2022-07-25 16:33:07', NULL, 'Salio', 1004034543),
(193, '2022-07-25 08:26:50', '2022-07-29 13:39:10', NULL, 'Salio', 1007163028),
(194, '2022-07-25 08:26:57', '2022-07-29 13:39:17', NULL, 'Salio', 1084250082),
(195, '2022-07-25 08:32:43', '2022-07-25 16:33:07', NULL, 'Salio', 1083883612),
(196, '2022-07-25 08:32:54', '2022-07-25 16:33:07', NULL, 'Salio', 1007745330),
(197, '2022-07-25 08:39:16', '2022-07-25 16:33:07', NULL, 'Salio', 1084900947),
(198, '2022-07-25 08:39:22', '2022-07-25 16:33:07', NULL, 'Salio', 1083869142),
(199, '2022-07-25 08:40:48', '2022-07-28 16:58:19', NULL, 'Salio', 1083921165),
(200, '2022-07-25 08:41:34', '2022-07-25 16:33:07', NULL, 'Salio', 1079534283),
(201, '2022-07-25 08:43:15', '2022-07-25 08:50:45', NULL, 'Salio', 1007576011),
(202, '2022-07-25 08:43:53', '2022-07-25 16:33:07', NULL, 'Salio', 83041140),
(203, '2022-07-25 08:47:48', '2022-07-25 16:33:07', NULL, 'Salio', 1082124321),
(204, '2022-07-25 08:48:33', '2022-07-27 13:26:41', NULL, 'Salio', 1084330817),
(205, '2022-07-25 08:48:50', '2022-07-28 07:00:53', NULL, 'Salio', 1025522425),
(206, '2022-07-25 08:50:03', '2022-07-25 16:33:07', NULL, 'Salio', 36287672),
(207, '2022-07-25 08:54:00', '2022-07-25 16:33:07', NULL, 'Salio', 1083896548),
(208, '2022-07-25 08:57:31', '2022-07-25 12:32:24', NULL, 'Salio', 1080183795),
(209, '2022-07-25 12:20:56', '2022-07-28 16:51:14', NULL, 'Salio', 1007392979),
(210, '2022-07-25 12:50:10', '2022-07-28 17:03:13', NULL, 'Salio', 1083864205),
(211, '2022-07-25 12:50:23', '2022-07-28 17:03:25', NULL, 'Salio', 1000217227),
(212, '2022-07-25 12:50:33', '2022-07-28 17:03:28', NULL, 'Salio', 1007475186),
(213, '2022-07-25 12:51:05', '2022-07-25 16:33:07', NULL, 'Salio', 1115940596),
(214, '2022-07-25 12:51:31', '2022-07-29 12:55:03', NULL, 'Salio', 1193100658),
(215, '2022-07-25 12:51:45', '2022-07-29 12:55:30', NULL, 'Salio', 1003828830),
(216, '2022-07-25 12:51:49', '2022-07-25 16:33:07', NULL, 'Salio', 1080930518),
(217, '2022-07-25 12:52:09', '2022-07-25 16:33:07', NULL, 'Salio', 1083899474),
(218, '2022-07-25 12:52:21', '2022-07-25 16:33:07', NULL, 'Salio', 1021312788),
(219, '2022-07-25 12:52:34', '2022-07-25 16:33:07', NULL, 'Salio', 1081592359),
(220, '2022-07-25 12:54:05', '2022-07-28 16:57:29', NULL, 'Salio', 1144625759),
(221, '2022-07-25 12:54:48', '2022-07-25 16:33:07', NULL, 'Salio', 1007359756),
(222, '2022-07-25 12:55:12', '2022-07-25 16:33:07', NULL, 'Salio', 1004446738),
(223, '2022-07-25 12:58:15', '2022-07-25 16:33:07', NULL, 'Salio', 1007600279),
(224, '2022-07-25 12:58:26', '2022-07-25 16:33:07', NULL, 'Salio', 1193352609),
(225, '2022-07-25 12:58:47', '2022-07-25 16:33:07', NULL, 'Salio', 1083899583),
(226, '2022-07-25 12:58:59', '2022-07-25 16:33:07', NULL, 'Salio', 1004472698),
(227, '2022-07-25 12:59:13', '2022-07-29 13:04:33', NULL, 'Salio', 1083984005),
(228, '2022-07-25 12:59:23', '2022-07-25 16:33:07', NULL, 'Salio', 1004269123),
(229, '2022-07-25 12:59:28', '2022-07-25 16:33:07', NULL, 'Salio', 1083868126),
(230, '2022-07-25 12:59:34', '2022-07-29 12:55:33', NULL, 'Salio', 1079534343),
(231, '2022-07-25 13:00:17', '2022-07-25 16:33:07', NULL, 'Salio', 1083865453),
(232, '2022-07-25 13:01:31', '2022-07-28 17:03:17', NULL, 'Salio', 1084250053),
(233, '2022-07-25 13:02:16', '2022-07-25 16:33:07', NULL, 'Salio', 1007308067),
(234, '2022-07-25 13:02:28', '2022-07-25 16:33:07', NULL, 'Salio', 1004083140),
(235, '2022-07-25 13:02:37', '2022-07-25 16:33:07', NULL, 'Salio', 1007600571),
(236, '2022-07-25 13:02:43', '2022-07-25 16:33:07', NULL, 'Salio', 1007308221),
(237, '2022-07-25 13:02:50', '2022-07-28 16:57:34', NULL, 'Salio', 1081699749),
(238, '2022-07-25 13:03:09', '2022-07-25 16:33:07', NULL, 'Salio', 1004033920),
(239, '2022-07-25 13:04:37', '2022-07-28 17:03:02', NULL, 'Salio', 1084250063),
(240, '2022-07-25 13:04:48', '2022-07-25 16:33:07', NULL, 'Salio', 1004083051),
(241, '2022-07-25 13:05:31', '2022-07-25 16:33:07', NULL, 'Salio', 1084330594),
(242, '2022-07-25 13:06:45', '2022-07-25 16:33:07', NULL, 'Salio', 1000020841),
(243, '2022-07-25 13:08:37', '2022-07-29 13:05:33', NULL, 'Salio', 1083984323),
(244, '2022-07-25 13:08:43', '2022-07-28 16:50:52', NULL, 'Salio', 1083865570),
(245, '2022-07-25 13:09:06', '2022-07-25 16:33:07', NULL, 'Salio', 1007563113),
(246, '2022-07-25 13:09:19', '2022-07-25 16:33:07', NULL, 'Salio', 1076903377),
(247, '2022-07-25 13:12:41', '2022-07-25 16:33:07', NULL, 'Salio', 1006511378),
(248, '2022-07-25 13:12:50', '2022-07-29 12:45:44', NULL, 'Salio', 1083921794),
(249, '2022-07-25 13:13:02', '2022-07-25 16:33:07', NULL, 'Salio', 1079534289),
(250, '2022-07-25 13:26:49', '2022-07-25 16:33:07', NULL, 'Salio', 1013628439),
(251, '2022-07-25 13:30:10', '2022-07-25 16:33:07', NULL, 'Salio', 1006093869),
(252, '2022-07-25 13:32:09', '2022-07-25 16:33:07', NULL, 'Salio', 1004440257),
(253, '2022-07-25 13:34:44', '2022-07-25 16:33:07', NULL, 'Salio', 1117508100),
(254, '2022-07-26 06:41:26', '2022-07-26 14:21:32', NULL, 'Salio', 96361787),
(255, '2022-07-26 06:44:45', '2022-07-26 08:04:52', NULL, 'Salio', 55182547),
(256, '2022-07-26 06:46:08', '2022-07-26 08:04:52', NULL, 'Salio', 83212102),
(257, '2022-07-26 06:46:34', '2022-07-27 13:27:06', NULL, 'Salio', 1004443143),
(258, '2022-07-26 06:46:55', '2022-07-26 14:21:45', NULL, 'Salio', 1116912148),
(259, '2022-07-26 06:49:20', '2022-07-26 14:20:55', NULL, 'Salio', 1006947348),
(260, '2022-07-26 06:49:43', '2022-07-28 17:06:51', NULL, 'Salio', 1007411698),
(261, '2022-07-26 06:50:12', '2022-07-26 08:04:52', NULL, 'Salio', 1117484046),
(262, '2022-07-26 06:54:44', '2022-07-26 08:04:52', NULL, 'Salio', 12262605),
(263, '2022-07-26 06:54:50', '2022-07-26 08:04:52', NULL, 'Salio', 1083868130),
(264, '2022-07-26 06:54:54', '2022-07-29 13:21:22', NULL, 'Salio', 1006956707),
(265, '2022-07-26 06:55:00', '2022-07-29 13:23:29', NULL, 'Salio', 1007531657),
(266, '2022-07-26 06:55:07', '2022-07-29 13:17:55', NULL, 'Salio', 1003808338),
(267, '2022-07-26 06:55:16', '2022-07-28 17:03:53', NULL, 'Salio', 52867266),
(268, '2022-07-26 06:55:20', '2022-07-26 08:04:52', NULL, 'Salio', 36290129),
(269, '2022-07-26 06:55:52', '2022-07-26 08:04:52', NULL, 'Salio', 19351420),
(270, '2022-07-26 06:56:10', '2022-07-26 08:04:52', NULL, 'Salio', 1007569115),
(271, '2022-07-26 06:56:20', '2022-07-27 13:27:11', NULL, 'Salio', 1004493117),
(272, '2022-07-26 06:56:35', '2022-07-26 08:04:52', NULL, 'Salio', 1078746506),
(273, '2022-07-26 06:56:43', '2022-07-26 08:04:52', NULL, 'Salio', 1083883393),
(274, '2022-07-26 06:56:54', '2022-07-29 13:23:37', NULL, 'Salio', 1007745216),
(275, '2022-07-26 06:57:05', '2022-07-29 13:14:42', NULL, 'Salio', 1007163437),
(276, '2022-07-26 06:57:14', '2022-07-26 08:04:52', NULL, 'Salio', 1007163826),
(277, '2022-07-26 06:57:22', '2022-07-26 08:04:52', NULL, 'Salio', 1083868207),
(278, '2022-07-26 06:57:32', '2022-07-27 06:58:18', NULL, 'Salio', 1007587211),
(279, '2022-07-26 06:57:42', '2022-07-27 13:26:26', NULL, 'Salio', 1083866437),
(280, '2022-07-26 06:57:47', '2022-07-26 08:04:52', NULL, 'Salio', 1012328451),
(281, '2022-07-26 06:57:52', '2022-07-26 08:04:52', NULL, 'Salio', 1082124011),
(282, '2022-07-26 06:57:58', '2022-07-26 08:04:52', NULL, 'Salio', 1031642349),
(283, '2022-07-26 06:58:00', '2022-07-26 08:04:52', NULL, 'Salio', 36285268),
(284, '2022-07-26 06:58:04', '2022-07-29 13:35:58', NULL, 'Salio', 1084330581),
(285, '2022-07-26 06:58:10', '2022-07-26 08:04:52', NULL, 'Salio', 1000790396),
(286, '2022-07-26 06:58:26', '2022-07-27 13:30:05', NULL, 'Salio', 1083865788),
(287, '2022-07-26 06:58:32', '2022-07-26 08:04:52', NULL, 'Salio', 1083868695),
(288, '2022-07-26 06:58:38', '2022-07-29 12:34:57', NULL, 'Salio', 12265812),
(289, '2022-07-26 06:58:47', '2022-07-28 07:00:53', NULL, 'Salio', 1025522425),
(290, '2022-07-26 06:58:52', '2022-07-27 13:26:41', NULL, 'Salio', 1084330817),
(291, '2022-07-26 06:59:33', '2022-07-26 08:04:52', NULL, 'Salio', 12265488),
(292, '2022-07-26 07:00:40', '2022-07-26 08:04:52', NULL, 'Salio', 1004440429),
(293, '2022-07-26 07:01:33', '2022-07-26 08:04:52', NULL, 'Salio', 1007502651),
(294, '2022-07-26 07:02:18', '2022-07-27 13:29:47', NULL, 'Salio', 1015994112),
(295, '2022-07-26 07:03:03', '2022-07-26 08:04:52', NULL, 'Salio', 1004440496),
(296, '2022-07-26 07:03:24', '2022-07-28 17:06:26', NULL, 'Salio', 1083984054),
(297, '2022-07-26 07:03:32', '2022-07-26 08:04:52', NULL, 'Salio', 1082773003),
(298, '2022-07-26 07:04:08', '2022-07-27 13:27:47', NULL, 'Salio', 1005706529),
(299, '2022-07-26 07:05:10', '2022-07-26 08:04:52', NULL, 'Salio', 1004442716),
(300, '2022-07-26 07:05:14', '2022-07-26 08:04:52', NULL, 'Salio', 1004251310),
(301, '2022-07-26 07:05:37', '2022-07-26 08:04:52', NULL, 'Salio', 1079534335),
(302, '2022-07-26 07:05:55', '2022-07-29 13:15:17', NULL, 'Salio', 1087789576),
(303, '2022-07-26 07:06:00', '2022-07-29 13:15:14', NULL, 'Salio', 1083984132),
(304, '2022-07-26 07:06:13', '2022-07-26 08:04:52', NULL, 'Salio', 1083907806),
(305, '2022-07-26 07:06:17', '2022-07-27 13:26:32', NULL, 'Salio', 1084251327),
(306, '2022-07-26 07:06:25', '2022-07-26 08:04:52', NULL, 'Salio', 1003993956),
(307, '2022-07-26 07:06:42', '2022-07-26 08:04:52', NULL, 'Salio', 1083919421),
(308, '2022-07-26 07:06:53', '2022-07-26 08:04:52', NULL, 'Salio', 1083899583),
(309, '2022-07-26 07:12:46', '2022-07-26 08:04:52', NULL, 'Salio', 1117523736),
(310, '2022-07-26 07:14:50', '2022-07-26 08:04:52', NULL, 'Salio', 1083865757),
(311, '2022-07-26 07:16:15', '2022-07-29 13:05:11', NULL, 'Salio', 1004083573),
(312, '2022-07-26 07:23:12', '2022-07-26 08:04:52', NULL, 'Salio', 15814425),
(313, '2022-07-26 07:26:14', '2022-07-26 08:04:52', NULL, 'Salio', 1004446215),
(314, '2022-07-26 07:26:25', '2022-07-26 08:04:52', NULL, 'Salio', 1007163863),
(315, '2022-07-26 07:26:29', '2022-07-28 17:02:20', NULL, 'Salio', 1004446691),
(316, '2022-07-26 07:26:40', '2022-07-28 17:01:02', NULL, 'Salio', 1004300615),
(317, '2022-07-26 07:27:03', '2022-07-28 16:58:07', NULL, 'Salio', 1004269773),
(318, '2022-07-26 07:27:16', '2022-07-26 08:04:52', NULL, 'Salio', 1004266866),
(319, '2022-07-26 07:27:26', '2022-07-28 16:58:10', NULL, 'Salio', 1003809079),
(320, '2022-07-26 07:27:33', '2022-07-29 13:05:40', NULL, 'Salio', 1007431193),
(321, '2022-07-26 07:27:41', '2022-07-28 17:04:02', NULL, 'Salio', 1003587606),
(322, '2022-07-26 07:27:59', '2022-07-28 17:05:26', NULL, 'Salio', 1089478152),
(323, '2022-07-26 07:28:05', '2022-07-28 17:05:06', NULL, 'Salio', 1084330630),
(324, '2022-07-26 07:28:12', '2022-07-26 07:28:12', NULL, 'Salio', 1083897794),
(325, '2022-07-26 07:28:17', '2022-07-26 08:04:52', NULL, 'Salio', 1083897794),
(326, '2022-07-26 07:31:07', '2022-07-28 16:57:00', NULL, 'Salio', 1004209716),
(327, '2022-07-26 07:31:52', '2022-07-28 16:49:51', NULL, 'Salio', 1081699723),
(328, '2022-07-26 07:33:56', '2022-07-28 16:51:06', NULL, 'Salio', 1083984147),
(329, '2022-07-26 07:35:05', '2022-07-29 13:21:10', NULL, 'Salio', 1004492809),
(330, '2022-07-26 07:35:39', '2022-07-26 08:04:52', NULL, 'Salio', 36180414),
(331, '2022-07-26 07:35:43', '2022-07-26 08:04:52', NULL, 'Salio', 36277903),
(332, '2022-07-26 07:39:27', '2022-07-28 16:56:19', NULL, 'Salio', 1084251671),
(333, '2022-07-26 07:40:31', '2022-07-26 08:04:52', NULL, 'Salio', 1080183795),
(334, '2022-07-26 07:41:54', '2022-07-26 08:04:52', NULL, 'Salio', 8304357),
(335, '2022-07-26 07:42:06', '2022-07-26 08:04:52', NULL, 'Salio', 83258540),
(336, '2022-07-26 07:43:11', '2022-07-26 08:04:52', NULL, 'Salio', 1007563110),
(337, '2022-07-26 07:45:11', '2022-07-28 17:05:54', NULL, 'Salio', 1083913626),
(338, '2022-07-26 07:45:41', '2022-07-28 16:51:45', NULL, 'Salio', 1083868191),
(339, '2022-07-26 07:46:03', '2022-07-28 17:01:45', NULL, 'Salio', 1080930754),
(340, '2022-07-26 07:46:14', '2022-07-26 08:04:52', NULL, 'Salio', 1126624391),
(341, '2022-07-26 07:46:19', '2022-07-26 08:04:52', NULL, 'Salio', 1083916034),
(342, '2022-07-26 07:46:24', '2022-07-26 08:04:52', NULL, 'Salio', 7724144),
(343, '2022-07-26 07:46:33', '2022-07-28 16:51:01', NULL, 'Salio', 1084251626),
(344, '2022-07-26 07:46:40', '2022-07-28 17:00:17', NULL, 'Salio', 1078746631),
(345, '2022-07-26 07:47:23', '2022-07-28 17:05:20', NULL, 'Salio', 1004083428),
(346, '2022-07-26 07:48:11', '2022-07-28 16:51:24', NULL, 'Salio', 1058963269),
(347, '2022-07-26 07:48:51', '2022-07-28 17:11:55', NULL, 'Salio', 1083928678),
(348, '2022-07-26 07:49:20', '2022-07-26 08:04:52', NULL, 'Salio', 1083864249),
(349, '2022-07-26 07:49:36', '2022-07-26 08:04:52', NULL, 'Salio', 1079534248),
(350, '2022-07-26 07:50:03', '2022-07-26 08:04:52', NULL, 'Salio', 83215970),
(351, '2022-07-26 07:50:09', '2022-07-28 17:12:41', NULL, 'Salio', 83040450),
(352, '2022-07-26 07:50:17', '2022-07-28 17:12:45', NULL, 'Salio', 36285127),
(353, '2022-07-26 07:50:33', '2022-07-28 17:00:47', NULL, 'Salio', 1083864021),
(354, '2022-07-26 07:51:03', '2022-07-26 08:04:52', NULL, 'Salio', 1078746551),
(355, '2022-07-26 07:51:12', '2022-07-26 08:04:52', NULL, 'Salio', 1078746992),
(356, '2022-07-26 07:51:18', '2022-07-26 08:04:52', NULL, 'Salio', 1061707811),
(357, '2022-07-26 07:51:22', '2022-07-28 16:49:23', NULL, 'Salio', 1004441291),
(358, '2022-07-26 07:51:27', '2022-07-26 08:04:52', NULL, 'Salio', 1083900614),
(359, '2022-07-26 07:51:32', '2022-07-28 16:56:11', NULL, 'Salio', 1004208883),
(360, '2022-07-26 07:51:36', '2022-07-26 08:04:52', NULL, 'Salio', 1007600715),
(361, '2022-07-26 07:51:40', '2022-07-28 16:57:06', NULL, 'Salio', 1084867845),
(362, '2022-07-26 07:51:44', '2022-07-28 16:53:37', NULL, 'Salio', 1004418358),
(363, '2022-07-26 07:52:06', '2022-07-28 17:02:03', NULL, 'Salio', 1083866595),
(364, '2022-07-26 07:52:10', '2022-07-28 17:02:17', NULL, 'Salio', 1083864224),
(365, '2022-07-26 07:52:30', '2022-07-28 16:51:14', NULL, 'Salio', 1007392979),
(366, '2022-07-26 07:52:48', '2022-07-28 16:51:37', NULL, 'Salio', 1004034435),
(367, '2022-07-26 07:52:58', '2022-07-28 17:00:58', NULL, 'Salio', 1004492720),
(368, '2022-07-26 07:53:01', '2022-07-28 16:55:01', NULL, 'Salio', 1080931418),
(369, '2022-07-26 07:53:04', '2022-07-26 08:04:52', NULL, 'Salio', 1004209154),
(370, '2022-07-26 07:53:09', '2022-07-26 08:04:52', NULL, 'Salio', 1004440089),
(371, '2022-07-26 07:53:13', '2022-07-26 08:04:52', NULL, 'Salio', 1004419101),
(372, '2022-07-26 07:53:21', '2022-07-28 17:00:42', NULL, 'Salio', 1083864129),
(373, '2022-07-26 07:53:25', '2022-07-26 08:04:52', NULL, 'Salio', 1081728132),
(374, '2022-07-26 07:53:39', '2022-07-28 16:58:14', NULL, 'Salio', 1004033848),
(375, '2022-07-26 07:53:46', '2022-07-28 17:02:08', NULL, 'Salio', 1121326596),
(376, '2022-07-26 07:53:52', '2022-07-28 17:02:12', NULL, 'Salio', 1007695751),
(377, '2022-07-26 07:53:58', '2022-07-28 17:04:07', NULL, 'Salio', 1006515089),
(378, '2022-07-26 07:54:03', '2022-07-28 16:59:59', NULL, 'Salio', 1079175033),
(379, '2022-07-26 07:54:07', '2022-07-28 17:06:05', NULL, 'Salio', 1004033606),
(380, '2022-07-26 07:54:48', '2022-07-26 08:04:52', NULL, 'Salio', 1084251523),
(381, '2022-07-26 07:54:59', '2022-07-26 08:04:52', NULL, 'Salio', 1083868624),
(382, '2022-07-26 07:55:36', '2022-07-28 17:01:33', NULL, 'Salio', 1004083241),
(383, '2022-07-26 07:55:43', '2022-07-26 08:04:52', NULL, 'Salio', 36067295),
(384, '2022-07-26 07:55:53', '2022-07-26 08:04:52', NULL, 'Salio', 1110492490),
(385, '2022-07-26 07:55:59', '2022-07-26 08:04:52', NULL, 'Salio', 1083868724),
(386, '2022-07-26 07:56:12', '2022-07-28 17:01:06', NULL, 'Salio', 1079534328),
(387, '2022-07-26 07:56:21', '2022-07-26 08:04:52', NULL, 'Salio', 1083867339),
(388, '2022-07-26 07:56:25', '2022-07-26 08:04:52', NULL, 'Salio', 1083868782),
(389, '2022-07-26 07:56:43', '2022-07-28 17:04:23', NULL, 'Salio', 1003809090),
(390, '2022-07-26 07:56:52', '2022-07-26 08:04:52', NULL, 'Salio', 1083865542),
(391, '2022-07-26 07:56:55', '2022-07-26 08:04:52', NULL, 'Salio', 1006343815),
(392, '2022-07-26 07:57:33', '2022-07-28 16:49:43', NULL, 'Salio', 1007258878),
(393, '2022-07-26 07:57:42', '2022-07-29 13:12:14', NULL, 'Salio', 1084256890),
(394, '2022-07-26 07:57:47', '2022-07-26 08:04:52', NULL, 'Salio', 1079508964),
(395, '2022-07-26 07:57:52', '2022-07-29 13:30:30', NULL, 'Salio', 19245621),
(396, '2022-07-26 07:57:57', '2022-07-26 08:04:52', NULL, 'Salio', 1004034070),
(397, '2022-07-26 07:58:01', '2022-07-28 08:16:11', NULL, 'Salio', 7731793),
(398, '2022-07-26 07:58:04', '2022-07-29 13:31:17', NULL, 'Salio', 12169668),
(399, '2022-07-26 07:58:09', '2022-07-29 13:31:33', NULL, 'Salio', 12168629),
(400, '2022-07-26 07:58:12', '2022-07-29 13:16:30', NULL, 'Salio', 1084254480),
(401, '2022-07-26 07:58:16', '2022-07-28 16:49:10', NULL, 'Salio', 1084251832),
(402, '2022-07-26 07:58:19', '2022-07-26 08:04:52', NULL, 'Salio', 83090551),
(403, '2022-07-26 07:58:22', '2022-07-26 08:04:52', NULL, 'Salio', 36287662),
(404, '2022-07-26 07:58:27', '2022-07-28 16:49:32', NULL, 'Salio', 1007163116),
(405, '2022-07-26 07:59:03', '2022-07-28 17:04:28', NULL, 'Salio', 1004155543),
(406, '2022-07-26 07:59:15', '2022-07-28 16:59:22', NULL, 'Salio', 1004446406),
(407, '2022-07-26 07:59:22', '2022-07-26 08:04:52', NULL, 'Salio', 11105302),
(408, '2022-07-26 07:59:37', '2022-07-26 08:04:52', NULL, 'Salio', 1083864892),
(409, '2022-07-26 07:59:41', '2022-07-26 08:04:52', NULL, 'Salio', 36287672),
(410, '2022-07-26 07:59:48', '2022-07-26 08:04:52', NULL, 'Salio', 1083984421),
(411, '2022-07-26 07:59:51', '2022-07-29 13:39:53', NULL, 'Salio', 1084330391),
(412, '2022-07-26 07:59:58', '2022-07-28 16:56:38', NULL, 'Salio', 1064186829),
(413, '2022-07-26 08:00:15', '2022-07-28 16:49:26', NULL, 'Salio', 1084251175),
(414, '2022-07-26 08:00:24', '2022-07-26 08:04:52', NULL, 'Salio', 1003819627),
(415, '2022-07-26 08:00:30', '2022-07-28 17:04:13', NULL, 'Salio', 1006484745),
(416, '2022-07-26 08:00:37', '2022-07-26 08:04:52', NULL, 'Salio', 4179870),
(417, '2022-07-26 08:00:41', '2022-07-26 08:04:52', NULL, 'Salio', 1083869142),
(418, '2022-07-26 08:00:47', '2022-07-26 08:00:49', NULL, 'Salio', 1083927587),
(419, '2022-07-26 08:00:55', '2022-07-26 08:04:52', NULL, 'Salio', 1007443930),
(420, '2022-07-26 08:01:01', '2022-07-26 08:04:52', NULL, 'Salio', 1083886191),
(421, '2022-07-26 08:01:06', '2022-07-28 17:00:35', NULL, 'Salio', 1010078490),
(422, '2022-07-26 08:01:11', '2022-07-26 08:04:52', NULL, 'Salio', 1080360131),
(423, '2022-07-26 08:01:18', '2022-07-28 08:19:22', NULL, 'Salio', 1004266092),
(424, '2022-07-26 08:01:22', '2022-07-28 16:55:43', NULL, 'Salio', 1082154540),
(425, '2022-07-26 08:01:30', '2022-07-26 08:04:52', NULL, 'Salio', 1083865710),
(426, '2022-07-26 08:01:34', '2022-07-26 08:04:52', NULL, 'Salio', 1083864132),
(427, '2022-07-26 08:01:37', '2022-07-28 16:55:53', NULL, 'Salio', 1084330210),
(428, '2022-07-26 08:01:47', '2022-07-28 17:00:31', NULL, 'Salio', 1007431093),
(429, '2022-07-26 08:01:57', '2022-07-26 08:04:52', NULL, 'Salio', 1083898287),
(430, '2022-07-26 08:02:03', '2022-07-26 08:04:52', NULL, 'Salio', 1084896445),
(431, '2022-07-26 08:02:07', '2022-07-29 08:04:48', NULL, 'Salio', 1013102575),
(432, '2022-07-26 08:02:12', '2022-07-28 16:57:41', NULL, 'Salio', 1004418676),
(433, '2022-07-26 08:02:15', '2022-07-26 08:04:52', NULL, 'Salio', 1004343648),
(434, '2022-07-26 08:02:19', '2022-07-28 16:51:28', NULL, 'Salio', 80843912),
(435, '2022-07-26 08:02:59', '2022-07-26 08:04:52', NULL, 'Salio', 83041505),
(436, '2022-07-26 08:03:21', '2022-07-28 16:53:33', NULL, 'Salio', 1084330285),
(437, '2022-07-26 08:04:02', '2022-07-26 08:04:52', NULL, 'Salio', 12240483),
(438, '2022-07-26 08:05:47', '2022-07-28 17:10:09', NULL, 'Salio', 1004418272),
(439, '2022-07-26 08:05:52', '2022-07-28 17:03:20', NULL, 'Salio', 8127163),
(440, '2022-07-26 08:05:57', '2022-07-28 17:02:56', NULL, 'Salio', 83044206),
(441, '2022-07-26 08:06:13', '2022-07-26 16:31:25', NULL, 'Salio', 1004269111),
(442, '2022-07-26 08:07:03', '2022-07-26 16:31:25', NULL, 'Salio', 6030646),
(443, '2022-07-26 08:07:34', '2022-07-26 16:31:25', NULL, 'Salio', 1007248979),
(444, '2022-07-26 08:07:57', '2022-07-29 13:29:33', NULL, 'Salio', 1080930880),
(445, '2022-07-26 08:08:50', '2022-07-26 16:31:25', NULL, 'Salio', 1007194201),
(446, '2022-07-26 08:09:01', '2022-07-29 13:29:42', NULL, 'Salio', 1077846310),
(447, '2022-07-26 08:09:05', '2022-07-26 16:31:25', NULL, 'Salio', 1083878528),
(448, '2022-07-26 08:09:09', '2022-07-28 16:53:03', NULL, 'Salio', 1004159018),
(449, '2022-07-26 08:09:13', '2022-07-26 16:31:25', NULL, 'Salio', 1084251369),
(450, '2022-07-26 08:09:59', '2022-07-26 16:31:25', NULL, 'Salio', 1007162967),
(451, '2022-07-26 08:10:59', '2022-07-29 08:00:49', NULL, 'Salio', 1000066632),
(452, '2022-07-26 08:11:04', '2022-07-26 16:31:25', NULL, 'Salio', 1007587139),
(453, '2022-07-26 08:11:09', '2022-07-26 16:31:25', NULL, 'Salio', 1007659333),
(454, '2022-07-26 08:11:15', '2022-07-26 16:31:25', NULL, 'Salio', 1083889514),
(455, '2022-07-26 08:11:18', '2022-07-28 17:04:46', NULL, 'Salio', 1007750715),
(456, '2022-07-26 08:11:23', '2022-07-26 16:31:25', NULL, 'Salio', 1078746654),
(457, '2022-07-26 08:11:42', '2022-07-26 16:31:25', NULL, 'Salio', 1007502778),
(458, '2022-07-26 08:12:19', '2022-07-28 17:03:37', NULL, 'Salio', 1084330340),
(459, '2022-07-26 08:15:08', '2022-07-26 16:31:25', NULL, 'Salio', 1084900947),
(460, '2022-07-26 08:16:07', '2022-07-29 13:39:17', NULL, 'Salio', 1084250082),
(461, '2022-07-26 08:16:38', '2022-07-26 16:31:25', NULL, 'Salio', 1007284898),
(462, '2022-07-26 08:16:59', '2022-07-26 16:31:25', NULL, 'Salio', 1082124321),
(463, '2022-07-26 08:18:26', '2022-07-29 13:47:59', NULL, 'Salio', 1015474815),
(464, '2022-07-26 08:20:20', '2022-07-28 16:50:48', NULL, 'Salio', 1060296006),
(465, '2022-07-26 08:20:33', '2022-07-26 16:31:25', NULL, 'Salio', 1079534283),
(466, '2022-07-26 08:20:40', '2022-07-28 17:02:59', NULL, 'Salio', 1083873820),
(467, '2022-07-26 08:20:46', '2022-07-28 16:59:43', NULL, 'Salio', 1080930251),
(468, '2022-07-26 08:20:52', '2022-07-28 17:05:30', NULL, 'Salio', 1004209099),
(469, '2022-07-26 08:39:16', '2022-07-26 14:21:32', NULL, 'Salio', 96361787),
(470, '2022-07-26 09:00:45', '2022-07-29 13:39:10', NULL, 'Salio', 1007163028),
(471, '2022-07-26 14:20:44', '2022-07-26 14:20:55', NULL, 'Salio', 1006947348),
(472, '2022-07-26 14:21:37', '2022-07-26 16:31:25', NULL, 'Salio', 96361787),
(473, '2022-07-26 14:21:41', '2022-07-26 14:21:45', NULL, 'Salio', 1116912148),
(474, '2022-07-26 14:26:15', '2022-07-28 17:08:27', NULL, 'Salio', 1084330134),
(475, '2022-07-27 06:51:48', '2022-07-27 13:27:06', NULL, 'Salio', 1004443143),
(476, '2022-07-27 06:56:27', '2022-07-29 13:21:10', NULL, 'Salio', 1004492809),
(477, '2022-07-27 06:56:36', '2022-07-27 16:54:57', NULL, 'Salio', 19351420),
(478, '2022-07-27 06:56:53', '2022-07-28 17:03:53', NULL, 'Salio', 52867266),
(479, '2022-07-27 06:57:05', '2022-07-27 16:54:57', NULL, 'Salio', 36290129),
(480, '2022-07-27 06:57:21', '2022-07-27 16:54:57', NULL, 'Salio', 1007417741),
(481, '2022-07-27 06:57:38', '2022-07-27 16:54:57', NULL, 'Salio', 1007163826),
(482, '2022-07-27 06:57:45', '2022-07-27 16:54:57', NULL, 'Salio', 1007569115),
(483, '2022-07-27 06:57:52', '2022-07-27 16:54:57', NULL, 'Salio', 1080930962),
(484, '2022-07-27 06:58:04', '2022-07-27 16:54:57', NULL, 'Salio', 1031642349),
(485, '2022-07-27 06:58:08', '2022-07-27 16:54:57', NULL, 'Salio', 12262605),
(486, '2022-07-27 06:58:16', '2022-07-27 06:58:18', NULL, 'Salio', 1007587211),
(487, '2022-07-27 06:58:41', '2022-07-27 16:54:57', NULL, 'Salio', 1082124011),
(488, '2022-07-27 06:58:53', '2022-07-27 16:54:57', NULL, 'Salio', 1000790396),
(489, '2022-07-27 06:59:02', '2022-07-27 13:26:26', NULL, 'Salio', 1083866437),
(490, '2022-07-27 06:59:17', '2022-07-27 16:54:57', NULL, 'Salio', 1083868207),
(491, '2022-07-27 06:59:35', '2022-07-27 13:26:41', NULL, 'Salio', 1084330817),
(492, '2022-07-27 06:59:39', '2022-07-27 16:54:57', NULL, 'Salio', 1083865757),
(493, '2022-07-27 06:59:47', '2022-07-28 07:00:53', NULL, 'Salio', 1025522425),
(494, '2022-07-27 07:00:05', '2022-07-27 13:30:05', NULL, 'Salio', 1083865788),
(495, '2022-07-27 07:00:16', '2022-07-27 13:27:11', NULL, 'Salio', 1004493117),
(496, '2022-07-27 07:00:24', '2022-07-27 16:54:57', NULL, 'Salio', 1193045173),
(497, '2022-07-27 07:00:30', '2022-07-29 13:23:29', NULL, 'Salio', 1007531657),
(498, '2022-07-27 07:00:34', '2022-07-27 13:29:47', NULL, 'Salio', 1015994112),
(499, '2022-07-27 07:00:40', '2022-07-29 13:23:37', NULL, 'Salio', 1007745216),
(500, '2022-07-27 07:00:45', '2022-07-29 13:17:55', NULL, 'Salio', 1003808338),
(501, '2022-07-27 07:00:59', '2022-07-29 13:14:25', NULL, 'Salio', 1004033754),
(502, '2022-07-27 07:01:06', '2022-07-29 13:14:42', NULL, 'Salio', 1007163437),
(503, '2022-07-27 07:01:16', '2022-07-29 13:21:22', NULL, 'Salio', 1006956707),
(504, '2022-07-27 07:01:22', '2022-07-28 17:06:51', NULL, 'Salio', 1007411698),
(505, '2022-07-27 07:01:35', '2022-07-27 13:27:47', NULL, 'Salio', 1005706529),
(506, '2022-07-27 07:01:41', '2022-07-27 16:54:57', NULL, 'Salio', 1004442716),
(507, '2022-07-27 07:01:48', '2022-07-29 13:15:17', NULL, 'Salio', 1087789576),
(508, '2022-07-27 07:02:02', '2022-07-29 13:15:14', NULL, 'Salio', 1083984132),
(509, '2022-07-27 07:02:12', '2022-07-27 16:54:57', NULL, 'Salio', 1007502651),
(510, '2022-07-27 07:02:45', '2022-07-27 13:26:32', NULL, 'Salio', 1084251327),
(511, '2022-07-27 07:05:35', '2022-07-27 16:54:57', NULL, 'Salio', 96361787),
(512, '2022-07-27 07:05:46', '2022-07-27 16:54:57', NULL, 'Salio', 1006957091),
(513, '2022-07-27 07:06:08', '2022-07-27 16:54:57', NULL, 'Salio', 1004871362),
(514, '2022-07-27 07:08:40', '2022-07-27 16:54:57', NULL, 'Salio', 36285268),
(515, '2022-07-27 07:08:51', '2022-07-27 16:54:57', NULL, 'Salio', 1083883393),
(516, '2022-07-27 07:09:20', '2022-07-27 16:54:57', NULL, 'Salio', 1083899583),
(517, '2022-07-27 07:09:57', '2022-07-27 16:54:57', NULL, 'Salio', 12265488),
(518, '2022-07-27 07:11:25', '2022-07-27 16:54:57', NULL, 'Salio', 1003993956),
(519, '2022-07-27 07:11:54', '2022-07-27 16:54:57', NULL, 'Salio', 1083907806),
(520, '2022-07-27 07:12:19', '2022-07-27 16:54:57', NULL, 'Salio', 1085274950),
(521, '2022-07-27 07:12:41', '2022-07-29 13:14:17', NULL, 'Salio', 1075317893),
(522, '2022-07-27 07:22:44', '2022-07-27 16:54:57', NULL, 'Salio', 1117523736),
(523, '2022-07-27 07:23:33', '2022-07-27 16:54:57', NULL, 'Salio', 15814425),
(524, '2022-07-27 07:27:42', '2022-07-27 16:54:57', NULL, 'Salio', 1080183795),
(525, '2022-07-27 07:28:15', '2022-07-28 17:02:20', NULL, 'Salio', 1004446691),
(526, '2022-07-27 07:28:19', '2022-07-27 16:54:57', NULL, 'Salio', 1007163863),
(527, '2022-07-27 07:28:33', '2022-07-28 17:01:02', NULL, 'Salio', 1004300615),
(528, '2022-07-27 07:28:43', '2022-07-28 17:05:26', NULL, 'Salio', 1089478152),
(529, '2022-07-27 07:29:07', '2022-07-28 16:58:10', NULL, 'Salio', 1003809079),
(530, '2022-07-27 07:31:25', '2022-07-27 16:54:57', NULL, 'Salio', 36277903),
(531, '2022-07-27 07:32:10', '2022-07-28 16:57:00', NULL, 'Salio', 1004209716),
(532, '2022-07-27 07:32:16', '2022-07-27 16:54:57', NULL, 'Salio', 1083868695),
(533, '2022-07-27 07:32:24', '2022-07-28 16:53:37', NULL, 'Salio', 1004418358),
(534, '2022-07-27 07:32:33', '2022-07-27 16:54:57', NULL, 'Salio', 83258540),
(535, '2022-07-27 07:32:37', '2022-07-27 16:54:57', NULL, 'Salio', 1007563110),
(536, '2022-07-27 07:32:43', '2022-07-27 16:54:57', NULL, 'Salio', 1126624391),
(537, '2022-07-27 07:38:02', '2022-07-27 16:54:57', NULL, 'Salio', 1061707811),
(538, '2022-07-27 07:38:13', '2022-07-27 16:54:57', NULL, 'Salio', 52213350),
(539, '2022-07-27 07:42:13', '2022-07-27 16:54:57', NULL, 'Salio', 1004419101),
(540, '2022-07-27 07:42:31', '2022-07-27 16:54:57', NULL, 'Salio', 1083928882),
(541, '2022-07-27 07:43:17', '2022-07-28 16:55:40', NULL, 'Salio', 1144128106),
(542, '2022-07-27 07:43:36', '2022-07-27 16:54:57', NULL, 'Salio', 83215970),
(543, '2022-07-27 07:45:05', '2022-07-28 16:51:19', NULL, 'Salio', 1083984235),
(544, '2022-07-27 07:46:16', '2022-07-28 17:11:55', NULL, 'Salio', 1083928678),
(545, '2022-07-27 07:46:20', '2022-07-28 16:56:11', NULL, 'Salio', 1004208883),
(546, '2022-07-27 07:46:27', '2022-07-27 16:54:57', NULL, 'Salio', 1004266866),
(547, '2022-07-27 07:46:37', '2022-07-28 17:05:37', NULL, 'Salio', 1080930505),
(548, '2022-07-27 07:46:49', '2022-07-28 16:51:37', NULL, 'Salio', 1004034435),
(549, '2022-07-27 07:46:56', '2022-07-28 16:57:06', NULL, 'Salio', 1084867845),
(550, '2022-07-27 07:47:02', '2022-07-27 16:54:57', NULL, 'Salio', 1006487502),
(551, '2022-07-27 07:47:09', '2022-07-28 16:51:09', NULL, 'Salio', 1084896222),
(552, '2022-07-27 07:47:14', '2022-07-28 16:51:14', NULL, 'Salio', 1007392979),
(553, '2022-07-27 07:47:21', '2022-07-28 17:00:58', NULL, 'Salio', 1004492720),
(554, '2022-07-27 07:47:25', '2022-07-27 16:54:57', NULL, 'Salio', 1078746506),
(555, '2022-07-27 07:47:29', '2022-07-28 16:56:19', NULL, 'Salio', 1084251671),
(556, '2022-07-27 07:48:08', '2022-07-27 16:54:57', NULL, 'Salio', 8304357),
(557, '2022-07-27 07:48:41', '2022-07-27 16:54:57', NULL, 'Salio', 1004446215),
(558, '2022-07-27 07:50:26', '2022-07-27 16:54:57', NULL, 'Salio', 12240483),
(559, '2022-07-27 07:51:03', '2022-07-27 16:54:57', NULL, 'Salio', 1117484046),
(560, '2022-07-27 07:51:14', '2022-07-27 16:54:57', NULL, 'Salio', 1078746551),
(561, '2022-07-27 07:51:38', '2022-07-27 16:54:57', NULL, 'Salio', 1085275715),
(562, '2022-07-27 07:51:46', '2022-07-28 16:56:38', NULL, 'Salio', 1064186829),
(563, '2022-07-27 07:51:57', '2022-07-28 16:51:24', NULL, 'Salio', 1058963269),
(564, '2022-07-27 07:52:23', '2022-07-27 16:54:57', NULL, 'Salio', 83090551),
(565, '2022-07-27 07:52:30', '2022-07-27 16:54:57', NULL, 'Salio', 36287662),
(566, '2022-07-27 07:52:45', '2022-07-28 16:51:45', NULL, 'Salio', 1083868191),
(567, '2022-07-27 07:52:59', '2022-07-28 17:02:17', NULL, 'Salio', 1083864224),
(568, '2022-07-27 07:53:11', '2022-07-28 17:01:45', NULL, 'Salio', 1080930754),
(569, '2022-07-27 07:53:27', '2022-07-28 16:49:43', NULL, 'Salio', 1007258878),
(570, '2022-07-27 07:53:39', '2022-07-28 17:02:40', NULL, 'Salio', 1083984162),
(571, '2022-07-27 07:53:48', '2022-07-28 17:05:54', NULL, 'Salio', 1083913626),
(572, '2022-07-27 07:54:13', '2022-07-28 16:49:23', NULL, 'Salio', 1004441291),
(573, '2022-07-27 07:54:19', '2022-07-28 17:00:47', NULL, 'Salio', 1083864021),
(574, '2022-07-27 07:54:28', '2022-07-28 16:51:01', NULL, 'Salio', 1084251626),
(575, '2022-07-27 07:54:39', '2022-07-28 16:49:32', NULL, 'Salio', 1007163116),
(576, '2022-07-27 07:54:41', '2022-07-28 16:49:26', NULL, 'Salio', 1084251175),
(577, '2022-07-27 07:54:50', '2022-07-27 16:54:57', NULL, 'Salio', 1083927587),
(578, '2022-07-27 07:55:08', '2022-07-27 16:54:57', NULL, 'Salio', 1079508964),
(579, '2022-07-27 07:56:07', '2022-07-28 17:03:20', NULL, 'Salio', 8127163),
(580, '2022-07-27 07:56:17', '2022-07-27 16:54:57', NULL, 'Salio', 1083864132),
(581, '2022-07-27 07:56:25', '2022-07-27 16:54:57', NULL, 'Salio', 1083868624),
(582, '2022-07-27 07:56:28', '2022-07-27 16:54:57', NULL, 'Salio', 1083865710),
(583, '2022-07-27 07:56:46', '2022-07-29 13:39:53', NULL, 'Salio', 1084330391),
(584, '2022-07-27 07:56:52', '2022-07-27 16:54:57', NULL, 'Salio', 1083984421),
(585, '2022-07-27 07:56:58', '2022-07-27 16:54:57', NULL, 'Salio', 1083864892),
(586, '2022-07-27 07:57:03', '2022-07-28 17:00:31', NULL, 'Salio', 1007431093),
(587, '2022-07-27 07:57:08', '2022-07-27 16:54:57', NULL, 'Salio', 1083867339),
(588, '2022-07-27 07:57:12', '2022-07-27 16:54:57', NULL, 'Salio', 1083898287),
(589, '2022-07-27 07:57:18', '2022-07-27 16:54:57', NULL, 'Salio', 1083916034),
(590, '2022-07-27 07:57:23', '2022-07-27 16:54:57', NULL, 'Salio', 36287672),
(591, '2022-07-27 07:57:28', '2022-07-28 16:53:33', NULL, 'Salio', 1084330285),
(592, '2022-07-27 07:57:49', '2022-07-28 17:01:06', NULL, 'Salio', 1079534328),
(593, '2022-07-27 07:57:57', '2022-07-27 16:54:57', NULL, 'Salio', 1004343648),
(594, '2022-07-27 07:58:05', '2022-07-28 17:03:37', NULL, 'Salio', 1084330340),
(595, '2022-07-27 07:58:11', '2022-07-27 16:54:57', NULL, 'Salio', 1004251310),
(596, '2022-07-27 07:58:32', '2022-07-27 16:54:57', NULL, 'Salio', 1110492490),
(597, '2022-07-27 07:58:48', '2022-07-27 16:54:57', NULL, 'Salio', 1079534283),
(598, '2022-07-27 07:59:19', '2022-07-27 16:54:57', NULL, 'Salio', 1083864249),
(599, '2022-07-27 07:59:28', '2022-07-27 16:54:57', NULL, 'Salio', 1079534248),
(600, '2022-07-27 07:59:32', '2022-07-28 17:00:51', NULL, 'Salio', 1078746522),
(601, '2022-07-27 07:59:38', '2022-07-28 17:12:41', NULL, 'Salio', 83040450),
(602, '2022-07-27 08:00:05', '2022-07-27 16:54:57', NULL, 'Salio', 12266826),
(603, '2022-07-27 08:00:22', '2022-07-27 16:54:57', NULL, 'Salio', 36067295),
(604, '2022-07-27 08:00:29', '2022-07-27 16:54:57', NULL, 'Salio', 1084251523),
(605, '2022-07-27 08:00:43', '2022-07-27 16:54:57', NULL, 'Salio', 1079534335),
(606, '2022-07-27 08:00:49', '2022-07-27 16:54:57', NULL, 'Salio', 1078746654),
(607, '2022-07-27 08:00:53', '2022-07-28 16:49:10', NULL, 'Salio', 1084251832),
(608, '2022-07-27 08:01:06', '2022-07-29 13:16:30', NULL, 'Salio', 1084254480),
(609, '2022-07-27 08:01:09', '2022-07-29 13:31:09', NULL, 'Salio', 1084254443),
(610, '2022-07-27 08:01:15', '2022-07-29 13:12:14', NULL, 'Salio', 1084256890),
(611, '2022-07-27 08:01:49', '2022-07-28 16:59:22', NULL, 'Salio', 1004446406),
(612, '2022-07-27 08:02:00', '2022-07-28 17:04:28', NULL, 'Salio', 1004155543),
(613, '2022-07-27 08:02:05', '2022-07-28 16:57:52', NULL, 'Salio', 1080290286),
(614, '2022-07-27 08:02:12', '2022-07-28 17:10:09', NULL, 'Salio', 1004418272),
(615, '2022-07-27 08:02:54', '2022-07-29 13:31:33', NULL, 'Salio', 12168629),
(616, '2022-07-27 08:04:25', '2022-07-28 08:16:11', NULL, 'Salio', 7731793),
(617, '2022-07-27 08:06:02', '2022-07-29 13:30:30', NULL, 'Salio', 19245621),
(618, '2022-07-27 08:06:28', '2022-07-27 16:54:57', NULL, 'Salio', 52953392),
(619, '2022-07-27 08:06:50', '2022-07-27 16:54:57', NULL, 'Salio', 83041505),
(620, '2022-07-27 08:06:57', '2022-07-28 17:04:13', NULL, 'Salio', 1006484745),
(621, '2022-07-27 08:07:04', '2022-07-28 17:00:35', NULL, 'Salio', 1010078490),
(622, '2022-07-27 08:07:09', '2022-07-27 16:54:57', NULL, 'Salio', 1004442867),
(623, '2022-07-27 08:08:13', '2022-07-28 17:01:33', NULL, 'Salio', 1004083241),
(624, '2022-07-27 08:08:23', '2022-07-29 08:04:48', NULL, 'Salio', 1013102575),
(625, '2022-07-27 08:08:29', '2022-07-28 16:57:41', NULL, 'Salio', 1004418676),
(626, '2022-07-27 08:08:34', '2022-07-28 17:06:10', NULL, 'Salio', 1083923857),
(627, '2022-07-27 08:08:40', '2022-07-28 16:55:43', NULL, 'Salio', 1082154540),
(628, '2022-07-27 08:08:48', '2022-07-27 16:54:57', NULL, 'Salio', 1080930742),
(629, '2022-07-27 08:08:53', '2022-07-28 08:19:22', NULL, 'Salio', 1004266092),
(630, '2022-07-27 08:09:06', '2022-07-27 16:54:57', NULL, 'Salio', 80024505),
(631, '2022-07-27 08:09:15', '2022-07-27 16:54:57', NULL, 'Salio', 1004440496),
(632, '2022-07-27 08:09:21', '2022-07-28 16:51:28', NULL, 'Salio', 80843912),
(633, '2022-07-27 08:09:31', '2022-07-28 16:50:48', NULL, 'Salio', 1060296006),
(634, '2022-07-27 08:10:18', '2022-07-29 13:39:10', NULL, 'Salio', 1007163028),
(635, '2022-07-27 08:10:28', '2022-07-27 16:54:57', NULL, 'Salio', 1116912148),
(636, '2022-07-27 08:10:35', '2022-07-27 16:54:57', NULL, 'Salio', 1006947348),
(637, '2022-07-27 08:12:59', '2022-07-27 16:54:57', NULL, 'Salio', 1003819627),
(638, '2022-07-27 08:13:06', '2022-07-28 16:53:03', NULL, 'Salio', 1004159018),
(639, '2022-07-27 08:13:20', '2022-07-28 17:04:46', NULL, 'Salio', 1007750715),
(640, '2022-07-27 08:14:37', '2022-07-28 16:57:21', NULL, 'Salio', 1006148286),
(641, '2022-07-27 08:14:49', '2022-07-27 16:54:57', NULL, 'Salio', 1007502778),
(642, '2022-07-27 08:14:55', '2022-07-27 16:54:57', NULL, 'Salio', 1007162967),
(643, '2022-07-27 08:15:22', '2022-07-27 16:54:57', NULL, 'Salio', 1003084761);
INSERT INTO `accesos` (`idacceso`, `fechaingreso`, `fechasalida`, `observacion`, `estado`, `fk_persona`) VALUES
(644, '2022-07-27 08:15:32', '2022-07-28 16:49:55', NULL, 'Salio', 1080260084),
(645, '2022-07-27 08:15:39', '2022-07-28 16:57:56', NULL, 'Salio', 1004440891),
(646, '2022-07-27 08:15:46', '2022-07-27 16:54:57', NULL, 'Salio', 11105302),
(647, '2022-07-27 08:16:33', '2022-07-27 16:54:57', NULL, 'Salio', 1080360131),
(648, '2022-07-27 08:16:40', '2022-07-27 16:54:57', NULL, 'Salio', 1084896445),
(649, '2022-07-27 08:16:52', '2022-07-27 16:54:57', NULL, 'Salio', 1083889514),
(650, '2022-07-27 08:17:11', '2022-07-27 16:54:57', NULL, 'Salio', 1083883612),
(651, '2022-07-27 08:17:32', '2022-07-28 17:05:30', NULL, 'Salio', 1004209099),
(652, '2022-07-27 08:17:52', '2022-07-28 16:59:43', NULL, 'Salio', 1080930251),
(653, '2022-07-27 08:18:02', '2022-07-28 17:04:23', NULL, 'Salio', 1003809090),
(654, '2022-07-27 08:19:21', '2022-07-27 16:54:57', NULL, 'Salio', 1083874139),
(655, '2022-07-27 08:23:39', '2022-07-28 17:06:00', NULL, 'Salio', 1083870026),
(656, '2022-07-27 08:24:10', '2022-07-27 16:54:57', NULL, 'Salio', 1083913251),
(657, '2022-07-27 08:24:49', '2022-07-28 17:02:12', NULL, 'Salio', 1007695751),
(658, '2022-07-27 08:25:45', '2022-07-28 16:49:51', NULL, 'Salio', 1081699723),
(659, '2022-07-27 08:26:25', '2022-07-27 16:54:57', NULL, 'Salio', 1058962010),
(660, '2022-07-27 08:27:35', '2022-07-28 16:56:02', NULL, 'Salio', 1080930325),
(661, '2022-07-27 08:27:48', '2022-07-28 17:02:56', NULL, 'Salio', 83044206),
(662, '2022-07-27 08:28:48', '2022-07-27 16:54:57', NULL, 'Salio', 83043263),
(663, '2022-07-27 08:29:30', '2022-07-28 17:06:26', NULL, 'Salio', 1083984054),
(664, '2022-07-27 08:29:44', '2022-07-27 16:54:57', NULL, 'Salio', 1082773003),
(665, '2022-07-27 13:04:28', '2022-07-28 17:03:17', NULL, 'Salio', 1084250053),
(666, '2022-07-27 13:04:40', '2022-07-29 12:55:08', NULL, 'Salio', 1193566292),
(667, '2022-07-27 13:04:43', '2022-07-29 12:55:33', NULL, 'Salio', 1079534343),
(668, '2022-07-27 13:05:32', '2022-07-27 16:54:57', NULL, 'Salio', 1193352609),
(669, '2022-07-27 13:05:44', '2022-07-27 16:54:57', NULL, 'Salio', 1004472698),
(670, '2022-07-27 13:06:25', '2022-07-27 16:54:57', NULL, 'Salio', 1004269123),
(671, '2022-07-27 13:06:43', '2022-07-28 16:50:52', NULL, 'Salio', 1083865570),
(672, '2022-07-27 13:06:49', '2022-07-29 13:05:33', NULL, 'Salio', 1083984323),
(673, '2022-07-27 13:08:53', '2022-07-27 16:54:57', NULL, 'Salio', 1081592359),
(674, '2022-07-27 13:08:56', '2022-07-27 16:54:57', NULL, 'Salio', 1021312788),
(675, '2022-07-27 13:10:00', '2022-07-28 17:08:27', NULL, 'Salio', 1084330134),
(676, '2022-07-27 13:10:07', '2022-07-28 17:03:02', NULL, 'Salio', 1084250063),
(677, '2022-07-27 13:11:25', '2022-07-28 16:57:34', NULL, 'Salio', 1081699749),
(678, '2022-07-27 13:14:27', '2022-07-28 16:54:27', NULL, 'Salio', 83043177),
(679, '2022-07-27 13:16:05', '2022-07-28 16:54:01', NULL, 'Salio', 1083866609),
(680, '2022-07-27 13:18:18', '2022-07-27 16:54:57', NULL, 'Salio', 1007600571),
(681, '2022-07-27 13:18:22', '2022-07-27 16:54:57', NULL, 'Salio', 1004083140),
(682, '2022-07-27 13:19:12', '2022-07-27 16:54:57', NULL, 'Salio', 1004446590),
(683, '2022-07-27 13:21:56', '2022-07-28 16:54:07', NULL, 'Salio', 1083867708),
(684, '2022-07-27 13:27:15', '2022-07-27 16:54:57', NULL, 'Salio', 1004493117),
(685, '2022-07-27 13:33:40', '2022-07-27 16:54:57', NULL, 'Salio', 1007600279),
(686, '2022-07-27 13:35:24', '2022-07-28 16:54:45', NULL, 'Salio', 12144652),
(687, '2022-07-27 13:41:39', '2022-07-28 17:01:30', NULL, 'Salio', 1007897838),
(688, '2022-07-27 14:05:24', '2022-07-27 16:54:57', NULL, 'Salio', 40781859),
(689, '2022-07-28 06:56:02', '2022-07-28 17:21:12', NULL, 'Salio', 83258540),
(690, '2022-07-28 06:56:22', '2022-07-28 17:21:12', NULL, 'Salio', 1004442716),
(691, '2022-07-28 06:56:59', '2022-07-28 17:21:12', NULL, 'Salio', 1061821721),
(692, '2022-07-28 06:57:15', '2022-07-29 13:17:55', NULL, 'Salio', 1003808338),
(693, '2022-07-28 06:57:42', '2022-07-29 13:14:42', NULL, 'Salio', 1007163437),
(694, '2022-07-28 06:58:09', '2022-07-28 17:03:53', NULL, 'Salio', 52867266),
(695, '2022-07-28 06:58:24', '2022-07-29 13:21:22', NULL, 'Salio', 1006956707),
(696, '2022-07-28 06:58:38', '2022-07-28 17:21:12', NULL, 'Salio', 19351420),
(697, '2022-07-28 06:58:57', '2022-07-29 13:23:29', NULL, 'Salio', 1007531657),
(698, '2022-07-28 06:59:15', '2022-07-28 17:21:12', NULL, 'Salio', 1015994112),
(699, '2022-07-28 06:59:45', '2022-07-28 17:21:12', NULL, 'Salio', 1007569115),
(700, '2022-07-28 07:00:12', '2022-07-29 13:23:37', NULL, 'Salio', 1007745216),
(701, '2022-07-28 07:00:23', '2022-07-28 17:21:12', NULL, 'Salio', 1004493117),
(702, '2022-07-28 07:00:28', '2022-07-28 17:21:12', NULL, 'Salio', 1083865757),
(703, '2022-07-28 07:00:33', '2022-07-28 17:21:12', NULL, 'Salio', 1084330817),
(704, '2022-07-28 07:00:40', '2022-07-28 17:21:12', NULL, 'Salio', 1031642349),
(705, '2022-07-28 07:00:44', '2022-07-28 07:00:53', NULL, 'Salio', 1025522425),
(706, '2022-07-28 07:01:04', '2022-07-29 13:35:58', NULL, 'Salio', 1084330581),
(707, '2022-07-28 07:01:11', '2022-07-28 17:21:12', NULL, 'Salio', 1083883393),
(708, '2022-07-28 07:01:19', '2022-07-28 17:21:12', NULL, 'Salio', 1083868207),
(709, '2022-07-28 07:01:26', '2022-07-28 17:21:12', NULL, 'Salio', 83042722),
(710, '2022-07-28 07:01:30', '2022-07-28 17:21:12', NULL, 'Salio', 1007163826),
(711, '2022-07-28 07:01:38', '2022-07-28 17:21:12', NULL, 'Salio', 1083866437),
(712, '2022-07-28 07:01:54', '2022-07-28 17:21:12', NULL, 'Salio', 36285268),
(713, '2022-07-28 07:02:14', '2022-07-28 17:21:12', NULL, 'Salio', 1083865788),
(714, '2022-07-28 07:03:07', '2022-07-29 13:15:14', NULL, 'Salio', 1083984132),
(715, '2022-07-28 07:03:12', '2022-07-29 13:15:17', NULL, 'Salio', 1087789576),
(716, '2022-07-28 07:03:42', '2022-07-28 17:21:12', NULL, 'Salio', 1006957091),
(717, '2022-07-28 07:05:32', '2022-07-28 17:21:12', NULL, 'Salio', 1005706529),
(718, '2022-07-28 07:06:13', '2022-07-28 17:21:12', NULL, 'Salio', 1006538491),
(719, '2022-07-28 07:06:22', '2022-07-28 17:21:12', NULL, 'Salio', 1007587233),
(720, '2022-07-28 07:06:43', '2022-07-28 17:06:51', NULL, 'Salio', 1007411698),
(721, '2022-07-28 07:07:05', '2022-07-28 17:21:12', NULL, 'Salio', 1007502651),
(722, '2022-07-28 07:07:11', '2022-07-28 17:21:12', NULL, 'Salio', 1083868695),
(723, '2022-07-28 07:07:22', '2022-07-28 17:21:12', NULL, 'Salio', 1004871362),
(724, '2022-07-28 07:07:28', '2022-07-29 13:14:25', NULL, 'Salio', 1004033754),
(725, '2022-07-28 07:07:36', '2022-07-29 13:14:17', NULL, 'Salio', 1075317893),
(726, '2022-07-28 07:07:43', '2022-07-28 17:21:12', NULL, 'Salio', 1084251327),
(727, '2022-07-28 07:11:51', '2022-07-28 17:21:12', NULL, 'Salio', 1082773003),
(728, '2022-07-28 07:14:18', '2022-07-28 17:21:12', NULL, 'Salio', 1083907806),
(729, '2022-07-28 07:14:22', '2022-07-28 17:21:12', NULL, 'Salio', 1003993956),
(730, '2022-07-28 07:15:04', '2022-07-28 17:06:26', NULL, 'Salio', 1083984054),
(731, '2022-07-28 07:19:33', '2022-07-28 17:21:12', NULL, 'Salio', 1117523736),
(732, '2022-07-28 07:22:37', '2022-07-28 17:21:12', NULL, 'Salio', 36277903),
(733, '2022-07-28 07:27:21', '2022-07-28 17:21:12', NULL, 'Salio', 1080183795),
(734, '2022-07-28 07:27:33', '2022-07-28 16:58:07', NULL, 'Salio', 1004269773),
(735, '2022-07-28 07:27:47', '2022-07-28 17:21:12', NULL, 'Salio', 1007751036),
(736, '2022-07-28 07:27:59', '2022-07-28 17:00:11', NULL, 'Salio', 1083864186),
(737, '2022-07-28 07:28:06', '2022-07-28 17:05:06', NULL, 'Salio', 1084330630),
(738, '2022-07-28 07:28:13', '2022-07-28 17:21:12', NULL, 'Salio', 1078746506),
(739, '2022-07-28 07:28:28', '2022-07-28 17:02:20', NULL, 'Salio', 1004446691),
(740, '2022-07-28 07:28:32', '2022-07-28 16:57:00', NULL, 'Salio', 1004209716),
(741, '2022-07-28 07:28:46', '2022-07-28 16:58:10', NULL, 'Salio', 1003809079),
(742, '2022-07-28 07:28:53', '2022-07-28 16:53:37', NULL, 'Salio', 1004418358),
(743, '2022-07-28 07:29:41', '2022-07-28 17:01:02', NULL, 'Salio', 1004300615),
(744, '2022-07-28 07:29:45', '2022-07-28 17:21:12', NULL, 'Salio', 1007163863),
(745, '2022-07-28 07:30:56', '2022-07-28 17:21:12', NULL, 'Salio', 1088944057),
(746, '2022-07-28 07:33:14', '2022-07-28 16:49:51', NULL, 'Salio', 1081699723),
(747, '2022-07-28 07:33:29', '2022-07-28 17:21:12', NULL, 'Salio', 18189740),
(748, '2022-07-28 07:37:30', '2022-07-28 17:21:12', NULL, 'Salio', 1080933375),
(749, '2022-07-28 07:37:37', '2022-07-28 16:49:10', NULL, 'Salio', 1084251832),
(750, '2022-07-28 07:37:42', '2022-07-29 13:30:30', NULL, 'Salio', 19245621),
(751, '2022-07-28 07:37:45', '2022-07-29 13:12:14', NULL, 'Salio', 1084256890),
(752, '2022-07-28 07:37:53', '2022-07-29 13:31:17', NULL, 'Salio', 12169668),
(753, '2022-07-28 07:37:59', '2022-07-28 17:21:12', NULL, 'Salio', 1126624391),
(754, '2022-07-28 07:38:04', '2022-07-28 17:02:08', NULL, 'Salio', 1121326596),
(755, '2022-07-28 07:38:08', '2022-07-29 13:16:30', NULL, 'Salio', 1084254480),
(756, '2022-07-28 07:38:12', '2022-07-28 17:21:12', NULL, 'Salio', 1007563110),
(757, '2022-07-28 07:38:16', '2022-07-29 13:31:09', NULL, 'Salio', 1084254443),
(758, '2022-07-28 07:38:22', '2022-07-29 13:31:33', NULL, 'Salio', 12168629),
(759, '2022-07-28 07:39:02', '2022-07-28 17:21:12', NULL, 'Salio', 15814425),
(760, '2022-07-28 07:40:03', '2022-07-28 17:21:12', NULL, 'Salio', 8304357),
(761, '2022-07-28 07:40:42', '2022-07-28 16:51:06', NULL, 'Salio', 1083984147),
(762, '2022-07-28 07:41:05', '2022-07-28 16:54:01', NULL, 'Salio', 1083866609),
(763, '2022-07-28 07:41:25', '2022-07-28 17:21:12', NULL, 'Salio', 12265488),
(764, '2022-07-28 07:42:11', '2022-07-28 17:21:12', NULL, 'Salio', 1004419101),
(765, '2022-07-28 07:43:28', '2022-07-28 16:56:19', NULL, 'Salio', 1084251671),
(766, '2022-07-28 07:43:39', '2022-07-28 17:21:12', NULL, 'Salio', 6030646),
(767, '2022-07-28 07:45:08', '2022-07-28 16:51:19', NULL, 'Salio', 1083984235),
(768, '2022-07-28 07:46:15', '2022-07-28 17:21:12', NULL, 'Salio', 1007248979),
(769, '2022-07-28 07:46:19', '2022-07-28 17:21:12', NULL, 'Salio', 1083928882),
(770, '2022-07-28 07:46:27', '2022-07-28 17:21:12', NULL, 'Salio', 1007163257),
(771, '2022-07-28 07:46:34', '2022-07-28 17:21:12', NULL, 'Salio', 1004343648),
(772, '2022-07-28 07:46:39', '2022-07-28 17:21:12', NULL, 'Salio', 1083864892),
(773, '2022-07-28 07:47:18', '2022-07-28 16:55:19', NULL, 'Salio', 1006459516),
(774, '2022-07-28 07:47:32', '2022-07-28 17:21:12', NULL, 'Salio', 83215970),
(775, '2022-07-28 07:47:42', '2022-07-28 17:21:12', NULL, 'Salio', 1007587211),
(776, '2022-07-28 07:47:47', '2022-07-28 16:56:11', NULL, 'Salio', 1004208883),
(777, '2022-07-28 07:47:51', '2022-07-28 16:53:53', NULL, 'Salio', 1083871179),
(778, '2022-07-28 07:47:54', '2022-07-28 17:21:12', NULL, 'Salio', 1004266866),
(779, '2022-07-28 07:47:58', '2022-07-28 17:21:12', NULL, 'Salio', 1082124011),
(780, '2022-07-28 07:48:02', '2022-07-28 17:05:37', NULL, 'Salio', 1080930505),
(781, '2022-07-28 07:48:10', '2022-07-28 17:21:12', NULL, 'Salio', 1004446215),
(782, '2022-07-28 07:48:14', '2022-07-28 16:58:14', NULL, 'Salio', 1004033848),
(783, '2022-07-28 07:48:19', '2022-07-28 17:21:12', NULL, 'Salio', 1078746992),
(784, '2022-07-28 07:48:27', '2022-07-28 17:21:12', NULL, 'Salio', 1083984421),
(785, '2022-07-28 07:48:32', '2022-07-28 17:03:25', NULL, 'Salio', 1000217227),
(786, '2022-07-28 07:48:36', '2022-07-28 17:03:28', NULL, 'Salio', 1007475186),
(787, '2022-07-28 07:48:42', '2022-07-28 17:00:58', NULL, 'Salio', 1004492720),
(788, '2022-07-28 07:48:47', '2022-07-28 16:51:14', NULL, 'Salio', 1007392979),
(789, '2022-07-28 07:48:51', '2022-07-28 16:57:06', NULL, 'Salio', 1084867845),
(790, '2022-07-28 07:48:59', '2022-07-28 16:49:23', NULL, 'Salio', 1004441291),
(791, '2022-07-28 07:49:05', '2022-07-28 16:51:09', NULL, 'Salio', 1084896222),
(792, '2022-07-28 07:49:09', '2022-07-28 16:49:26', NULL, 'Salio', 1084251175),
(793, '2022-07-28 07:49:14', '2022-07-28 16:55:40', NULL, 'Salio', 1144128106),
(794, '2022-07-28 07:49:30', '2022-07-28 16:57:29', NULL, 'Salio', 1144625759),
(795, '2022-07-28 07:49:36', '2022-07-28 17:21:12', NULL, 'Salio', 1081728132),
(796, '2022-07-28 07:49:50', '2022-07-28 17:00:55', NULL, 'Salio', 1083864335),
(797, '2022-07-28 07:49:56', '2022-07-28 17:03:33', NULL, 'Salio', 1125179600),
(798, '2022-07-28 07:50:05', '2022-07-28 16:55:34', NULL, 'Salio', 1122722041),
(799, '2022-07-28 07:50:13', '2022-07-28 17:21:12', NULL, 'Salio', 1080930962),
(800, '2022-07-28 07:50:24', '2022-07-29 13:29:22', NULL, 'Salio', 1083866202),
(801, '2022-07-28 07:50:34', '2022-07-28 17:21:12', NULL, 'Salio', 1084257533),
(802, '2022-07-28 07:50:38', '2022-07-28 17:21:12', NULL, 'Salio', 16186627),
(803, '2022-07-28 07:50:46', '2022-07-28 17:21:12', NULL, 'Salio', 36287672),
(804, '2022-07-28 07:50:52', '2022-07-28 17:21:12', NULL, 'Salio', 1084251369),
(805, '2022-07-28 07:52:37', '2022-07-28 17:21:12', NULL, 'Salio', 1083868624),
(806, '2022-07-28 07:52:47', '2022-07-28 16:53:16', NULL, 'Salio', 1007163048),
(807, '2022-07-28 07:52:52', '2022-07-28 16:51:24', NULL, 'Salio', 1058963269),
(808, '2022-07-28 07:52:56', '2022-07-28 17:00:42', NULL, 'Salio', 1083864129),
(809, '2022-07-28 07:53:06', '2022-07-28 17:04:28', NULL, 'Salio', 1004155543),
(810, '2022-07-28 07:53:11', '2022-07-28 16:57:52', NULL, 'Salio', 1080290286),
(811, '2022-07-28 07:53:23', '2022-07-28 17:21:12', NULL, 'Salio', 1004440429),
(812, '2022-07-28 07:53:28', '2022-07-28 17:21:12', NULL, 'Salio', 1004440496),
(813, '2022-07-28 07:53:36', '2022-07-28 17:00:47', NULL, 'Salio', 1083864021),
(814, '2022-07-28 07:53:40', '2022-07-28 17:21:12', NULL, 'Salio', 1085275715),
(815, '2022-07-28 07:53:52', '2022-07-28 17:21:12', NULL, 'Salio', 1083916034),
(816, '2022-07-28 07:54:13', '2022-07-28 17:05:54', NULL, 'Salio', 1083913626),
(817, '2022-07-28 07:54:24', '2022-07-28 17:02:17', NULL, 'Salio', 1083864224),
(818, '2022-07-28 07:54:32', '2022-07-28 17:02:40', NULL, 'Salio', 1083984162),
(819, '2022-07-28 07:54:39', '2022-07-28 17:21:12', NULL, 'Salio', 1078746551),
(820, '2022-07-28 07:54:51', '2022-07-28 16:51:45', NULL, 'Salio', 1083868191),
(821, '2022-07-28 07:55:07', '2022-07-28 17:01:45', NULL, 'Salio', 1080930754),
(822, '2022-07-28 07:55:16', '2022-07-28 17:06:05', NULL, 'Salio', 1004033606),
(823, '2022-07-28 07:55:22', '2022-07-28 17:06:00', NULL, 'Salio', 1083870026),
(824, '2022-07-28 07:55:27', '2022-07-28 16:51:28', NULL, 'Salio', 80843912),
(825, '2022-07-28 07:55:31', '2022-07-28 16:57:41', NULL, 'Salio', 1004418676),
(826, '2022-07-28 07:55:35', '2022-07-28 16:51:01', NULL, 'Salio', 1084251626),
(827, '2022-07-28 07:55:40', '2022-07-29 13:39:53', NULL, 'Salio', 1084330391),
(828, '2022-07-28 07:55:55', '2022-07-28 17:21:12', NULL, 'Salio', 1083867339),
(829, '2022-07-28 07:56:17', '2022-07-28 17:04:13', NULL, 'Salio', 1006484745),
(830, '2022-07-28 07:56:24', '2022-07-28 17:01:33', NULL, 'Salio', 1004083241),
(831, '2022-07-28 07:56:58', '2022-07-28 17:21:12', NULL, 'Salio', 1079508964),
(832, '2022-07-28 07:57:28', '2022-07-28 17:21:12', NULL, 'Salio', 1079534283),
(833, '2022-07-28 07:57:32', '2022-07-28 17:21:12', NULL, 'Salio', 83090551),
(834, '2022-07-28 07:57:38', '2022-07-28 17:21:12', NULL, 'Salio', 80024505),
(835, '2022-07-28 07:57:45', '2022-07-28 17:12:41', NULL, 'Salio', 83040450),
(836, '2022-07-28 07:58:01', '2022-07-28 17:11:55', NULL, 'Salio', 1083928678),
(837, '2022-07-28 07:58:07', '2022-07-28 17:21:12', NULL, 'Salio', 1080930742),
(838, '2022-07-28 07:58:12', '2022-07-28 16:53:11', NULL, 'Salio', 1083866868),
(839, '2022-07-28 07:58:17', '2022-07-29 08:00:49', NULL, 'Salio', 1000066632),
(840, '2022-07-28 07:58:22', '2022-07-28 17:21:12', NULL, 'Salio', 1007587139),
(841, '2022-07-28 07:58:38', '2022-07-28 16:49:16', NULL, 'Salio', 12181061),
(842, '2022-07-28 07:58:46', '2022-07-28 17:21:12', NULL, 'Salio', 1078746654),
(843, '2022-07-28 07:59:02', '2022-07-28 17:21:12', NULL, 'Salio', 1083927587),
(844, '2022-07-28 07:59:34', '2022-07-28 17:21:12', NULL, 'Salio', 4179870),
(845, '2022-07-28 07:59:46', '2022-07-28 17:21:12', NULL, 'Salio', 1080360131),
(846, '2022-07-28 07:59:51', '2022-07-28 17:21:12', NULL, 'Salio', 1084896445),
(847, '2022-07-28 08:00:09', '2022-07-28 17:00:31', NULL, 'Salio', 1007431093),
(848, '2022-07-28 08:02:00', '2022-07-28 17:21:12', NULL, 'Salio', 1083868130),
(849, '2022-07-28 08:02:09', '2022-07-28 16:55:53', NULL, 'Salio', 1084330210),
(850, '2022-07-28 08:02:13', '2022-07-28 17:21:12', NULL, 'Salio', 1006343815),
(851, '2022-07-28 08:02:21', '2022-07-28 17:21:12', NULL, 'Salio', 12180982),
(852, '2022-07-28 08:02:32', '2022-07-28 17:04:35', NULL, 'Salio', 1004417302),
(853, '2022-07-28 08:02:41', '2022-07-28 17:21:12', NULL, 'Salio', 1083864132),
(854, '2022-07-28 08:02:56', '2022-07-28 17:21:12', NULL, 'Salio', 1083865710),
(855, '2022-07-28 08:03:09', '2022-07-28 17:21:12', NULL, 'Salio', 83041505),
(856, '2022-07-28 08:03:14', '2022-07-28 17:12:45', NULL, 'Salio', 36285127),
(857, '2022-07-28 08:03:29', '2022-07-29 13:29:33', NULL, 'Salio', 1080930880),
(858, '2022-07-28 08:03:45', '2022-07-28 16:49:55', NULL, 'Salio', 1080260084),
(859, '2022-07-28 08:04:32', '2022-07-28 17:21:12', NULL, 'Salio', 1003084761),
(860, '2022-07-28 08:05:04', '2022-07-28 16:57:21', NULL, 'Salio', 1006148286),
(861, '2022-07-28 08:05:28', '2022-07-28 16:56:51', NULL, 'Salio', 1007163022),
(862, '2022-07-28 08:05:36', '2022-07-28 16:50:01', NULL, 'Salio', 1083867012),
(863, '2022-07-28 08:05:46', '2022-07-28 17:10:09', NULL, 'Salio', 1004418272),
(864, '2022-07-28 08:05:54', '2022-07-28 17:05:30', NULL, 'Salio', 1004209099),
(865, '2022-07-28 08:06:01', '2022-07-28 16:59:43', NULL, 'Salio', 1080930251),
(866, '2022-07-28 08:06:04', '2022-07-28 17:21:12', NULL, 'Salio', 1003819627),
(867, '2022-07-28 08:06:14', '2022-07-28 17:00:35', NULL, 'Salio', 1010078490),
(868, '2022-07-28 08:06:19', '2022-07-28 17:21:12', NULL, 'Salio', 1004442867),
(869, '2022-07-28 08:06:28', '2022-07-28 16:49:43', NULL, 'Salio', 1007258878),
(870, '2022-07-28 08:06:33', '2022-07-28 16:54:51', NULL, 'Salio', 1083871649),
(871, '2022-07-28 08:06:45', '2022-07-28 16:58:19', NULL, 'Salio', 1083921165),
(872, '2022-07-28 08:07:01', '2022-07-28 17:21:12', NULL, 'Salio', 1004269111),
(873, '2022-07-28 08:07:07', '2022-07-28 17:21:12', NULL, 'Salio', 1004440089),
(874, '2022-07-28 08:07:10', '2022-07-28 17:21:12', NULL, 'Salio', 1007659333),
(875, '2022-07-28 08:07:13', '2022-07-28 17:02:12', NULL, 'Salio', 1007695751),
(876, '2022-07-28 08:07:20', '2022-07-28 16:59:22', NULL, 'Salio', 1004446406),
(877, '2022-07-28 08:07:30', '2022-07-28 17:01:06', NULL, 'Salio', 1079534328),
(878, '2022-07-28 08:08:02', '2022-07-28 17:21:12', NULL, 'Salio', 1006947348),
(879, '2022-07-28 08:08:06', '2022-07-28 17:21:12', NULL, 'Salio', 1116912148),
(880, '2022-07-28 08:08:10', '2022-07-28 16:56:38', NULL, 'Salio', 1064186829),
(881, '2022-07-28 08:08:15', '2022-07-29 13:05:40', NULL, 'Salio', 1007431193),
(882, '2022-07-28 08:08:24', '2022-07-28 17:21:12', NULL, 'Salio', 1079534335),
(883, '2022-07-28 08:08:44', '2022-07-28 17:03:13', NULL, 'Salio', 1083864205),
(884, '2022-07-28 08:09:01', '2022-07-28 17:00:17', NULL, 'Salio', 1078746631),
(885, '2022-07-28 08:09:06', '2022-07-28 17:00:51', NULL, 'Salio', 1078746522),
(886, '2022-07-28 08:09:12', '2022-07-28 17:03:37', NULL, 'Salio', 1084330340),
(887, '2022-07-28 08:09:18', '2022-07-29 13:47:59', NULL, 'Salio', 1015474815),
(888, '2022-07-28 08:09:25', '2022-07-28 17:21:12', NULL, 'Salio', 1058962010),
(889, '2022-07-28 08:09:35', '2022-07-28 16:56:02', NULL, 'Salio', 1080930325),
(890, '2022-07-28 08:10:11', '2022-07-28 16:52:31', NULL, 'Salio', 1004440489),
(891, '2022-07-28 08:10:18', '2022-07-28 17:21:12', NULL, 'Salio', 1007502778),
(892, '2022-07-28 08:10:23', '2022-07-28 16:49:32', NULL, 'Salio', 1007163116),
(893, '2022-07-28 08:10:27', '2022-07-28 16:53:03', NULL, 'Salio', 1004159018),
(894, '2022-07-28 08:10:53', '2022-07-28 16:50:52', NULL, 'Salio', 1083865570),
(895, '2022-07-28 08:10:57', '2022-07-29 13:05:33', NULL, 'Salio', 1083984323),
(896, '2022-07-28 08:11:02', '2022-07-28 16:50:48', NULL, 'Salio', 1060296006),
(897, '2022-07-28 08:11:32', '2022-07-28 17:21:12', NULL, 'Salio', 1004492967),
(898, '2022-07-28 08:11:40', '2022-07-28 17:03:02', NULL, 'Salio', 1084250063),
(899, '2022-07-28 08:11:45', '2022-07-28 17:03:17', NULL, 'Salio', 1084250053),
(900, '2022-07-28 08:11:50', '2022-07-28 17:08:27', NULL, 'Salio', 1084330134),
(901, '2022-07-28 08:12:00', '2022-07-28 17:21:12', NULL, 'Salio', 1061707811),
(902, '2022-07-28 08:12:06', '2022-07-28 16:57:56', NULL, 'Salio', 1004440891),
(903, '2022-07-28 08:12:11', '2022-07-28 17:21:12', NULL, 'Salio', 1083889514),
(904, '2022-07-28 08:12:19', '2022-07-28 17:21:12', NULL, 'Salio', 1083883612),
(905, '2022-07-28 08:12:23', '2022-07-28 16:57:34', NULL, 'Salio', 1081699749),
(906, '2022-07-28 08:12:27', '2022-07-28 17:21:12', NULL, 'Salio', 1082124321),
(907, '2022-07-28 08:13:44', '2022-07-28 17:21:12', NULL, 'Salio', 1004269053),
(908, '2022-07-28 08:13:50', '2022-07-28 17:04:46', NULL, 'Salio', 1007750715),
(909, '2022-07-28 08:14:11', '2022-07-28 17:03:20', NULL, 'Salio', 8127163),
(910, '2022-07-28 08:14:17', '2022-07-28 17:21:12', NULL, 'Salio', 1084251523),
(911, '2022-07-28 08:15:22', '2022-07-29 13:05:11', NULL, 'Salio', 1004083573),
(912, '2022-07-28 08:15:49', '2022-07-28 16:53:45', NULL, 'Salio', 1007328021),
(913, '2022-07-28 08:16:11', '2022-07-28 08:16:11', NULL, 'Salio', 7731793),
(914, '2022-07-28 08:17:14', '2022-07-28 17:02:59', NULL, 'Salio', 1083873820),
(915, '2022-07-28 08:18:12', '2022-07-29 13:39:10', NULL, 'Salio', 1007163028),
(916, '2022-07-28 08:18:32', '2022-07-29 13:39:17', NULL, 'Salio', 1084250082),
(917, '2022-07-28 08:19:15', '2022-07-29 13:29:42', NULL, 'Salio', 1077846310),
(918, '2022-07-28 08:19:22', '2022-07-28 08:19:22', NULL, 'Salio', 1004266092),
(919, '2022-07-28 08:19:28', '2022-07-28 16:55:43', NULL, 'Salio', 1082154540),
(920, '2022-07-28 08:19:59', '2022-07-28 17:21:12', NULL, 'Salio', 1007163198),
(921, '2022-07-28 08:20:09', '2022-07-28 17:06:10', NULL, 'Salio', 1083923857),
(922, '2022-07-28 08:20:39', '2022-07-28 16:53:24', NULL, 'Salio', 1083866354),
(923, '2022-07-28 08:20:45', '2022-07-28 16:53:33', NULL, 'Salio', 1084330285),
(924, '2022-07-28 08:22:59', '2022-07-28 16:54:07', NULL, 'Salio', 1083867708),
(925, '2022-07-28 08:23:43', '2022-07-28 17:04:23', NULL, 'Salio', 1003809090),
(926, '2022-07-28 16:50:41', '2022-07-28 17:21:12', NULL, 'Salio', 1007361298),
(927, '2022-07-28 16:51:33', '2022-07-28 16:51:37', NULL, 'Salio', 1004034435),
(928, '2022-07-28 16:51:56', '2022-07-28 16:52:04', NULL, 'Salio', 1083896934),
(929, '2022-07-28 16:52:37', '2022-07-28 16:52:41', NULL, 'Salio', 1083869410),
(930, '2022-07-28 16:54:14', '2022-07-28 16:54:18', NULL, 'Salio', 1007531628),
(931, '2022-07-28 16:54:23', '2022-07-28 16:54:27', NULL, 'Salio', 83043177),
(932, '2022-07-28 16:54:40', '2022-07-28 16:54:45', NULL, 'Salio', 12144652),
(933, '2022-07-28 16:54:55', '2022-07-28 16:55:01', NULL, 'Salio', 1080931418),
(934, '2022-07-28 16:55:05', '2022-07-28 16:55:11', NULL, 'Salio', 1083874704),
(935, '2022-07-28 16:57:49', '2022-07-28 17:21:12', NULL, 'Salio', 1079534248),
(936, '2022-07-28 16:58:00', '2022-07-28 16:58:03', NULL, 'Salio', 1004419343),
(937, '2022-07-28 16:59:56', '2022-07-28 16:59:59', NULL, 'Salio', 1079175033),
(938, '2022-07-28 17:00:27', '2022-07-28 17:00:31', NULL, 'Salio', 1007431093),
(939, '2022-07-28 17:01:12', '2022-07-28 17:01:19', NULL, 'Salio', 1077843011),
(940, '2022-07-28 17:01:25', '2022-07-28 17:01:30', NULL, 'Salio', 1007897838),
(941, '2022-07-28 17:01:49', '2022-07-28 17:01:52', NULL, 'Salio', 1004446208),
(942, '2022-07-28 17:01:56', '2022-07-28 17:02:03', NULL, 'Salio', 1083866595),
(943, '2022-07-28 17:02:30', '2022-07-28 17:02:32', NULL, 'Salio', 1007745499),
(944, '2022-07-28 17:02:45', '2022-07-28 17:02:48', NULL, 'Salio', 1006996169),
(945, '2022-07-28 17:02:53', '2022-07-28 17:02:56', NULL, 'Salio', 83044206),
(946, '2022-07-28 17:03:07', '2022-07-28 17:03:13', NULL, 'Salio', 1083864205),
(947, '2022-07-28 17:03:58', '2022-07-28 17:04:02', NULL, 'Salio', 1003587606),
(948, '2022-07-28 17:04:04', '2022-07-28 17:04:07', NULL, 'Salio', 1006515089),
(949, '2022-07-28 17:05:16', '2022-07-28 17:05:20', NULL, 'Salio', 1004083428),
(950, '2022-07-28 17:05:24', '2022-07-28 17:05:26', NULL, 'Salio', 1089478152),
(951, '2022-07-28 17:05:43', '2022-07-28 17:05:50', NULL, 'Salio', 1083869167),
(952, '2022-07-28 17:05:48', '2022-07-28 17:05:50', NULL, 'Salio', 1083869167),
(953, '2022-07-29 06:52:53', '2022-07-29 13:21:10', NULL, 'Salio', 1004492809),
(954, '2022-07-29 06:55:22', '2022-07-29 12:34:57', NULL, 'Salio', 12265812),
(955, '2022-07-29 06:56:48', NULL, NULL, 'Ingreso', 19351420),
(956, '2022-07-29 06:57:00', NULL, NULL, 'Ingreso', 36290129),
(957, '2022-07-29 06:57:27', NULL, NULL, 'Ingreso', 1007417741),
(958, '2022-07-29 06:57:47', NULL, NULL, 'Ingreso', 1025522425),
(959, '2022-07-29 06:58:05', NULL, NULL, 'Ingreso', 1084330817),
(960, '2022-07-29 06:58:32', '2022-07-29 13:35:58', NULL, 'Salio', 1084330581),
(961, '2022-07-29 06:58:48', '2022-07-29 13:15:17', NULL, 'Salio', 1087789576),
(962, '2022-07-29 06:59:04', '2022-07-29 13:15:14', NULL, 'Salio', 1083984132),
(963, '2022-07-29 06:59:24', NULL, NULL, 'Ingreso', 1082124011),
(964, '2022-07-29 06:59:38', NULL, NULL, 'Ingreso', 1031642349),
(965, '2022-07-29 06:59:53', NULL, NULL, 'Ingreso', 1004442716),
(966, '2022-07-29 07:00:11', '2022-07-29 13:23:29', NULL, 'Salio', 1007531657),
(967, '2022-07-29 07:00:31', NULL, NULL, 'Ingreso', 1006957091),
(968, '2022-07-29 07:00:53', NULL, NULL, 'Ingreso', 1193045173),
(969, '2022-07-29 07:01:08', '2022-07-29 13:23:37', NULL, 'Salio', 1007745216),
(970, '2022-07-29 07:01:23', NULL, NULL, 'Ingreso', 1015994112),
(971, '2022-07-29 07:01:33', '2022-07-29 13:17:55', NULL, 'Salio', 1003808338),
(972, '2022-07-29 07:01:48', '2022-07-29 13:21:22', NULL, 'Salio', 1006956707),
(973, '2022-07-29 07:02:16', NULL, NULL, 'Ingreso', 1083865788),
(974, '2022-07-29 07:02:36', '2022-07-29 13:14:42', NULL, 'Salio', 1007163437),
(975, '2022-07-29 07:02:50', NULL, NULL, 'Ingreso', 1083865757),
(976, '2022-07-29 07:03:03', NULL, NULL, 'Ingreso', 1083984054),
(977, '2022-07-29 07:05:21', NULL, NULL, 'Ingreso', 96361787),
(978, '2022-07-29 07:05:33', NULL, NULL, 'Ingreso', 36294581),
(979, '2022-07-29 07:06:13', '2022-07-29 13:21:10', NULL, 'Salio', 1004492809),
(980, '2022-07-29 07:07:01', NULL, NULL, 'Ingreso', 1004871362),
(981, '2022-07-29 07:07:06', '2022-07-29 13:14:17', NULL, 'Salio', 1075317893),
(982, '2022-07-29 07:07:13', '2022-07-29 13:14:25', NULL, 'Salio', 1004033754),
(983, '2022-07-29 07:07:46', NULL, NULL, 'Ingreso', 1082773003),
(984, '2022-07-29 07:15:18', NULL, NULL, 'Ingreso', 1117523736),
(985, '2022-07-29 07:19:47', NULL, NULL, 'Ingreso', 1007411698),
(986, '2022-07-29 07:31:25', NULL, NULL, 'Ingreso', 36277903),
(987, '2022-07-29 07:31:29', NULL, NULL, 'Ingreso', 36180414),
(988, '2022-07-29 07:32:33', NULL, NULL, 'Ingreso', 1078746506),
(989, '2022-07-29 07:32:40', NULL, NULL, 'Ingreso', 1083871179),
(990, '2022-07-29 07:32:52', NULL, NULL, 'Ingreso', 1006511378),
(991, '2022-07-29 07:33:18', '2022-07-29 12:57:32', NULL, 'Salio', 1083870562),
(992, '2022-07-29 07:33:51', NULL, NULL, 'Ingreso', 1004033848),
(993, '2022-07-29 07:33:57', NULL, NULL, 'Ingreso', 1004269773),
(994, '2022-07-29 07:34:04', NULL, NULL, 'Ingreso', 1003809079),
(995, '2022-07-29 07:34:18', '2022-07-29 12:45:44', NULL, 'Salio', 1083921794),
(996, '2022-07-29 07:34:27', '2022-07-29 12:55:30', NULL, 'Salio', 1003828830),
(997, '2022-07-29 07:36:25', NULL, NULL, 'Ingreso', 1121326596),
(998, '2022-07-29 07:36:35', NULL, NULL, 'Ingreso', 1126624391),
(999, '2022-07-29 07:36:38', NULL, NULL, 'Ingreso', 1004446215),
(1000, '2022-07-29 07:37:00', NULL, NULL, 'Ingreso', 1007308067),
(1001, '2022-07-29 07:37:41', NULL, NULL, 'Ingreso', 1004266866),
(1002, '2022-07-29 07:37:45', NULL, NULL, 'Ingreso', 1081699723),
(1003, '2022-07-29 07:37:52', NULL, NULL, 'Ingreso', 1080933375),
(1004, '2022-07-29 07:37:57', NULL, NULL, 'Ingreso', 6030646),
(1005, '2022-07-29 07:38:06', '2022-07-29 13:31:17', NULL, 'Salio', 12169668),
(1006, '2022-07-29 07:38:12', '2022-07-29 13:31:09', NULL, 'Salio', 1084254443),
(1007, '2022-07-29 07:38:23', '2022-07-29 13:31:33', NULL, 'Salio', 12168629),
(1008, '2022-07-29 07:38:27', '2022-07-29 13:16:30', NULL, 'Salio', 1084254480),
(1009, '2022-07-29 07:38:33', '2022-07-29 13:12:14', NULL, 'Salio', 1084256890),
(1010, '2022-07-29 07:38:49', NULL, NULL, 'Ingreso', 1083913626),
(1011, '2022-07-29 07:39:02', NULL, NULL, 'Ingreso', 1083864224),
(1012, '2022-07-29 07:39:11', '2022-07-29 12:48:20', NULL, 'Salio', 1080188513),
(1013, '2022-07-29 07:40:00', '2022-07-29 13:30:30', NULL, 'Salio', 19245621),
(1014, '2022-07-29 07:40:23', NULL, NULL, 'Ingreso', 1083984421),
(1015, '2022-07-29 07:40:28', NULL, NULL, 'Ingreso', 1004208883),
(1016, '2022-07-29 07:41:09', NULL, NULL, 'Ingreso', 1083874139),
(1017, '2022-07-29 07:43:07', '2022-07-29 13:29:33', NULL, 'Salio', 1080930880),
(1018, '2022-07-29 07:43:59', NULL, NULL, 'Ingreso', 1084251671),
(1019, '2022-07-29 07:44:16', NULL, NULL, 'Ingreso', 83215970),
(1020, '2022-07-29 07:44:51', NULL, NULL, 'Ingreso', 1083928678),
(1021, '2022-07-29 07:45:27', NULL, NULL, 'Ingreso', 1081728132),
(1022, '2022-07-29 07:45:34', NULL, NULL, 'Ingreso', 12278320),
(1023, '2022-07-29 07:47:01', NULL, NULL, 'Ingreso', 16186627),
(1024, '2022-07-29 07:47:14', NULL, NULL, 'Ingreso', 1144128106),
(1025, '2022-07-29 07:47:23', NULL, NULL, 'Ingreso', 29115177),
(1026, '2022-07-29 07:47:32', NULL, NULL, 'Ingreso', 1084251626),
(1027, '2022-07-29 07:47:48', NULL, NULL, 'Ingreso', 1083984147),
(1028, '2022-07-29 07:48:20', NULL, NULL, 'Ingreso', 1083864892),
(1029, '2022-07-29 07:50:12', NULL, NULL, 'Ingreso', 1083927587),
(1030, '2022-07-29 07:50:20', NULL, NULL, 'Ingreso', 1003587606),
(1031, '2022-07-29 07:50:33', NULL, NULL, 'Ingreso', 1083867339),
(1032, '2022-07-29 07:50:38', NULL, NULL, 'Ingreso', 1083868782),
(1033, '2022-07-29 07:50:45', NULL, NULL, 'Ingreso', 1080930505),
(1034, '2022-07-29 07:50:51', NULL, NULL, 'Ingreso', 1083868207),
(1035, '2022-07-29 07:50:55', NULL, NULL, 'Ingreso', 1007163826),
(1036, '2022-07-29 07:51:01', NULL, NULL, 'Ingreso', 83090551),
(1037, '2022-07-29 07:51:06', NULL, NULL, 'Ingreso', 1079534289),
(1038, '2022-07-29 07:51:09', NULL, NULL, 'Ingreso', 1084867845),
(1039, '2022-07-29 07:51:14', NULL, NULL, 'Ingreso', 1083866437),
(1040, '2022-07-29 07:51:24', NULL, NULL, 'Ingreso', 1004440496),
(1041, '2022-07-29 07:51:28', NULL, NULL, 'Ingreso', 1004159018),
(1042, '2022-07-29 07:51:32', NULL, NULL, 'Ingreso', 1083865453),
(1043, '2022-07-29 07:51:45', NULL, NULL, 'Ingreso', 1000020841),
(1044, '2022-07-29 07:51:52', NULL, NULL, 'Ingreso', 1004418358),
(1045, '2022-07-29 07:52:01', NULL, NULL, 'Ingreso', 1080290286),
(1046, '2022-07-29 07:52:07', NULL, NULL, 'Ingreso', 1084330285),
(1047, '2022-07-29 07:52:43', '2022-07-29 12:55:03', NULL, 'Salio', 1193100658),
(1048, '2022-07-29 07:53:01', NULL, NULL, 'Ingreso', 1007258878),
(1049, '2022-07-29 07:53:05', NULL, NULL, 'Ingreso', 1083984162),
(1050, '2022-07-29 07:53:10', NULL, NULL, 'Ingreso', 1079508964),
(1051, '2022-07-29 07:53:14', NULL, NULL, 'Ingreso', 1083928882),
(1052, '2022-07-29 07:53:18', NULL, NULL, 'Ingreso', 1007163257),
(1053, '2022-07-29 07:53:23', NULL, NULL, 'Ingreso', 1006515089),
(1054, '2022-07-29 07:53:31', NULL, NULL, 'Ingreso', 1081394466),
(1055, '2022-07-29 07:53:37', NULL, NULL, 'Ingreso', 1084251523),
(1056, '2022-07-29 07:53:47', '2022-07-29 13:29:22', NULL, 'Salio', 1083866202),
(1057, '2022-07-29 07:53:54', NULL, NULL, 'Ingreso', 1080930962),
(1058, '2022-07-29 07:53:58', NULL, NULL, 'Ingreso', 1004083051),
(1059, '2022-07-29 07:54:02', NULL, NULL, 'Ingreso', 1079175033),
(1060, '2022-07-29 07:54:09', NULL, NULL, 'Ingreso', 1083869167),
(1061, '2022-07-29 07:54:16', NULL, NULL, 'Ingreso', 1004033606),
(1062, '2022-07-29 07:54:23', NULL, NULL, 'Ingreso', 1004083241),
(1063, '2022-07-29 07:54:33', NULL, NULL, 'Ingreso', 1083870026),
(1064, '2022-07-29 07:54:39', '2022-07-29 13:47:59', NULL, 'Salio', 1015474815),
(1065, '2022-07-29 07:54:45', NULL, NULL, 'Ingreso', 1004155543),
(1066, '2022-07-29 07:54:50', '2022-07-29 13:39:53', NULL, 'Salio', 1084330391),
(1067, '2022-07-29 07:54:56', NULL, NULL, 'Ingreso', 1079534328),
(1068, '2022-07-29 07:55:01', NULL, NULL, 'Ingreso', 1083907806),
(1069, '2022-07-29 07:55:06', '2022-07-29 12:55:08', NULL, 'Salio', 1193566292),
(1070, '2022-07-29 07:55:41', NULL, NULL, 'Ingreso', 1078746551),
(1071, '2022-07-29 07:55:52', NULL, NULL, 'Ingreso', 52953392),
(1072, '2022-07-29 07:56:05', NULL, NULL, 'Ingreso', 1004417302),
(1073, '2022-07-29 07:56:18', NULL, NULL, 'Ingreso', 1084251832),
(1074, '2022-07-29 07:56:30', NULL, NULL, 'Ingreso', 1007163116),
(1075, '2022-07-29 07:56:38', NULL, NULL, 'Ingreso', 1080365889),
(1076, '2022-07-29 07:56:59', NULL, NULL, 'Ingreso', 1004441291),
(1077, '2022-07-29 07:57:15', NULL, NULL, 'Ingreso', 1083864132),
(1078, '2022-07-29 07:57:22', NULL, NULL, 'Ingreso', 1083865710),
(1079, '2022-07-29 07:57:32', NULL, NULL, 'Ingreso', 1083868724),
(1080, '2022-07-29 07:57:44', NULL, NULL, 'Ingreso', 1003819627),
(1081, '2022-07-29 07:58:00', NULL, NULL, 'Ingreso', 1012328451),
(1082, '2022-07-29 07:58:09', NULL, NULL, 'Ingreso', 1080930518),
(1083, '2022-07-29 07:58:12', NULL, NULL, 'Ingreso', 1004251310),
(1084, '2022-07-29 07:58:39', NULL, NULL, 'Ingreso', 1005706529),
(1085, '2022-07-29 07:58:52', NULL, NULL, 'Ingreso', 1004343648),
(1086, '2022-07-29 07:59:04', NULL, NULL, 'Ingreso', 1083865542),
(1087, '2022-07-29 08:00:05', NULL, NULL, 'Ingreso', 1006947348),
(1088, '2022-07-29 08:00:10', NULL, NULL, 'Ingreso', 1083866609),
(1089, '2022-07-29 08:00:17', NULL, NULL, 'Ingreso', 1006484745),
(1090, '2022-07-29 08:00:48', '2022-07-29 08:00:49', NULL, 'Salio', 1000066632),
(1091, '2022-07-29 08:01:00', NULL, NULL, 'Ingreso', 1007587139),
(1092, '2022-07-29 08:01:06', NULL, NULL, 'Ingreso', 1083868130),
(1093, '2022-07-29 08:01:14', NULL, NULL, 'Ingreso', 1007162967),
(1094, '2022-07-29 08:01:31', NULL, NULL, 'Ingreso', 1084251327),
(1095, '2022-07-29 08:01:39', NULL, NULL, 'Ingreso', 83040450),
(1096, '2022-07-29 08:01:46', NULL, NULL, 'Ingreso', 1004446406),
(1097, '2022-07-29 08:01:50', NULL, NULL, 'Ingreso', 1061707811),
(1098, '2022-07-29 08:01:56', '2022-07-29 12:55:33', NULL, 'Salio', 1079534343),
(1099, '2022-07-29 08:02:07', NULL, NULL, 'Ingreso', 1004269111),
(1100, '2022-07-29 08:02:17', NULL, NULL, 'Ingreso', 12266826),
(1101, '2022-07-29 08:02:26', NULL, NULL, 'Ingreso', 1116912148),
(1102, '2022-07-29 08:02:44', NULL, NULL, 'Ingreso', 1083864129),
(1103, '2022-07-29 08:02:52', NULL, NULL, 'Ingreso', 1004418676),
(1104, '2022-07-29 08:03:02', '2022-07-29 13:29:42', NULL, 'Salio', 1077846310),
(1105, '2022-07-29 08:03:13', NULL, NULL, 'Ingreso', 1004492720),
(1106, '2022-07-29 08:03:45', NULL, NULL, 'Ingreso', 1007194201),
(1107, '2022-07-29 08:03:55', NULL, NULL, 'Ingreso', 1083923857),
(1108, '2022-07-29 08:04:04', NULL, NULL, 'Ingreso', 80843912),
(1109, '2022-07-29 08:04:13', NULL, NULL, 'Ingreso', 1193352609),
(1110, '2022-07-29 08:04:23', NULL, NULL, 'Ingreso', 1004472698),
(1111, '2022-07-29 08:04:38', NULL, NULL, 'Ingreso', 1079534335),
(1112, '2022-07-29 08:04:43', NULL, NULL, 'Ingreso', 1078746654),
(1113, '2022-07-29 08:04:48', '2022-07-29 08:04:48', NULL, 'Salio', 1013102575),
(1114, '2022-07-29 08:04:53', NULL, NULL, 'Ingreso', 1010078490),
(1115, '2022-07-29 08:04:59', NULL, NULL, 'Ingreso', 1004440891),
(1116, '2022-07-29 08:05:13', NULL, NULL, 'Ingreso', 1080931225),
(1117, '2022-07-29 08:05:23', NULL, NULL, 'Ingreso', 1007750715),
(1118, '2022-07-29 08:05:28', NULL, NULL, 'Ingreso', 1004209099),
(1119, '2022-07-29 08:05:37', NULL, NULL, 'Ingreso', 1080930251),
(1120, '2022-07-29 08:05:51', NULL, NULL, 'Ingreso', 1084896445),
(1121, '2022-07-29 08:05:56', NULL, NULL, 'Ingreso', 1080360131),
(1122, '2022-07-29 08:06:01', NULL, NULL, 'Ingreso', 1084330210),
(1123, '2022-07-29 08:06:07', NULL, NULL, 'Ingreso', 1007745330),
(1124, '2022-07-29 08:06:15', '2022-07-29 13:39:17', NULL, 'Salio', 1084250082),
(1125, '2022-07-29 08:06:23', NULL, NULL, 'Ingreso', 1080930742),
(1126, '2022-07-29 08:06:41', NULL, NULL, 'Ingreso', 1003993956),
(1127, '2022-07-29 08:07:26', NULL, NULL, 'Ingreso', 1083921165),
(1128, '2022-07-29 08:07:32', NULL, NULL, 'Ingreso', 1004440089),
(1129, '2022-07-29 08:07:49', NULL, NULL, 'Ingreso', 1004266092),
(1130, '2022-07-29 08:07:55', NULL, NULL, 'Ingreso', 1082154540),
(1131, '2022-07-29 08:08:33', NULL, NULL, 'Ingreso', 1004269053),
(1132, '2022-07-29 08:08:40', '2022-07-29 13:05:40', NULL, 'Salio', 1007431193),
(1133, '2022-07-29 08:09:05', '2022-07-29 13:05:08', NULL, 'Salio', 1013102895),
(1134, '2022-07-29 08:11:38', NULL, NULL, 'Ingreso', 1083878528),
(1135, '2022-07-29 08:11:58', NULL, NULL, 'Ingreso', 1058962010),
(1136, '2022-07-29 08:12:02', NULL, NULL, 'Ingreso', 1084251369),
(1137, '2022-07-29 08:12:14', NULL, NULL, 'Ingreso', 1080930325),
(1138, '2022-07-29 08:12:45', NULL, NULL, 'Ingreso', 1004440489),
(1139, '2022-07-29 08:12:58', NULL, NULL, 'Ingreso', 1060296006),
(1140, '2022-07-29 08:13:35', NULL, NULL, 'Ingreso', 1003084761),
(1141, '2022-07-29 08:13:50', NULL, NULL, 'Ingreso', 1083867012),
(1142, '2022-07-29 08:14:14', NULL, NULL, 'Ingreso', 1007328066),
(1143, '2022-07-29 08:14:38', NULL, NULL, 'Ingreso', 1007600279),
(1144, '2022-07-29 08:14:49', NULL, NULL, 'Ingreso', 1080260084),
(1145, '2022-07-29 08:15:13', NULL, NULL, 'Ingreso', 1006148286),
(1146, '2022-07-29 08:15:58', NULL, NULL, 'Ingreso', 1007163198),
(1147, '2022-07-29 08:16:09', NULL, NULL, 'Ingreso', 1007502778),
(1148, '2022-07-29 08:17:41', '2022-07-29 13:39:10', NULL, 'Salio', 1007163028),
(1149, '2022-07-29 08:18:57', NULL, NULL, 'Ingreso', 1083873820),
(1150, '2022-07-29 08:19:04', NULL, NULL, 'Ingreso', 1082124321),
(1151, '2022-07-29 08:19:11', '2022-07-29 13:05:11', NULL, 'Salio', 1004083573),
(1152, '2022-07-29 08:21:00', NULL, NULL, 'Ingreso', 7731793),
(1153, '2022-07-29 08:22:00', NULL, NULL, 'Ingreso', 1003809090),
(1154, '2022-07-29 08:22:17', NULL, NULL, 'Ingreso', 1007695751),
(1155, '2022-07-29 08:24:40', NULL, NULL, 'Ingreso', 83041505),
(1156, '2022-07-29 08:28:38', NULL, NULL, 'Ingreso', 1117508100),
(1157, '2022-07-29 12:41:54', NULL, NULL, 'Ingreso', 1004418388),
(1158, '2022-07-29 12:42:02', NULL, NULL, 'Ingreso', 1095178090),
(1159, '2022-07-29 12:42:08', NULL, NULL, 'Ingreso', 1007600353),
(1160, '2022-07-29 12:42:14', '2022-07-29 12:42:14', NULL, 'Salio', 1079172341),
(1161, '2022-07-29 12:42:17', NULL, NULL, 'Ingreso', 1079172341),
(1162, '2022-07-29 12:42:26', NULL, NULL, 'Ingreso', 1084330648),
(1163, '2022-07-29 12:42:33', NULL, NULL, 'Ingreso', 1007163538),
(1164, '2022-07-29 12:42:37', NULL, NULL, 'Ingreso', 1004209831),
(1165, '2022-07-29 12:42:42', NULL, NULL, 'Ingreso', 1083869916),
(1166, '2022-07-29 12:42:47', NULL, NULL, 'Ingreso', 1001274813),
(1167, '2022-07-29 12:44:16', NULL, NULL, 'Ingreso', 1144625759),
(1168, '2022-07-29 12:45:47', NULL, NULL, 'Ingreso', 1082772506),
(1169, '2022-07-29 12:46:07', NULL, NULL, 'Ingreso', 1083870418),
(1170, '2022-07-29 12:46:49', NULL, NULL, 'Ingreso', 1007194460),
(1171, '2022-07-29 12:46:59', NULL, NULL, 'Ingreso', 1007587074),
(1172, '2022-07-29 12:48:16', NULL, NULL, 'Ingreso', 1000217227),
(1173, '2022-07-29 12:48:34', NULL, NULL, 'Ingreso', 1083864205),
(1174, '2022-07-29 12:48:45', NULL, NULL, 'Ingreso', 1007475186),
(1175, '2022-07-29 12:49:37', NULL, NULL, 'Ingreso', 1004252298),
(1176, '2022-07-29 12:49:45', NULL, NULL, 'Ingreso', 1193574805),
(1177, '2022-07-29 12:50:17', NULL, NULL, 'Ingreso', 12262605),
(1178, '2022-07-29 12:50:44', NULL, NULL, 'Ingreso', 1083866644),
(1179, '2022-07-29 12:50:51', NULL, NULL, 'Ingreso', 1084896890),
(1180, '2022-07-29 12:51:00', NULL, NULL, 'Ingreso', 1081699076),
(1181, '2022-07-29 12:51:06', NULL, NULL, 'Ingreso', 1083867394),
(1182, '2022-07-29 12:53:39', NULL, NULL, 'Ingreso', 1083987447),
(1183, '2022-07-29 12:56:52', NULL, NULL, 'Ingreso', 1084259187),
(1184, '2022-07-29 12:57:13', NULL, NULL, 'Ingreso', 1007308221),
(1185, '2022-07-29 12:58:57', NULL, NULL, 'Ingreso', 83042722),
(1186, '2022-07-29 12:59:40', NULL, NULL, 'Ingreso', 1081699749),
(1187, '2022-07-29 12:59:44', NULL, NULL, 'Ingreso', 1084250053),
(1188, '2022-07-29 13:03:30', NULL, NULL, 'Ingreso', 1004417992),
(1189, '2022-07-29 13:04:28', '2022-07-29 13:04:33', NULL, 'Salio', 1083984005),
(1190, '2022-07-29 13:04:37', NULL, NULL, 'Ingreso', 1083877176),
(1191, '2022-07-29 13:04:41', NULL, NULL, 'Ingreso', 1004269123),
(1192, '2022-07-29 13:04:45', NULL, NULL, 'Ingreso', 1007563113),
(1193, '2022-07-29 13:04:49', NULL, NULL, 'Ingreso', 1007163482),
(1194, '2022-07-29 13:05:20', '2022-07-29 13:05:33', NULL, 'Salio', 1083984323),
(1195, '2022-07-29 13:05:29', NULL, NULL, 'Ingreso', 1083865570),
(1196, '2022-07-29 13:05:36', NULL, NULL, 'Ingreso', 1083868695),
(1197, '2022-07-29 13:07:02', NULL, NULL, 'Ingreso', 1083868126),
(1198, '2022-07-29 13:11:17', NULL, NULL, 'Ingreso', 1084330134),
(1199, '2022-07-29 13:11:22', NULL, NULL, 'Ingreso', 1084250063),
(1200, '2022-07-29 13:11:27', NULL, NULL, 'Ingreso', 1007600571),
(1201, '2022-07-29 13:11:34', NULL, NULL, 'Ingreso', 1004083140),
(1202, '2022-07-29 13:26:00', NULL, NULL, 'Ingreso', 1076903377),
(1203, '2022-07-29 13:29:22', NULL, NULL, 'Ingreso', 1083866202);

-- --------------------------------------------------------

--
-- Estructura de tabla para la tabla `bodega`
--

CREATE TABLE `bodega` (
  `id_bodega` int NOT NULL,
  `fecha` datetime DEFAULT NULL,
  `cantidad` decimal(10,2) DEFAULT NULL,
  `fk_inventario` int DEFAULT NULL,
  `fk_produccion` int DEFAULT NULL
) ENGINE=InnoDB DEFAULT CHARSET=utf8mb4 ;

--
-- Volcado de datos para la tabla `bodega`
--

INSERT INTO `bodega` (`id_bodega`, `fecha`, `cantidad`, `fk_inventario`, `fk_produccion`) VALUES
(3, '2022-07-25 00:00:00', '39.00', 3, 1),
(4, '2022-07-25 00:00:00', '8.00', 6, 2),
(5, '2022-07-25 00:00:00', '3.00', 5, 3),
(6, '2022-07-25 00:00:00', '1.00', 11, 5),
(7, '2022-07-25 00:00:00', '1.00', 10, 4),
(8, '2022-07-25 00:00:00', '53.00', 14, 6),
(9, '2022-07-27 00:00:00', '50.00', 3, 7),
(10, '2022-07-29 00:00:00', '1.00', 10, 11),
(11, '2022-07-29 00:00:00', '1.00', 11, 12),
(12, '2022-07-29 00:00:00', '2.00', 7, 10),
(13, '2022-07-29 00:00:00', '4.00', 6, 9),
(14, '2022-07-29 00:00:00', '2.00', 5, 8),
(15, '2022-07-29 00:00:00', '1.00', 9, 13),
(16, '2022-07-29 00:00:00', '1.00', 1, 14);

-- --------------------------------------------------------

--
-- Estructura de tabla para la tabla `cargo`
--

CREATE TABLE `cargo` (
  `idcargo` int NOT NULL,
  `nombre_cargo` varchar(45) DEFAULT NULL
) ENGINE=InnoDB DEFAULT CHARSET=utf8mb4 ;

--
-- Volcado de datos para la tabla `cargo`
--

INSERT INTO `cargo` (`idcargo`, `nombre_cargo`) VALUES
(1, 'Aprendiz'),
(2, 'Instructor'),
(3, 'Administrativo 1'),
(4, 'Administrativo 2'),
(5, 'Administrativo 3'),
(6, 'Auxiliar aseo'),
(7, 'Operarios'),
(8, 'Visitas'),
(9, 'Donado');

-- --------------------------------------------------------

--
-- Estructura de tabla para la tabla `categoria`
--

CREATE TABLE `categoria` (
  `id_categoria` int NOT NULL,
  `nombre_cat` varchar(50) NOT NULL,
  `reserva_max` int NOT NULL
) ENGINE=InnoDB DEFAULT CHARSET=utf8mb4 ;

--
-- Volcado de datos para la tabla `categoria`
--

INSERT INTO `categoria` (`id_categoria`, `nombre_cat`, `reserva_max`) VALUES
(1, 'Huevos', 1);

-- --------------------------------------------------------

--
-- Estructura de tabla para la tabla `detalle`
--

CREATE TABLE `detalle` (
  `id_detalle` int NOT NULL,
  `cantidad` decimal(10,2) NOT NULL,
  `valor` decimal(10,2) NOT NULL,
  `Estado` enum('Reservado','Facturado','Anulado','Rechazado','Prestamo') CHARACTER SET utf8mb4  DEFAULT NULL,
  `Entregado` enum('Entregado','No entregado','No reclamado') NOT NULL,
  `fecha` datetime NOT NULL,
  `porcentaje` int NOT NULL,
  `subtotal` decimal(10,2) NOT NULL,
  `Persona` bigint DEFAULT NULL,
  `descripcion` varchar(200) DEFAULT NULL,
  `fk_Id_movimiento` int NOT NULL,
  `fk_id_inventario` int NOT NULL
) ENGINE=InnoDB DEFAULT CHARSET=utf8mb4 ;

--
-- Volcado de datos para la tabla `detalle`
--

INSERT INTO `detalle` (`id_detalle`, `cantidad`, `valor`, `Estado`, `Entregado`, `fecha`, `porcentaje`, `subtotal`, `Persona`, `descripcion`, `fk_Id_movimiento`, `fk_id_inventario`) VALUES
(2, '5.00', '1000.00', 'Facturado', 'Entregado', '2022-07-25 14:18:17', 0, '5000.00', 36285127, NULL, 3, 3),
(3, '4.00', '1000.00', 'Facturado', 'Entregado', '2022-07-25 14:29:04', 0, '4000.00', 1083907480, NULL, 12, 3),
(4, '2.00', '1000.00', 'Facturado', 'Entregado', '2022-07-25 14:33:51', 0, '2000.00', 1075272185, NULL, 15, 3),
(5, '1.00', '12000.00', 'Facturado', 'Entregado', '2022-07-25 15:00:13', 0, '12000.00', 1083889221, NULL, 16, 11),
(6, '1.00', '9000.00', 'Facturado', 'Entregado', '2022-07-25 15:00:19', 0, '9000.00', 1083928678, NULL, 1, 6),
(7, '1.00', '9000.00', 'Facturado', 'Entregado', '2022-07-25 15:00:20', 0, '9000.00', 1116912148, NULL, 2, 6),
(8, '1.00', '13000.00', 'Facturado', 'Entregado', '2022-07-25 15:00:27', 0, '13000.00', 1075272185, NULL, 15, 10),
(9, '1.00', '9000.00', 'Facturado', 'Entregado', '2022-07-25 15:00:49', 0, '9000.00', 1117523736, NULL, 9, 6),
(11, '1.00', '9000.00', 'Facturado', 'Entregado', '2022-07-25 15:01:17', 0, '9000.00', 36285127, NULL, 14, 6),
(12, '1.00', '9000.00', 'Facturado', 'Entregado', '2022-07-25 15:01:29', 0, '9000.00', 1083886191, NULL, 17, 6),
(13, '1.00', '9000.00', 'Facturado', 'Entregado', '2022-07-25 15:01:44', 0, '9000.00', 1083907480, NULL, 20, 6),
(14, '1.00', '9000.00', 'Facturado', 'Entregado', '2022-07-25 15:01:55', 0, '9000.00', 1110492490, NULL, 8, 6),
(15, '1.00', '10000.00', 'Facturado', 'No entregado', '2022-07-25 15:02:17', 0, '10000.00', 36287672, NULL, 21, 5),
(16, '1.00', '10000.00', 'Facturado', 'Entregado', '2022-07-25 15:03:02', 0, '10000.00', 36294581, NULL, 22, 5),
(17, '1.00', '10000.00', 'Facturado', 'Entregado', '2022-07-25 15:03:26', 0, '10000.00', 1083916034, NULL, 23, 5),
(18, '5.00', '1000.00', 'Facturado', 'Entregado', '2022-07-25 15:27:30', 0, '5000.00', 1004446215, NULL, 24, 3),
(20, '4.00', '2000.00', 'Facturado', 'Entregado', '2022-07-25 15:28:03', 0, '8000.00', 1004446215, NULL, 24, 14),
(21, '2.00', '2000.00', 'Facturado', 'Entregado', '2022-07-25 15:30:26', 0, '4000.00', 1083916034, NULL, 23, 14),
(22, '1.00', '2000.00', 'Facturado', 'Entregado', '2022-07-25 15:30:56', 0, '2000.00', 1075272185, NULL, 15, 14),
(23, '2.00', '1000.00', 'Facturado', 'Entregado', '2022-07-25 15:37:58', 0, '2000.00', 96361787, NULL, 11, 3),
(24, '1.00', '2000.00', 'Facturado', 'Entregado', '2022-07-25 15:38:14', 0, '2000.00', 1004446215, NULL, 32, 14),
(26, '1.00', '2000.00', 'Facturado', 'Entregado', '2022-07-25 15:42:14', 0, '2000.00', 1084250053, NULL, 33, 14),
(28, '1.00', '1000.00', 'Facturado', 'Entregado', '2022-07-25 15:42:32', 0, '1000.00', 1084250053, NULL, 33, 3),
(29, '1.00', '2000.00', 'Facturado', 'Entregado', '2022-07-25 15:44:24', 0, '2000.00', 83040450, NULL, 34, 14),
(30, '2.00', '1000.00', 'Facturado', 'Entregado', '2022-07-25 15:44:37', 0, '2000.00', 83040450, NULL, 34, 3),
(32, '2.00', '2000.00', 'Facturado', 'Entregado', '2022-07-25 16:09:41', 0, '4000.00', 1004492720, NULL, 38, 14),
(33, '1.00', '2000.00', 'Reservado', 'Entregado', '2022-07-25 16:12:32', 0, '2000.00', 1083916034, NULL, 23, 14),
(34, '1.00', '2000.00', 'Facturado', 'Entregado', '2022-07-25 16:35:19', 0, '2000.00', 1116236879, NULL, 29, 14),
(35, '1.00', '2000.00', 'Facturado', 'Entregado', '2022-07-25 16:36:48', 0, '2000.00', 1116236879, NULL, 42, 14),
(36, '1.00', '1000.00', 'Facturado', 'Entregado', '2022-07-25 16:36:57', 0, '1000.00', 1116236879, NULL, 42, 3),
(37, '2.00', '2000.00', 'Facturado', 'Entregado', '2022-07-25 16:39:42', 0, '4000.00', 1083889514, NULL, 43, 14),
(38, '3.00', '2000.00', 'Facturado', 'Entregado', '2022-07-25 16:51:17', 0, '6000.00', 1083928678, NULL, 48, 14),
(39, '2.00', '2000.00', 'Facturado', 'Entregado', '2022-07-26 08:16:22', 0, '4000.00', 12265812, NULL, 64, 14),
(40, '2.00', '2000.00', 'Facturado', 'Entregado', '2022-07-26 09:23:33', 0, '4000.00', 8304357, NULL, 81, 14),
(41, '1.00', '2000.00', 'Facturado', 'Entregado', '2022-07-26 09:35:37', 0, '2000.00', 12262605, NULL, 83, 14),
(42, '1.00', '9000.00', 'Facturado', 'Entregado', '2022-07-26 09:42:21', 0, '9000.00', 55182547, NULL, 84, 6),
(43, '2.00', '1000.00', 'Facturado', 'Entregado', '2022-07-26 10:21:16', 0, '2000.00', 83258540, NULL, 86, 3),
(44, '2.00', '2000.00', 'Reservado', 'Entregado', '2022-07-26 10:21:35', 0, '4000.00', 83258540, NULL, 86, 14),
(45, '2.00', '1000.00', 'Facturado', 'Entregado', '2022-07-26 10:21:48', 0, '2000.00', 83258540, NULL, 87, 3),
(46, '2.00', '2000.00', 'Facturado', 'Entregado', '2022-07-26 10:22:22', 0, '4000.00', 83258540, NULL, 87, 14),
(47, '5.00', '1000.00', 'Facturado', 'Entregado', '2022-07-26 10:28:40', 0, '5000.00', 1003805578, NULL, 88, 3),
(48, '5.00', '2000.00', 'Facturado', 'Entregado', '2022-07-26 10:28:49', 0, '10000.00', 1003805578, NULL, 88, 14),
(55, '1.00', '1000.00', 'Facturado', 'Entregado', '2022-07-26 15:52:04', 0, '1000.00', 1007194201, NULL, 95, 3),
(56, '3.00', '2000.00', 'Facturado', 'Entregado', '2022-07-26 16:33:52', 0, '6000.00', 36277903, NULL, 13, 14),
(58, '1.00', '2000.00', 'Rechazado', 'No entregado', '2022-07-27 07:53:24', 0, '2000.00', 1004266866, 'Solo pruebas', 54, 4),
(59, '1.00', '2000.00', 'Rechazado', 'No entregado', '2022-07-27 07:54:50', 0, '2000.00', 1004419101, 'Solo pruebas', 98, 4),
(60, '1.00', '2000.00', 'Rechazado', 'No entregado', '2022-07-27 07:57:53', 0, '2000.00', 1083928882, 'Solo pruebas', 99, 4),
(61, '1.00', '2000.00', 'Rechazado', 'No entregado', '2022-07-27 08:02:17', 0, '2000.00', 1004209716, 'Rechazado por prueba de sistema.', 101, 4),
(62, '1.00', '2000.00', 'Rechazado', 'No entregado', '2022-07-27 08:04:22', 0, '2000.00', 1004446406, 'Pruebas en sistema', 57, 4),
(64, '1.00', '2000.00', 'Rechazado', 'No entregado', '2022-07-27 08:05:50', 0, '2000.00', 1004208883, 'Rechazado por prueba de sistema.', 103, 4),
(65, '1.00', '2000.00', 'Rechazado', 'No entregado', '2022-07-27 08:07:22', 0, '2000.00', 1004441291, 'Rechazado por prueba de sistema.', 105, 4),
(66, '1.00', '2000.00', 'Rechazado', 'No entregado', '2022-07-27 08:07:39', 0, '2000.00', 1081728132, 'Pruebas en sistema', 106, 4),
(67, '1.00', '2000.00', 'Rechazado', 'No entregado', '2022-07-27 08:08:54', 0, '2000.00', 1084251626, 'Rechazado por prueba de sistema.', 108, 4),
(68, '1.00', '2000.00', 'Rechazado', 'No entregado', '2022-07-27 08:08:58', 0, '2000.00', 1004418358, 'Rechazado por prueba de sistema.', 110, 4),
(69, '1.00', '2000.00', 'Rechazado', 'No entregado', '2022-07-27 08:09:24', 0, '2000.00', 1004155543, 'Pruebas en sistema', 111, 4),
(70, '1.00', '2000.00', 'Rechazado', 'No entregado', '2022-07-27 08:09:34', 0, '2000.00', 1007258878, 'Rechazado por prueba de sistema.', 112, 4),
(71, '1.00', '2000.00', 'Rechazado', 'No entregado', '2022-07-27 08:09:46', 0, '2000.00', 1084251832, 'Rechazado por prueba de sistema.', 113, 4),
(72, '1.00', '2000.00', 'Rechazado', 'No entregado', '2022-07-27 08:10:48', 0, '2000.00', 1084330285, 'Rechazado por prueba de sistema.', 109, 4),
(73, '1.00', '2000.00', 'Rechazado', 'No entregado', '2022-07-27 08:11:07', 0, '2000.00', 1007163116, 'Rechazado por prueba de sistema.', 114, 4),
(74, '1.00', '2000.00', 'Rechazado', 'No entregado', '2022-07-27 08:12:04', 0, '2000.00', 1080290286, 'Rechazado por prueba de sistema.', 115, 4),
(75, '1.00', '2000.00', 'Rechazado', 'No entregado', '2022-07-27 08:12:40', 0, '2000.00', 1084251671, 'Rechazado por prueba de sistema.', 100, 4),
(76, '1.00', '2000.00', 'Rechazado', 'No entregado', '2022-07-27 08:12:56', 0, '2000.00', 1064186829, 'Rechazado por prueba de sistema.', 116, 4),
(77, '1.00', '2000.00', 'Rechazado', 'No entregado', '2022-07-27 08:13:47', 0, '2000.00', 1084251175, 'Rechazado por prueba de sistema.', 117, 4),
(78, '1.00', '2000.00', 'Rechazado', 'No entregado', '2022-07-27 08:15:08', 0, '2000.00', 1083865542, 'Rechazado por prueba de sistema.', 118, 4),
(79, '1.00', '2000.00', 'Rechazado', 'No entregado', '2022-07-27 08:15:18', 0, '2000.00', 80843912, 'Rechazado por prueba de sistema.', 119, 4),
(80, '1.00', '2000.00', 'Rechazado', 'No entregado', '2022-07-27 08:15:57', 0, '2000.00', 1004418676, 'Rechazado por prueba de sistema.', 120, 4),
(81, '1.00', '2000.00', 'Rechazado', 'No entregado', '2022-07-27 08:17:50', 0, '2000.00', 1013102575, 'Rechazado por prueba de sistema.', 121, 4),
(82, '1.00', '2000.00', 'Rechazado', 'No entregado', '2022-07-27 08:18:44', 0, '2000.00', 1084867845, 'Rechazado por prueba de sistema.', 104, 4),
(83, '1.00', '2000.00', 'Rechazado', 'No entregado', '2022-07-27 08:20:56', 0, '2000.00', 1004440891, 'Rechazado por prueba de sistema.', 122, 4),
(84, '1.00', '2000.00', 'Rechazado', 'No entregado', '2022-07-27 08:21:36', 0, '2000.00', 83040450, 'Pruebas en sistema', 47, 4),
(85, '1.00', '2000.00', 'Rechazado', 'No entregado', '2022-07-27 08:26:34', 0, '2000.00', 1083883612, 'Pruebas en sistema', 45, 4),
(87, '1.00', '2000.00', 'Facturado', 'Entregado', '2022-07-27 08:33:23', 0, '2000.00', 1004266092, NULL, 92, 4),
(88, '1.00', '2000.00', 'Facturado', 'Entregado', '2022-07-27 08:33:36', 0, '2000.00', 1004440429, NULL, 92, 4),
(89, '1.00', '2000.00', 'Facturado', 'Entregado', '2022-07-27 08:33:43', 0, '2000.00', 1004440496, NULL, 92, 4),
(90, '1.00', '2000.00', 'Facturado', 'Entregado', '2022-07-27 08:33:54', 0, '2000.00', 1007162967, NULL, 92, 4),
(91, '1.00', '2000.00', 'Facturado', 'Entregado', '2022-07-27 08:34:05', 0, '2000.00', 1077846310, NULL, 92, 4),
(92, '1.00', '2000.00', 'Facturado', 'Entregado', '2022-07-27 08:34:13', 0, '2000.00', 1078746992, NULL, 92, 4),
(93, '1.00', '2000.00', 'Facturado', 'Entregado', '2022-07-27 08:34:35', 0, '2000.00', 1080930742, NULL, 92, 4),
(94, '1.00', '2000.00', 'Facturado', 'Entregado', '2022-07-27 08:34:45', 0, '2000.00', 1080930880, NULL, 92, 4),
(95, '1.00', '2000.00', 'Facturado', 'Entregado', '2022-07-27 08:34:54', 0, '2000.00', 1080930962, NULL, 92, 4),
(97, '1.00', '2000.00', 'Facturado', 'Entregado', '2022-07-27 08:35:19', 0, '2000.00', 1083866202, NULL, 92, 4),
(98, '1.00', '2000.00', 'Facturado', 'Entregado', '2022-07-27 08:35:31', 0, '2000.00', 1083878528, NULL, 92, 4),
(100, '1.00', '2000.00', 'Facturado', 'Entregado', '2022-07-27 08:35:52', 0, '2000.00', 1084251369, NULL, 92, 4),
(102, '5.00', '1000.00', 'Facturado', 'Entregado', '2022-07-27 08:38:23', 0, '5000.00', 36295573, NULL, 124, 3),
(103, '3.00', '2000.00', 'Facturado', 'Entregado', '2022-07-27 08:38:32', 0, '6000.00', 36295573, NULL, 124, 14),
(104, '1.00', '2000.00', 'Facturado', 'Entregado', '2022-07-27 08:39:53', 0, '2000.00', 80843912, NULL, 125, 4),
(105, '1.00', '2000.00', 'Facturado', 'Entregado', '2022-07-27 08:40:03', 0, '2000.00', 1004208883, NULL, 125, 4),
(106, '1.00', '2000.00', 'Facturado', 'Entregado', '2022-07-27 08:40:11', 0, '2000.00', 1004209716, NULL, 125, 4),
(107, '1.00', '2000.00', 'Facturado', 'Entregado', '2022-07-27 08:40:19', 0, '2000.00', 1004418358, NULL, 125, 4),
(108, '1.00', '2000.00', 'Facturado', 'Entregado', '2022-07-27 08:40:29', 0, '2000.00', 1004418676, NULL, 125, 4),
(109, '1.00', '2000.00', 'Facturado', 'Entregado', '2022-07-27 08:40:36', 0, '2000.00', 1004440891, NULL, 125, 4),
(110, '1.00', '2000.00', 'Facturado', 'Entregado', '2022-07-27 08:40:47', 0, '2000.00', 1004441291, NULL, 125, 4),
(111, '1.00', '2000.00', 'Facturado', 'Entregado', '2022-07-27 08:40:56', 0, '2000.00', 1007163116, NULL, 125, 4),
(112, '1.00', '2000.00', 'Facturado', 'Entregado', '2022-07-27 08:41:06', 0, '2000.00', 1007258878, NULL, 125, 4),
(113, '1.00', '2000.00', 'Facturado', 'Entregado', '2022-07-27 08:41:16', 0, '2000.00', 1013102575, NULL, 125, 4),
(114, '1.00', '2000.00', 'Facturado', 'Entregado', '2022-07-27 08:41:26', 0, '2000.00', 1064186829, NULL, 125, 4),
(115, '1.00', '2000.00', 'Facturado', 'Entregado', '2022-07-27 08:41:38', 0, '2000.00', 1080290286, NULL, 125, 4),
(116, '1.00', '2000.00', 'Facturado', 'Entregado', '2022-07-27 08:41:51', 0, '2000.00', 1083865542, NULL, 125, 4),
(117, '1.00', '2000.00', 'Facturado', 'Entregado', '2022-07-27 08:42:02', 0, '2000.00', 1084251175, NULL, 125, 4),
(118, '1.00', '2000.00', 'Facturado', 'Entregado', '2022-07-27 08:42:13', 0, '2000.00', 1084251626, NULL, 125, 4),
(119, '1.00', '2000.00', 'Facturado', 'Entregado', '2022-07-27 08:42:26', 0, '2000.00', 1084251671, NULL, 125, 4),
(120, '1.00', '2000.00', 'Facturado', 'Entregado', '2022-07-27 08:42:41', 0, '2000.00', 1084251832, NULL, 125, 4),
(121, '1.00', '2000.00', 'Facturado', 'Entregado', '2022-07-27 08:42:50', 0, '2000.00', 1084330285, NULL, 125, 4),
(122, '1.00', '2000.00', 'Facturado', 'Entregado', '2022-07-27 08:43:01', 0, '2000.00', 1084867845, NULL, 125, 4),
(124, '1.00', '2000.00', 'Anulado', 'No entregado', '2022-07-27 08:47:14', 0, '2000.00', 1006947348, NULL, 19, 4),
(125, '1.00', '0.00', 'Facturado', 'Entregado', '2022-07-27 08:54:09', 0, '0.00', 1006947348, NULL, 127, 4),
(126, '1.00', '0.00', 'Facturado', 'Entregado', '2022-07-27 08:54:40', 0, '0.00', 1116912148, NULL, 85, 4),
(127, '1.00', '5000.00', 'Facturado', 'Entregado', '2022-07-27 08:58:15', 0, '5000.00', 1117523736, NULL, 49, 4),
(128, '2.00', '1000.00', 'Facturado', 'Entregado', '2022-07-27 10:35:11', 0, '2000.00', 1085275715, NULL, 132, 3),
(129, '2.00', '1000.00', 'Rechazado', 'No entregado', '2022-07-27 10:40:56', 0, '2000.00', 1083889221, 'No reclamo ', 133, 14),
(130, '4.00', '1000.00', 'Facturado', 'Entregado', '2022-07-27 10:53:40', 0, '4000.00', 1110492490, NULL, 68, 3),
(131, '2.00', '1000.00', 'Facturado', 'Entregado', '2022-07-27 10:54:25', 0, '2000.00', 1110492490, NULL, 68, 14),
(132, '4.00', '1000.00', 'Facturado', 'Entregado', '2022-07-27 11:01:00', 0, '4000.00', 36067295, NULL, 136, 14),
(133, '1.00', '1000.00', 'Facturado', 'Entregado', '2022-07-27 11:02:58', 0, '1000.00', 1117523736, NULL, 135, 3),
(134, '4.00', '1000.00', 'Facturado', 'No entregado', '2022-07-27 12:16:18', 0, '4000.00', 36287672, NULL, 41, 3),
(135, '3.00', '1000.00', 'Facturado', 'Entregado', '2022-07-27 13:50:19', 0, '3000.00', 74186754, NULL, 141, 3),
(136, '2.00', '1000.00', 'Facturado', 'Entregado', '2022-07-27 13:50:30', 0, '2000.00', 74186754, NULL, 141, 14),
(137, '3.00', '1000.00', 'Facturado', 'Entregado', '2022-07-27 14:05:40', 0, '3000.00', 36284263, NULL, 143, 3),
(138, '4.00', '1000.00', 'Facturado', 'Entregado', '2022-07-27 16:33:26', 0, '4000.00', 12240483, NULL, 148, 3),
(139, '4.00', '1000.00', 'Facturado', 'Entregado', '2022-07-27 16:33:52', 0, '4000.00', 12240483, NULL, 148, 14),
(141, '1.00', '2000.00', 'Facturado', 'Entregado', '2022-07-28 08:22:43', 0, '2000.00', 80843912, NULL, 154, 4),
(143, '1.00', '2000.00', 'Facturado', 'Entregado', '2022-07-28 08:23:15', 0, '2000.00', 1004209716, NULL, 154, 4),
(144, '1.00', '2000.00', 'Facturado', 'Entregado', '2022-07-28 08:23:32', 0, '2000.00', 1004208883, NULL, 154, 4),
(145, '1.00', '2000.00', 'Facturado', 'Entregado', '2022-07-28 08:23:51', 0, '2000.00', 1004418358, NULL, 154, 4),
(146, '1.00', '2000.00', 'Facturado', 'Entregado', '2022-07-28 08:24:05', 0, '2000.00', 1004418676, NULL, 154, 4),
(147, '1.00', '2000.00', 'Facturado', 'Entregado', '2022-07-28 08:24:53', 0, '2000.00', 1004440891, NULL, 154, 4),
(148, '1.00', '2000.00', 'Facturado', 'Entregado', '2022-07-28 08:25:02', 0, '2000.00', 1004441291, NULL, 154, 4),
(149, '1.00', '2000.00', 'Facturado', 'Entregado', '2022-07-28 08:25:13', 0, '2000.00', 1007163116, NULL, 154, 4),
(150, '1.00', '2000.00', 'Facturado', 'Entregado', '2022-07-28 08:26:58', 0, '2000.00', 1064186829, NULL, 154, 4),
(152, '1.00', '2000.00', 'Facturado', 'Entregado', '2022-07-28 08:28:30', 0, '2000.00', 1080290286, NULL, 154, 4),
(153, '1.00', '0.00', 'Facturado', 'Entregado', '2022-07-28 08:28:31', 0, '0.00', 1116912148, NULL, 157, 4),
(154, '1.00', '2000.00', 'Facturado', 'Entregado', '2022-07-28 08:28:37', 0, '2000.00', 1081699723, NULL, 154, 4),
(155, '1.00', '5000.00', 'Facturado', 'Entregado', '2022-07-28 08:28:41', 0, '5000.00', 12170749, NULL, 158, 4),
(156, '1.00', '2000.00', 'Facturado', 'Entregado', '2022-07-28 08:28:44', 0, '2000.00', 1083984147, NULL, 154, 4),
(157, '1.00', '2000.00', 'Facturado', 'Entregado', '2022-07-28 08:28:46', 0, '2000.00', 1003809079, NULL, 156, 4),
(158, '1.00', '2000.00', 'Facturado', 'Entregado', '2022-07-28 08:28:56', 0, '2000.00', 1004033848, NULL, 156, 4),
(159, '1.00', '2000.00', 'Facturado', 'Entregado', '2022-07-28 08:29:02', 0, '2000.00', 1084251626, NULL, 154, 4),
(160, '1.00', '0.00', 'Facturado', 'Entregado', '2022-07-28 08:29:03', 0, '0.00', 1006947348, NULL, 129, 4),
(161, '1.00', '2000.00', 'Facturado', 'Entregado', '2022-07-28 08:29:05', 0, '2000.00', 1004159018, NULL, 156, 4),
(162, '1.00', '2000.00', 'Facturado', 'Entregado', '2022-07-28 08:29:17', 0, '2000.00', 1004269773, NULL, 156, 4),
(163, '1.00', '5000.00', 'Facturado', 'Entregado', '2022-07-28 08:29:23', 0, '5000.00', 1117523736, NULL, 137, 4),
(164, '1.00', '2000.00', 'Facturado', 'Entregado', '2022-07-28 08:29:29', 0, '2000.00', 1004419343, NULL, 156, 4),
(165, '1.00', '2000.00', 'Facturado', 'Entregado', '2022-07-28 08:29:36', 0, '2000.00', 1084251671, NULL, 154, 4),
(166, '1.00', '2000.00', 'Facturado', 'Entregado', '2022-07-28 08:29:45', 0, '2000.00', 1084330285, NULL, 154, 4),
(167, '1.00', '2000.00', 'Facturado', 'Entregado', '2022-07-28 08:29:51', 0, '2000.00', 1084867845, NULL, 154, 4),
(168, '1.00', '2000.00', 'Facturado', 'Entregado', '2022-07-28 08:29:55', 0, '2000.00', 1083921165, NULL, 156, 4),
(169, '1.00', '2000.00', 'Facturado', 'Entregado', '2022-07-28 08:30:48', 0, '2000.00', 1007258878, NULL, 154, 4),
(170, '1.00', '2000.00', 'Facturado', 'Entregado', '2022-07-28 08:31:27', 0, '2000.00', 1079534248, NULL, 156, 4),
(171, '1.00', '2000.00', 'Facturado', 'Entregado', '2022-07-28 08:31:42', 0, '2000.00', 1083984301, NULL, 156, 4),
(172, '1.00', '2000.00', 'Facturado', 'Entregado', '2022-07-28 08:31:52', 0, '2000.00', 1129424305, NULL, 156, 4),
(173, '1.00', '2000.00', 'Facturado', 'Entregado', '2022-07-28 08:32:49', 0, '2000.00', 1078746551, NULL, 156, 4),
(174, '1.00', '5000.00', 'Rechazado', 'No entregado', '2022-07-28 08:35:58', 0, '5000.00', 1083886191, 'Pruebas ', 159, 4),
(175, '1.00', '2000.00', 'Facturado', 'Entregado', '2022-07-28 08:42:08', 0, '2000.00', 108385424, NULL, 156, 4),
(176, '1.00', '2000.00', 'Facturado', 'Entregado', '2022-07-28 08:42:47', 0, '2000.00', 1003818724, NULL, 156, 4),
(177, '1.00', '2000.00', 'Facturado', 'Entregado', '2022-07-28 08:42:55', 0, '2000.00', 1144625759, NULL, 145, 4),
(178, '1.00', '2000.00', 'Facturado', 'Entregado', '2022-07-28 08:43:04', 0, '2000.00', 1004034543, NULL, 128, 4),
(179, '1.00', '2000.00', 'Facturado', 'Entregado', '2022-07-28 08:43:06', 0, '2000.00', 1084330134, NULL, 145, 4),
(180, '1.00', '2000.00', 'Facturado', 'Entregado', '2022-07-28 08:43:11', 0, '2000.00', 1084250063, NULL, 145, 4),
(181, '1.00', '2000.00', 'Facturado', 'Entregado', '2022-07-28 08:43:12', 0, '2000.00', 1004266092, NULL, 128, 4),
(182, '1.00', '2000.00', 'Facturado', 'Entregado', '2022-07-28 08:43:18', 0, '2000.00', 1004440429, NULL, 128, 4),
(183, '1.00', '2000.00', 'Facturado', 'Entregado', '2022-07-28 08:43:18', 0, '2000.00', 1084250053, NULL, 145, 4),
(184, '1.00', '2000.00', 'Facturado', 'Entregado', '2022-07-28 08:43:25', 0, '2000.00', 1083984323, NULL, 145, 4),
(185, '1.00', '2000.00', 'Facturado', 'Entregado', '2022-07-28 08:43:27', 0, '2000.00', 1004440496, NULL, 128, 4),
(186, '1.00', '2000.00', 'Facturado', 'Entregado', '2022-07-28 08:43:33', 0, '2000.00', 1083865570, NULL, 145, 4),
(187, '1.00', '2000.00', 'Facturado', 'Entregado', '2022-07-28 08:43:34', 0, '2000.00', 1007162967, NULL, 128, 4),
(188, '1.00', '2000.00', 'Facturado', 'Entregado', '2022-07-28 08:43:39', 0, '2000.00', 1077846310, NULL, 128, 4),
(189, '1.00', '2000.00', 'Facturado', 'Entregado', '2022-07-28 08:43:41', 0, '2000.00', 1083864205, NULL, 145, 4),
(190, '1.00', '2000.00', 'Facturado', 'Entregado', '2022-07-28 08:43:46', 0, '2000.00', 1078746992, NULL, 128, 4),
(191, '1.00', '2000.00', 'Facturado', 'Entregado', '2022-07-28 08:43:53', 0, '2000.00', 1081699749, NULL, 145, 4),
(192, '1.00', '2000.00', 'Facturado', 'Entregado', '2022-07-28 08:43:53', 0, '2000.00', 1080930742, NULL, 128, 4),
(193, '1.00', '2000.00', 'Facturado', 'Entregado', '2022-07-28 08:43:59', 0, '2000.00', 1007475186, NULL, 145, 4),
(194, '1.00', '2000.00', 'Facturado', 'Entregado', '2022-07-28 08:44:00', 0, '2000.00', 1080930880, NULL, 128, 4),
(195, '1.00', '2000.00', 'Facturado', 'Entregado', '2022-07-28 08:44:09', 0, '2000.00', 1080930962, NULL, 128, 4),
(196, '1.00', '2000.00', 'Facturado', 'Entregado', '2022-07-28 08:44:10', 0, '2000.00', 1000217227, NULL, 145, 4),
(197, '1.00', '2000.00', 'Facturado', 'Entregado', '2022-07-28 08:44:15', 0, '2000.00', 1083864892, NULL, 128, 4),
(198, '1.00', '2000.00', 'Facturado', 'Entregado', '2022-07-28 08:44:22', 0, '2000.00', 1083866202, NULL, 128, 4),
(199, '1.00', '2000.00', 'Facturado', 'Entregado', '2022-07-28 08:44:30', 0, '2000.00', 1083868130, NULL, 128, 4),
(200, '1.00', '2000.00', 'Facturado', 'Entregado', '2022-07-28 08:44:38', 0, '2000.00', 1083984421, NULL, 128, 4),
(201, '1.00', '2000.00', 'Facturado', 'Entregado', '2022-07-28 08:44:45', 0, '2000.00', 1084251369, NULL, 128, 4),
(202, '1.00', '2000.00', 'Facturado', 'Entregado', '2022-07-28 08:44:51', 0, '2000.00', 1084251523, NULL, 128, 4),
(203, '1.00', '2000.00', 'Facturado', 'Entregado', '2022-07-28 08:44:57', 0, '2000.00', 1084330391, NULL, 128, 4),
(204, '1.00', '1000.00', 'Facturado', 'Entregado', '2022-07-28 08:45:44', 0, '1000.00', 12170749, NULL, 160, 14),
(205, '3.00', '1000.00', 'Facturado', 'Entregado', '2022-07-28 14:51:37', 0, '3000.00', 83090551, NULL, 164, 3),
(206, '3.00', '1000.00', 'Facturado', 'Entregado', '2022-07-28 14:54:25', 0, '3000.00', 36295573, NULL, 165, 3),
(207, '1.00', '1000.00', 'Facturado', 'Entregado', '2022-07-28 15:58:30', 0, '1000.00', 1085688083, NULL, 18, 3),
(208, '1.00', '5000.00', 'Facturado', 'Entregado', '2022-07-29 07:14:28', 0, '5000.00', 96361787, NULL, 51, 4),
(209, '1.00', '5000.00', 'Facturado', 'Entregado', '2022-07-29 07:15:48', 0, '5000.00', 1061707811, NULL, 168, 4),
(210, '1.00', '2000.00', 'Facturado', 'Entregado', '2022-07-29 07:27:59', 0, '2000.00', 1003808338, NULL, 169, 4),
(211, '1.00', '2000.00', 'Facturado', 'Entregado', '2022-07-29 07:28:33', 0, '2000.00', 1004033754, NULL, 169, 4),
(212, '1.00', '2000.00', 'Facturado', 'Entregado', '2022-07-29 07:28:39', 0, '2000.00', 1004492809, NULL, 169, 4),
(213, '1.00', '2000.00', 'Facturado', 'Entregado', '2022-07-29 07:28:47', 0, '2000.00', 1006956707, NULL, 169, 4),
(214, '1.00', '2000.00', 'Facturado', 'Entregado', '2022-07-29 07:28:56', 0, '2000.00', 1007163437, NULL, 169, 4),
(215, '1.00', '2000.00', 'Facturado', 'Entregado', '2022-07-29 07:29:06', 0, '2000.00', 1007531657, NULL, 169, 4),
(216, '1.00', '2000.00', 'Facturado', 'Entregado', '2022-07-29 07:29:14', 0, '2000.00', 1007745216, NULL, 169, 4),
(217, '1.00', '2000.00', 'Facturado', 'Entregado', '2022-07-29 07:29:22', 0, '2000.00', 1075317893, NULL, 169, 4),
(218, '1.00', '5000.00', 'Facturado', 'Entregado', '2022-07-29 07:35:25', 0, '5000.00', 1117523736, NULL, 170, 4),
(220, '1.00', '0.00', 'Facturado', 'Entregado', '2022-07-29 07:38:10', 0, '0.00', 1007411698, NULL, 155, 4),
(221, '1.00', '5000.00', 'Facturado', 'Entregado', '2022-07-29 07:43:12', 0, '5000.00', 36277903, NULL, 171, 4),
(222, '1.00', '5000.00', 'Facturado', 'Entregado', '2022-07-29 07:53:45', 0, '5000.00', 16186627, NULL, 30, 4),
(223, '1.00', '2000.00', 'Facturado', 'Entregado', '2022-07-29 07:55:29', 0, '2000.00', 1083928678, NULL, 52, 4),
(224, '1.00', '2000.00', 'Facturado', 'Entregado', '2022-07-29 07:59:09', 0, '2000.00', 1080365889, NULL, 102, 4),
(225, '1.00', '5000.00', 'Facturado', 'Entregado', '2022-07-29 07:59:36', 0, '5000.00', 83090551, NULL, 175, 4),
(226, '1.00', '2000.00', 'Anulado', 'No entregado', '2022-07-29 08:00:20', 0, '2000.00', 1084257533, NULL, 176, 4),
(227, '1.00', '2000.00', 'Facturado', 'Entregado', '2022-07-29 08:01:53', 0, '2000.00', 83215970, NULL, 5, 4),
(228, '1.00', '5000.00', 'Facturado', 'Entregado', '2022-07-29 08:02:57', 0, '5000.00', 1079508964, NULL, 31, 4),
(229, '1.00', '2000.00', 'Facturado', 'Entregado', '2022-07-29 08:03:20', 0, '2000.00', 55182547, NULL, 178, 4),
(230, '1.00', '2000.00', 'Facturado', 'Entregado', '2022-07-29 08:03:40', 0, '2000.00', 1083869142, NULL, 174, 4),
(231, '1.00', '2000.00', 'Facturado', 'Entregado', '2022-07-29 08:04:00', 0, '2000.00', 1004034070, NULL, 174, 4),
(232, '1.00', '2000.00', 'Facturado', 'Entregado', '2022-07-29 08:04:04', 0, '2000.00', 12278320, NULL, 179, 4),
(233, '1.00', '2000.00', 'Facturado', 'Entregado', '2022-07-29 08:04:22', 0, '2000.00', 1084900947, NULL, 174, 4),
(234, '1.00', '2000.00', 'Facturado', 'Entregado', '2022-07-29 08:04:49', 0, '2000.00', 1007587017, NULL, 174, 4),
(235, '1.00', '2000.00', 'Facturado', 'Entregado', '2022-07-29 08:04:57', 0, '2000.00', 1079534283, NULL, 174, 4),
(236, '1.00', '2000.00', 'Facturado', 'Entregado', '2022-07-29 08:05:26', 0, '2000.00', 1083873820, NULL, 174, 4),
(237, '1.00', '2000.00', 'Facturado', 'Entregado', '2022-07-29 08:05:41', 0, '2000.00', 1083927587, NULL, 174, 4),
(238, '1.00', '5000.00', 'Facturado', 'Entregado', '2022-07-29 08:07:08', 0, '5000.00', 1083886191, NULL, 181, 4),
(239, '1.00', '5000.00', 'Facturado', 'Entregado', '2022-07-29 08:07:48', 0, '5000.00', 1083889221, NULL, 182, 4),
(240, '1.00', '2000.00', 'Facturado', 'Entregado', '2022-07-29 08:08:22', 0, '2000.00', 1082780030, NULL, 56, 4),
(241, '1.00', '2000.00', 'Facturado', 'Entregado', '2022-07-29 08:08:37', 0, '2000.00', 12180982, NULL, 149, 4),
(242, '1.00', '5000.00', 'Facturado', 'Entregado', '2022-07-29 08:09:04', 0, '5000.00', 52953392, NULL, 183, 4),
(243, '1.00', '2000.00', 'Facturado', 'Entregado', '2022-07-29 08:09:39', 0, '2000.00', 1004446406, NULL, 180, 4),
(244, '1.00', '0.00', 'Facturado', 'Entregado', '2022-07-29 08:09:41', 0, '0.00', 1004418272, NULL, 184, 4),
(245, '1.00', '2000.00', 'Facturado', 'Entregado', '2022-07-29 08:09:43', 0, '2000.00', 1088352143, NULL, 185, 4),
(246, '1.00', '0.00', 'Facturado', 'Entregado', '2022-07-29 08:10:34', 0, '0.00', 1083923857, NULL, 186, 4),
(247, '1.00', '2000.00', 'Facturado', 'Entregado', '2022-07-29 08:10:50', 0, '2000.00', 1080933375, NULL, 187, 4),
(248, '1.00', '2000.00', 'Facturado', 'Entregado', '2022-07-29 08:12:06', 0, '2000.00', 1083883393, NULL, 188, 4),
(249, '1.00', '2000.00', 'Facturado', 'Entregado', '2022-07-29 08:12:56', 0, '2000.00', 36285127, NULL, 55, 4),
(250, '1.00', '2000.00', 'Facturado', 'No entregado', '2022-07-29 08:13:05', 0, '2000.00', 108385424, NULL, 189, 4),
(251, '1.00', '2000.00', 'Facturado', 'Entregado', '2022-07-29 08:13:17', 0, '2000.00', 1003809079, NULL, 189, 4),
(252, '1.00', '2000.00', 'Facturado', 'Entregado', '2022-07-29 08:13:20', 0, '2000.00', 1078746185, NULL, 190, 4),
(253, '1.00', '2000.00', 'Facturado', 'Entregado', '2022-07-29 08:13:23', 0, '2000.00', 1003818724, NULL, 189, 4),
(254, '1.00', '2000.00', 'Facturado', 'Entregado', '2022-07-29 08:13:32', 0, '2000.00', 1004033848, NULL, 189, 4),
(255, '1.00', '2000.00', 'Facturado', 'Entregado', '2022-07-29 08:13:34', 0, '2000.00', 12265488, NULL, 61, 4),
(256, '1.00', '2000.00', 'Facturado', 'Entregado', '2022-07-29 08:13:40', 0, '2000.00', 1004159018, NULL, 189, 4),
(257, '1.00', '2000.00', 'Facturado', 'Entregado', '2022-07-29 08:13:42', 0, '2000.00', 1007163826, NULL, 61, 4),
(258, '1.00', '2000.00', 'Facturado', 'Entregado', '2022-07-29 08:13:48', 0, '2000.00', 1004269773, NULL, 189, 4),
(259, '1.00', '2000.00', 'Facturado', 'Entregado', '2022-07-29 08:13:53', 0, '2000.00', 1003993956, NULL, 61, 4),
(260, '1.00', '2000.00', 'Facturado', 'No entregado', '2022-07-29 08:14:00', 0, '2000.00', 1078746551, NULL, 189, 4),
(261, '1.00', '2000.00', 'Facturado', 'Entregado', '2022-07-29 08:14:03', 0, '2000.00', 1007587211, NULL, 61, 4),
(262, '1.00', '2000.00', 'Facturado', 'Entregado', '2022-07-29 08:14:11', 0, '2000.00', 1083907806, NULL, 61, 4),
(263, '1.00', '2000.00', 'Facturado', 'Entregado', '2022-07-29 08:14:18', 0, '2000.00', 1079534248, NULL, 189, 4),
(264, '1.00', '2000.00', 'Facturado', 'Entregado', '2022-07-29 08:14:28', 0, '2000.00', 1000790396, NULL, 61, 4),
(265, '1.00', '2000.00', 'Facturado', 'Entregado', '2022-07-29 08:14:38', 0, '2000.00', 1005706529, NULL, 61, 4),
(266, '1.00', '2000.00', 'Facturado', 'Entregado', '2022-07-29 08:14:52', 0, '2000.00', 1084251327, NULL, 61, 4),
(267, '1.00', '2000.00', 'Facturado', 'Entregado', '2022-07-29 08:14:52', 0, '2000.00', 1078746506, NULL, 191, 4),
(268, '1.00', '2000.00', 'Facturado', 'Entregado', '2022-07-29 08:14:56', 0, '2000.00', 1004343648, NULL, 191, 4),
(269, '1.00', '2000.00', 'Facturado', 'Entregado', '2022-07-29 08:15:05', 0, '2000.00', 1012328451, NULL, 61, 4),
(270, '1.00', '2000.00', 'Facturado', 'Entregado', '2022-07-29 08:15:17', 0, '2000.00', 1083868207, NULL, 61, 4),
(271, '1.00', '2000.00', 'Facturado', 'Entregado', '2022-07-29 08:15:26', 0, '2000.00', 1083866437, NULL, 61, 4),
(272, '1.00', '2000.00', 'Facturado', 'Entregado', '2022-07-29 08:15:33', 0, '2000.00', 1083921165, NULL, 189, 4),
(273, '1.00', '2000.00', 'Facturado', 'Entregado', '2022-07-29 08:15:54', 0, '2000.00', 1083984301, NULL, 189, 4),
(274, '1.00', '2000.00', 'Facturado', 'Entregado', '2022-07-29 08:16:03', 0, '2000.00', 1129424305, NULL, 189, 4),
(275, '1.00', '2000.00', 'Facturado', 'Entregado', '2022-07-29 08:16:11', 0, '2000.00', 36290129, NULL, 82, 4),
(276, '1.00', '0.00', 'Facturado', 'Entregado', '2022-07-29 08:16:27', 0, '0.00', 1004492720, NULL, 192, 4),
(277, '1.00', '0.00', 'Facturado', 'Entregado', '2022-07-29 08:18:43', 0, '0.00', 12234260, NULL, 194, 4),
(278, '1.00', '2000.00', 'Facturado', 'No entregado', '2022-07-29 08:21:43', 0, '2000.00', 1001201149, NULL, 195, 4),
(279, '1.00', '2000.00', 'Facturado', 'Entregado', '2022-07-29 08:21:57', 0, '2000.00', 1004083443, NULL, 195, 4),
(280, '1.00', '2000.00', 'Facturado', 'Entregado', '2022-07-29 08:22:08', 0, '2000.00', 1004209154, NULL, 195, 4),
(281, '1.00', '2000.00', 'Facturado', 'Entregado', '2022-07-29 08:22:23', 0, '2000.00', 1007705577, NULL, 195, 4),
(282, '1.00', '2000.00', 'Facturado', 'Entregado', '2022-07-29 08:22:36', 0, '2000.00', 1083864126, NULL, 195, 4),
(283, '1.00', '2000.00', 'Facturado', 'Entregado', '2022-07-29 08:22:44', 0, '2000.00', 1083867897, NULL, 195, 4),
(284, '1.00', '2000.00', 'Facturado', 'No entregado', '2022-07-29 08:22:56', 0, '2000.00', 1025522425, NULL, 196, 4),
(285, '1.00', '2000.00', 'Facturado', 'Entregado', '2022-07-29 08:22:58', 0, '2000.00', 1124242185, NULL, 195, 4),
(286, '1.00', '2000.00', 'Facturado', 'No entregado', '2022-07-29 08:23:10', 0, '2000.00', 1084330817, NULL, 196, 4),
(287, '1.00', '2000.00', 'Facturado', 'Entregado', '2022-07-29 08:23:31', 0, '2000.00', 1084330581, NULL, 196, 4),
(288, '1.00', '2000.00', 'Facturado', 'Entregado', '2022-07-29 08:23:42', 0, '2000.00', 1087789576, NULL, 196, 4),
(289, '1.00', '2000.00', 'Facturado', 'Entregado', '2022-07-29 08:23:52', 0, '2000.00', 1083984132, NULL, 196, 4),
(290, '1.00', '2000.00', 'Facturado', 'Entregado', '2022-07-29 08:28:36', 0, '2000.00', 1080260084, NULL, 198, 4),
(291, '1.00', '2000.00', 'Facturado', 'Entregado', '2022-07-29 08:28:44', 0, '2000.00', 1003084761, NULL, 198, 4),
(292, '1.00', '2000.00', 'Facturado', 'Entregado', '2022-07-29 08:28:58', 0, '2000.00', 1004440489, NULL, 198, 4),
(293, '1.00', '2000.00', 'Facturado', 'Entregado', '2022-07-29 08:29:06', 0, '2000.00', 1006148286, NULL, 198, 4),
(294, '1.00', '2000.00', 'Facturado', 'Entregado', '2022-07-29 08:29:15', 0, '2000.00', 1007163198, NULL, 198, 4),
(295, '1.00', '2000.00', 'Facturado', 'Entregado', '2022-07-29 08:29:23', 0, '2000.00', 1007194201, NULL, 198, 4),
(296, '1.00', '2000.00', 'Facturado', 'Entregado', '2022-07-29 08:29:34', 0, '2000.00', 1007328066, NULL, 198, 4),
(297, '1.00', '2000.00', 'Facturado', 'Entregado', '2022-07-29 08:29:46', 0, '2000.00', 1060296006, NULL, 198, 4),
(298, '1.00', '2000.00', 'Facturado', 'Entregado', '2022-07-29 08:29:55', 0, '2000.00', 1083867012, NULL, 198, 4),
(299, '1.00', '2000.00', 'Facturado', 'Entregado', '2022-07-29 08:29:55', 0, '2000.00', 1004083573, NULL, 191, 4),
(300, '1.00', '2000.00', 'Facturado', 'Entregado', '2022-07-29 08:30:11', 0, '2000.00', 1004251310, NULL, 191, 4),
(301, '1.00', '2000.00', 'Facturado', 'Entregado', '2022-07-29 08:30:31', 0, '2000.00', 1006093869, NULL, 191, 4),
(302, '1.00', '2000.00', 'Facturado', 'Entregado', '2022-07-29 08:30:45', 0, '2000.00', 1007284692, NULL, 191, 4),
(303, '1.00', '2000.00', 'Facturado', 'Entregado', '2022-07-29 08:31:01', 0, '2000.00', 1007431193, NULL, 191, 4),
(304, '1.00', '2000.00', 'Facturado', 'Entregado', '2022-07-29 08:32:18', 0, '2000.00', 1003587606, NULL, 177, 4),
(305, '1.00', '2000.00', 'Facturado', 'Entregado', '2022-07-29 08:32:28', 0, '2000.00', 1004083241, NULL, 177, 4),
(306, '1.00', '2000.00', 'Facturado', 'Entregado', '2022-07-29 08:32:40', 0, '2000.00', 1004083428, NULL, 177, 4),
(307, '1.00', '2000.00', 'Facturado', 'Entregado', '2022-07-29 08:32:50', 0, '2000.00', 1004446242, NULL, 177, 4),
(308, '1.00', '2000.00', 'Facturado', 'Entregado', '2022-07-29 08:33:02', 0, '2000.00', 80843912, NULL, 193, 4),
(309, '1.00', '2000.00', 'Facturado', 'Entregado', '2022-07-29 08:33:05', 0, '2000.00', 1007745539, NULL, 177, 4),
(310, '1.00', '2000.00', 'Facturado', 'Entregado', '2022-07-29 08:33:14', 0, '2000.00', 1004208883, NULL, 193, 4),
(311, '1.00', '2000.00', 'Facturado', 'Entregado', '2022-07-29 08:33:19', 0, '2000.00', 1079534328, NULL, 177, 4),
(312, '1.00', '2000.00', 'Facturado', 'Entregado', '2022-07-29 08:33:23', 0, '2000.00', 1004418358, NULL, 193, 4),
(313, '1.00', '2000.00', 'Facturado', 'Entregado', '2022-07-29 08:33:33', 0, '2000.00', 1081394466, NULL, 177, 4),
(314, '1.00', '2000.00', 'Facturado', 'Entregado', '2022-07-29 08:33:35', 0, '2000.00', 1004418676, NULL, 193, 4),
(315, '1.00', '2000.00', 'Facturado', 'Entregado', '2022-07-29 08:33:43', 0, '2000.00', 1083864186, NULL, 177, 4),
(316, '1.00', '2000.00', 'Facturado', 'Entregado', '2022-07-29 08:33:55', 0, '2000.00', 1083864269, NULL, 177, 4),
(317, '1.00', '2000.00', 'Facturado', 'Entregado', '2022-07-29 08:34:06', 0, '2000.00', 1083897794, NULL, 177, 4),
(318, '1.00', '2000.00', 'Facturado', 'No entregado', '2022-07-29 08:34:08', 0, '2000.00', 1004440891, NULL, 193, 4),
(319, '1.00', '2000.00', 'Facturado', 'Entregado', '2022-07-29 08:34:20', 0, '2000.00', 1084251450, NULL, 177, 4),
(320, '1.00', '2000.00', 'Facturado', 'Entregado', '2022-07-29 08:34:21', 0, '2000.00', 1004441291, NULL, 193, 4),
(321, '1.00', '2000.00', 'Facturado', 'Entregado', '2022-07-29 08:34:30', 0, '2000.00', 1007163116, NULL, 193, 4),
(322, '1.00', '2000.00', 'Facturado', 'Entregado', '2022-07-29 08:34:31', 0, '2000.00', 1084330630, NULL, 177, 4),
(323, '1.00', '2000.00', 'Facturado', 'Entregado', '2022-07-29 08:34:40', 0, '2000.00', 1007258878, NULL, 193, 4),
(324, '1.00', '2000.00', 'Facturado', 'Entregado', '2022-07-29 08:34:40', 0, '2000.00', 1089478152, NULL, 177, 4),
(325, '1.00', '2000.00', 'Facturado', 'Entregado', '2022-07-29 08:34:49', 0, '2000.00', 1013102575, NULL, 193, 4),
(326, '1.00', '2000.00', 'Facturado', 'Entregado', '2022-07-29 08:34:51', 0, '2000.00', 1193031688, NULL, 177, 4),
(327, '1.00', '0.00', 'Facturado', 'Entregado', '2022-07-29 08:34:56', 0, '0.00', 83041505, NULL, 200, 4),
(328, '1.00', '2000.00', 'Facturado', 'Entregado', '2022-07-29 08:34:57', 0, '2000.00', 1064186829, NULL, 193, 4),
(329, '1.00', '2000.00', 'Facturado', 'Entregado', '2022-07-29 08:35:03', 0, '2000.00', 1193572095, NULL, 177, 4),
(330, '1.00', '2000.00', 'Facturado', 'Entregado', '2022-07-29 08:35:12', 0, '2000.00', 1080290286, NULL, 193, 4),
(331, '1.00', '2000.00', 'Facturado', 'Entregado', '2022-07-29 08:35:33', 0, '2000.00', 1081699723, NULL, 193, 4),
(332, '1.00', '2000.00', 'Facturado', 'Entregado', '2022-07-29 08:35:43', 0, '2000.00', 1083865542, NULL, 193, 4),
(333, '1.00', '2000.00', 'Facturado', 'Entregado', '2022-07-29 08:35:54', 0, '2000.00', 1083984147, NULL, 193, 4),
(334, '1.00', '0.00', 'Facturado', 'Entregado', '2022-07-29 08:36:02', 0, '0.00', 1007163028, NULL, 201, 4),
(335, '1.00', '2000.00', 'Facturado', 'Entregado', '2022-07-29 08:36:04', 0, '2000.00', 1084251626, NULL, 193, 4),
(336, '1.00', '2000.00', 'Facturado', 'Entregado', '2022-07-29 08:36:22', 0, '2000.00', 1084251671, NULL, 193, 4),
(337, '1.00', '2000.00', 'Facturado', 'Entregado', '2022-07-29 08:36:52', 0, '2000.00', 1084330285, NULL, 193, 4),
(338, '1.00', '2000.00', 'Facturado', 'Entregado', '2022-07-29 08:37:02', 0, '2000.00', 1084867845, NULL, 193, 4),
(339, '1.00', '2000.00', 'Facturado', 'Entregado', '2022-07-29 08:37:53', 0, '2000.00', 1007443930, NULL, 191, 4),
(340, '1.00', '2000.00', 'Facturado', 'Entregado', '2022-07-29 08:38:07', 0, '2000.00', 1007531583, NULL, 191, 4),
(341, '1.00', '2000.00', 'Facturado', 'Entregado', '2022-07-29 08:38:22', 0, '2000.00', 1013102895, NULL, 191, 4),
(342, '1.00', '2000.00', 'Facturado', 'Entregado', '2022-07-29 08:38:40', 0, '2000.00', 1078746654, NULL, 191, 4),
(343, '1.00', '0.00', 'Facturado', 'Entregado', '2022-07-29 08:38:41', 0, '0.00', 1084250082, NULL, 202, 4),
(344, '1.00', '2000.00', 'Facturado', 'Entregado', '2022-07-29 08:38:51', 0, '2000.00', 1079534335, NULL, 191, 4),
(345, '1.00', '2000.00', 'Facturado', 'Entregado', '2022-07-29 08:39:02', 0, '2000.00', 1084330110, NULL, 191, 4),
(346, '1.00', '2000.00', 'Facturado', 'Entregado', '2022-07-29 08:39:09', 0, '2000.00', 53011894, NULL, 173, 4),
(347, '1.00', '2000.00', 'Facturado', 'Entregado', '2022-07-29 08:39:15', 0, '2000.00', 1117484046, NULL, 191, 4),
(348, '1.00', '2000.00', 'Facturado', 'Entregado', '2022-07-29 08:39:28', 0, '2000.00', 1193043009, NULL, 191, 4),
(349, '1.00', '2000.00', 'Facturado', 'Entregado', '2022-07-29 08:39:29', 0, '2000.00', 1126624391, NULL, 173, 4),
(350, '1.00', '2000.00', 'Facturado', 'Entregado', '2022-07-29 08:39:43', 0, '2000.00', 1143832520, NULL, 173, 4),
(351, '1.00', '2000.00', 'Facturado', 'Entregado', '2022-07-29 08:39:51', 0, '2000.00', 1004269260, NULL, 173, 4),
(352, '1.00', '2000.00', 'Facturado', 'Entregado', '2022-07-29 08:40:00', 0, '2000.00', 1083864224, NULL, 173, 4),
(353, '1.00', '2000.00', 'Facturado', 'Entregado', '2022-07-29 08:40:11', 0, '2000.00', 1121326596, NULL, 173, 4),
(354, '1.00', '2000.00', 'Facturado', 'No entregado', '2022-07-29 08:40:22', 0, '2000.00', 1083866595, NULL, 173, 4),
(355, '1.00', '2000.00', 'Facturado', 'Entregado', '2022-07-29 08:40:33', 0, '2000.00', 1003804280, NULL, 203, 4),
(356, '1.00', '2000.00', 'Facturado', 'Entregado', '2022-07-29 08:40:37', 0, '2000.00', 1083984162, NULL, 173, 4),
(357, '1.00', '2000.00', 'Facturado', 'Entregado', '2022-07-29 08:40:48', 0, '2000.00', 1007745499, NULL, 173, 4),
(358, '1.00', '2000.00', 'Facturado', 'Entregado', '2022-07-29 08:40:58', 0, '2000.00', 1083931348, NULL, 173, 4),
(359, '1.00', '2000.00', 'Facturado', 'Entregado', '2022-07-29 08:41:08', 0, '2000.00', 1006515089, NULL, 173, 4),
(360, '1.00', '2000.00', 'Facturado', 'Entregado', '2022-07-29 08:41:21', 0, '2000.00', 1004418281, NULL, 203, 4),
(361, '1.00', '2000.00', 'Facturado', 'Entregado', '2022-07-29 08:41:26', 0, '2000.00', 1004033606, NULL, 173, 4),
(362, '1.00', '2000.00', 'Facturado', 'Entregado', '2022-07-29 08:41:29', 0, '2000.00', 1004418425, NULL, 203, 4),
(363, '1.00', '2000.00', 'Facturado', 'Entregado', '2022-07-29 08:41:37', 0, '2000.00', 1083913626, NULL, 173, 4),
(364, '1.00', '2000.00', 'Facturado', 'Entregado', '2022-07-29 08:41:47', 0, '2000.00', 1004417133, NULL, 173, 4),
(365, '1.00', '2000.00', 'Facturado', 'Entregado', '2022-07-29 08:41:48', 0, '2000.00', 1004446438, NULL, 203, 4),
(366, '1.00', '2000.00', 'Facturado', 'Entregado', '2022-07-29 08:41:48', 0, '2000.00', 1003819627, NULL, 204, 4),
(367, '1.00', '2000.00', 'Facturado', 'Entregado', '2022-07-29 08:41:55', 0, '2000.00', 1004209099, NULL, 204, 4),
(368, '1.00', '2000.00', 'Facturado', 'Entregado', '2022-07-29 08:42:02', 0, '2000.00', 1004269053, NULL, 204, 4),
(369, '1.00', '2000.00', 'Facturado', 'Entregado', '2022-07-29 08:42:09', 0, '2000.00', 1004446215, NULL, 204, 4),
(370, '1.00', '2000.00', 'Facturado', 'Entregado', '2022-07-29 08:42:17', 0, '2000.00', 1006343815, NULL, 204, 4),
(371, '1.00', '2000.00', 'Facturado', 'Entregado', '2022-07-29 08:42:24', 0, '2000.00', 1007750715, NULL, 204, 4),
(372, '1.00', '2000.00', 'Facturado', 'Entregado', '2022-07-29 08:42:24', 0, '2000.00', 1058962010, NULL, 203, 4),
(373, '1.00', '2000.00', 'Facturado', 'Entregado', '2022-07-29 08:42:31', 0, '2000.00', 1010078490, NULL, 204, 4),
(374, '1.00', '2000.00', 'Facturado', 'Entregado', '2022-07-29 08:42:35', 0, '2000.00', 1077226632, NULL, 203, 4),
(375, '1.00', '2000.00', 'Facturado', 'Entregado', '2022-07-29 08:42:40', 0, '2000.00', 1015474815, NULL, 204, 4),
(376, '1.00', '2000.00', 'Facturado', 'Entregado', '2022-07-29 08:42:46', 0, '2000.00', 1080360131, NULL, 204, 4),
(377, '1.00', '2000.00', 'Facturado', 'Entregado', '2022-07-29 08:42:48', 0, '2000.00', 1080930325, NULL, 203, 4),
(378, '1.00', '2000.00', 'Facturado', 'Entregado', '2022-07-29 08:42:50', 0, '2000.00', 1080930754, NULL, 173, 4),
(379, '1.00', '2000.00', 'Facturado', 'Entregado', '2022-07-29 08:42:52', 0, '2000.00', 1080930251, NULL, 204, 4),
(380, '1.00', '2000.00', 'Facturado', 'Entregado', '2022-07-29 08:42:56', 0, '2000.00', 1080931418, NULL, 203, 4),
(381, '1.00', '2000.00', 'Facturado', 'Entregado', '2022-07-29 08:42:57', 0, '2000.00', 1003809090, NULL, 173, 4),
(382, '1.00', '2000.00', 'Facturado', 'Entregado', '2022-07-29 08:42:58', 0, '2000.00', 1080930505, NULL, 204, 4),
(383, '1.00', '2000.00', 'Facturado', 'Entregado', '2022-07-29 08:43:04', 0, '2000.00', 1007695751, NULL, 173, 4),
(384, '1.00', '2000.00', 'Facturado', 'Entregado', '2022-07-29 08:43:05', 0, '2000.00', 1082154540, NULL, 204, 4),
(385, '1.00', '2000.00', 'Facturado', 'Entregado', '2022-07-29 08:43:06', 0, '2000.00', 1081699614, NULL, 203, 4),
(386, '1.00', '2000.00', 'Facturado', 'Entregado', '2022-07-29 08:43:11', 0, '2000.00', 1083864335, NULL, 203, 4),
(387, '1.00', '2000.00', 'Facturado', 'Entregado', '2022-07-29 08:43:15', 0, '2000.00', 1083864132, NULL, 204, 4),
(388, '1.00', '2000.00', 'Facturado', 'Entregado', '2022-07-29 08:43:24', 0, '2000.00', 1083865710, NULL, 204, 4),
(389, '1.00', '2000.00', 'Facturado', 'Entregado', '2022-07-29 08:43:36', 0, '2000.00', 1083867339, NULL, 204, 4),
(390, '1.00', '2000.00', 'Facturado', 'Entregado', '2022-07-29 08:43:38', 0, '2000.00', 1084330239, NULL, 203, 4),
(391, '1.00', '2000.00', 'Facturado', 'Entregado', '2022-07-29 08:43:44', 0, '2000.00', 1083868624, NULL, 204, 4),
(392, '1.00', '2000.00', 'Facturado', 'Entregado', '2022-07-29 08:43:45', 0, '2000.00', 1084330977, NULL, 203, 4),
(393, '1.00', '2000.00', 'Facturado', 'Entregado', '2022-07-29 08:43:51', 0, '2000.00', 1083868724, NULL, 204, 4),
(394, '1.00', '2000.00', 'Facturado', 'Entregado', '2022-07-29 08:43:51', 0, '2000.00', 1125179600, NULL, 203, 4),
(395, '1.00', '2000.00', 'Facturado', 'Entregado', '2022-07-29 08:44:00', 0, '2000.00', 1083868782, NULL, 204, 4),
(396, '1.00', '2000.00', 'Facturado', 'Entregado', '2022-07-29 08:44:08', 0, '2000.00', 1084330210, NULL, 204, 4),
(397, '1.00', '2000.00', 'Facturado', 'Entregado', '2022-07-29 08:44:15', 0, '2000.00', 1084896445, NULL, 204, 4),
(398, '1.00', '2000.00', 'Facturado', 'Entregado', '2022-07-29 08:44:21', 0, '2000.00', 1144128106, NULL, 204, 4),
(399, '1.00', '2000.00', 'Facturado', 'Entregado', '2022-07-29 08:45:01', 0, '2000.00', 1080188513, NULL, 172, 4),
(400, '1.00', '2000.00', 'Facturado', 'Entregado', '2022-07-29 08:45:16', 0, '2000.00', 1083921794, NULL, 172, 4),
(401, '1.00', '2000.00', 'Facturado', 'Entregado', '2022-07-29 08:45:37', 0, '2000.00', 1079534343, NULL, 172, 4),
(402, '1.00', '0.00', 'Facturado', 'Entregado', '2022-07-29 08:45:40', 0, '0.00', 1007417741, NULL, 80, 4),
(403, '1.00', '2000.00', 'Facturado', 'Entregado', '2022-07-29 08:46:26', 0, '2000.00', 1079534289, NULL, 172, 4),
(404, '1.00', '2000.00', 'Facturado', 'Entregado', '2022-07-29 08:46:45', 0, '2000.00', 1081592359, NULL, 172, 4),
(405, '1.00', '2000.00', 'Facturado', 'Entregado', '2022-07-29 08:46:51', 0, '2000.00', 1004034543, NULL, 167, 4),
(406, '1.00', '2000.00', 'Facturado', 'Entregado', '2022-07-29 08:47:00', 0, '2000.00', 1004266092, NULL, 167, 4),
(407, '1.00', '2000.00', 'Facturado', 'Entregado', '2022-07-29 08:47:06', 0, '2000.00', 1083899474, NULL, 172, 4),
(408, '1.00', '2000.00', 'Facturado', 'No entregado', '2022-07-29 08:47:06', 0, '2000.00', 1004440429, NULL, 167, 4),
(409, '1.00', '2000.00', 'Facturado', 'Entregado', '2022-07-29 08:47:14', 0, '2000.00', 1004440496, NULL, 167, 4),
(410, '1.00', '2000.00', 'Facturado', 'Entregado', '2022-07-29 08:47:20', 0, '2000.00', 1007162967, NULL, 167, 4),
(411, '1.00', '2000.00', 'Facturado', 'Entregado', '2022-07-29 08:47:22', 0, '2000.00', 1006511378, NULL, 172, 4),
(412, '1.00', '2000.00', 'Facturado', 'Entregado', '2022-07-29 08:47:27', 0, '2000.00', 1077846310, NULL, 167, 4),
(413, '1.00', '2000.00', 'Facturado', 'Entregado', '2022-07-29 08:47:31', 0, '2000.00', 1007308221, NULL, 172, 4),
(414, '1.00', '2000.00', 'Facturado', 'Entregado', '2022-07-29 08:47:41', 0, '2000.00', 1080930742, NULL, 167, 4),
(415, '1.00', '2000.00', 'Facturado', 'Entregado', '2022-07-29 08:47:48', 0, '2000.00', 1080930880, NULL, 167, 4),
(416, '1.00', '2000.00', 'Facturado', 'Entregado', '2022-07-29 08:47:55', 0, '2000.00', 1080930962, NULL, 167, 4),
(417, '1.00', '2000.00', 'Facturado', 'Entregado', '2022-07-29 08:47:59', 0, '2000.00', 1083870562, NULL, 172, 4),
(418, '1.00', '2000.00', 'Facturado', 'Entregado', '2022-07-29 08:48:04', 0, '2000.00', 1083864892, NULL, 167, 4),
(419, '1.00', '2000.00', 'Facturado', 'Entregado', '2022-07-29 08:48:22', 0, '2000.00', 1083866202, NULL, 167, 4),
(420, '1.00', '2000.00', 'Facturado', 'Entregado', '2022-07-29 08:48:22', 0, '2000.00', 1193566292, NULL, 172, 4),
(421, '1.00', '2000.00', 'Facturado', 'Entregado', '2022-07-29 08:48:38', 0, '2000.00', 1083868130, NULL, 167, 4),
(422, '1.00', '2000.00', 'Facturado', 'Entregado', '2022-07-29 08:48:51', 0, '2000.00', 1083878528, NULL, 167, 4),
(423, '1.00', '2000.00', 'Facturado', 'Entregado', '2022-07-29 08:48:57', 0, '2000.00', 1003828830, NULL, 172, 4),
(424, '1.00', '2000.00', 'Facturado', 'Entregado', '2022-07-29 08:49:01', 0, '2000.00', 1083984421, NULL, 167, 4),
(425, '1.00', '2000.00', 'Facturado', 'Entregado', '2022-07-29 08:49:14', 0, '2000.00', 1084251369, NULL, 167, 4),
(426, '1.00', '2000.00', 'Facturado', 'Entregado', '2022-07-29 08:49:16', 0, '2000.00', 1004440089, NULL, 199, 4),
(427, '1.00', '2000.00', 'Facturado', 'Entregado', '2022-07-29 08:49:22', 0, '2000.00', 1084251523, NULL, 167, 4),
(428, '1.00', '2000.00', 'Facturado', 'Entregado', '2022-07-29 08:49:24', 0, '2000.00', 1004266866, NULL, 199, 4),
(429, '1.00', '2000.00', 'Facturado', 'Entregado', '2022-07-29 08:49:25', 0, '2000.00', 1021312788, NULL, 172, 4),
(430, '1.00', '2000.00', 'Facturado', 'Entregado', '2022-07-29 08:49:34', 0, '2000.00', 1084330391, NULL, 167, 4),
(431, '1.00', '2000.00', 'Facturado', 'Entregado', '2022-07-29 08:49:43', 0, '2000.00', 1004417302, NULL, 205, 4),
(432, '1.00', '2000.00', 'Facturado', 'Entregado', '2022-07-29 08:50:00', 0, '2000.00', 1004155543, NULL, 199, 4),
(433, '1.00', '2000.00', 'Facturado', 'Entregado', '2022-07-29 08:50:02', 0, '2000.00', 1004472698, NULL, 172, 4),
(434, '1.00', '2000.00', 'Facturado', 'Entregado', '2022-07-29 08:50:16', 0, '2000.00', 1007521262, NULL, 207, 4),
(435, '1.00', '2000.00', 'Facturado', 'Entregado', '2022-07-29 08:50:20', 0, '2000.00', 1004269111, NULL, 199, 4),
(436, '1.00', '2000.00', 'Facturado', 'Entregado', '2022-07-29 08:50:28', 0, '2000.00', 1193100658, NULL, 172, 4),
(437, '1.00', '2000.00', 'Facturado', 'Entregado', '2022-07-29 08:50:34', 0, '2000.00', 1004442867, NULL, 199, 4),
(439, '1.00', '5000.00', 'Facturado', 'Entregado', '2022-07-29 08:50:55', 0, '5000.00', 1083916034, NULL, 123, 4),
(440, '1.00', '2000.00', 'Facturado', 'Entregado', '2022-07-29 08:50:58', 0, '2000.00', 1006484745, NULL, 199, 4),
(441, '1.00', '2000.00', 'Facturado', 'Entregado', '2022-07-29 08:51:23', 0, '2000.00', 1007163257, NULL, 199, 4),
(442, '1.00', '2000.00', 'Facturado', 'Entregado', '2022-07-29 08:51:25', 0, '2000.00', 1007745330, NULL, 207, 4),
(443, '1.00', '2000.00', 'Facturado', 'Entregado', '2022-07-29 08:51:38', 0, '2000.00', 1007308067, NULL, 207, 4),
(444, '1.00', '2000.00', 'Facturado', 'Entregado', '2022-07-29 08:51:49', 0, '2000.00', 1007248979, NULL, 199, 4),
(445, '1.00', '2000.00', 'Facturado', 'Entregado', '2022-07-29 08:51:51', 0, '2000.00', 1095484680, NULL, 207, 4),
(446, '1.00', '2000.00', 'Facturado', 'Entregado', '2022-07-29 08:52:07', 0, '2000.00', 1083871179, NULL, 207, 4),
(447, '1.00', '2000.00', 'Facturado', 'Entregado', '2022-07-29 08:52:16', 0, '2000.00', 1083870026, NULL, 207, 4),
(448, '1.00', '2000.00', 'Facturado', 'Entregado', '2022-07-29 08:52:18', 0, '2000.00', 1007502778, NULL, 199, 4),
(449, '1.00', '2000.00', 'Facturado', 'Entregado', '2022-07-29 08:52:38', 0, '2000.00', 1083866609, NULL, 207, 4),
(450, '1.00', '2000.00', 'Facturado', 'Entregado', '2022-07-29 08:52:42', 0, '2000.00', 1007587139, NULL, 199, 4),
(451, '1.00', '2000.00', 'Facturado', 'Entregado', '2022-07-29 08:52:45', 0, '2000.00', 1007163760, NULL, 207, 4),
(452, '1.00', '2000.00', 'Facturado', 'Entregado', '2022-07-29 08:52:58', 0, '2000.00', 1083867708, NULL, 207, 4),
(453, '1.00', '2000.00', 'Facturado', 'Entregado', '2022-07-29 08:53:05', 0, '2000.00', 1007659333, NULL, 199, 4),
(454, '1.00', '2000.00', 'Facturado', 'Entregado', '2022-07-29 08:53:08', 0, '2000.00', 1083869167, NULL, 207, 4),
(455, '1.00', '2000.00', 'Facturado', 'Entregado', '2022-07-29 08:53:21', 0, '2000.00', 1078746103, NULL, 207, 4),
(456, '1.00', '2000.00', 'Facturado', 'Entregado', '2022-07-29 08:53:29', 0, '2000.00', 1081728132, NULL, 199, 4),
(457, '1.00', '2000.00', 'Facturado', 'Entregado', '2022-07-29 08:53:50', 0, '2000.00', 1082124321, NULL, 199, 4),
(458, '1.00', '0.00', 'Facturado', 'Entregado', '2022-07-29 08:53:58', 0, '0.00', 1006947348, NULL, 166, 4),
(459, '1.00', '2000.00', 'Facturado', 'Entregado', '2022-07-29 08:54:11', 0, '2000.00', 1083864129, NULL, 199, 4),
(460, '1.00', '2000.00', 'Facturado', 'Entregado', '2022-07-29 08:54:21', 0, '2000.00', 1124850116, NULL, 207, 4);
INSERT INTO `detalle` (`id_detalle`, `cantidad`, `valor`, `Estado`, `Entregado`, `fecha`, `porcentaje`, `subtotal`, `Persona`, `descripcion`, `fk_Id_movimiento`, `fk_id_inventario`) VALUES
(461, '1.00', '2000.00', 'Facturado', 'Entregado', '2022-07-29 08:54:34', 0, '2000.00', 1083889514, NULL, 199, 4),
(462, '1.00', '2000.00', 'Facturado', 'Entregado', '2022-07-29 08:54:34', 0, '2000.00', 1078746269, NULL, 207, 4),
(463, '1.00', '2000.00', 'Facturado', 'Entregado', '2022-07-29 08:54:42', 0, '2000.00', 12144652, NULL, 207, 4),
(464, '1.00', '0.00', 'Facturado', 'Entregado', '2022-07-29 08:54:55', 0, '0.00', 1116912148, NULL, 161, 4),
(465, '1.00', '2000.00', 'Facturado', 'Entregado', '2022-07-29 08:54:58', 0, '2000.00', 1083928882, NULL, 199, 4),
(466, '1.00', '2000.00', 'Facturado', 'Entregado', '2022-07-29 08:58:24', 0, '2000.00', 1004446208, NULL, 209, 4),
(467, '1.00', '2000.00', 'Facturado', 'Entregado', '2022-07-29 08:59:38', 0, '2000.00', 1084257533, NULL, 210, 4),
(468, '22.00', '6000.00', 'Facturado', 'Entregado', '2022-07-29 09:19:11', 0, '132000.00', 1004251870, NULL, 213, 4),
(470, '1.00', '1000.00', 'Reservado', 'No entregado', '2022-07-29 13:40:45', 0, '1000.00', 36287672, NULL, 223, 3),
(471, '5.00', '1000.00', 'Facturado', 'No entregado', '2022-07-29 13:41:02', 0, '5000.00', 36288847, NULL, 222, 3),
(473, '1.00', '1000.00', 'Reservado', 'No entregado', '2022-07-29 14:25:30', 0, '1000.00', 1004034070, NULL, 36, 3),
(474, '2.00', '1000.00', 'Reservado', 'No entregado', '2022-07-29 14:33:20', 0, '2000.00', 1083873820, NULL, 229, 3),
(475, '1.00', '10000.00', 'Reservado', 'No entregado', '2022-07-29 14:55:07', 0, '10000.00', 12262605, NULL, 221, 5),
(476, '1.00', '10000.00', 'Reservado', 'No entregado', '2022-07-29 15:00:02', 0, '10000.00', 36285268, NULL, 226, 5),
(477, '1.00', '9000.00', 'Reservado', 'No entregado', '2022-07-29 15:00:15', 0, '9000.00', 1083866609, NULL, 26, 6),
(478, '1.00', '12000.00', 'Reservado', 'No entregado', '2022-07-29 15:00:37', 0, '12000.00', 1075214102, NULL, 237, 11),
(479, '1.00', '13000.00', 'Reservado', 'No entregado', '2022-07-29 15:00:43', 0, '13000.00', 1083928678, NULL, 206, 10),
(480, '1.00', '9000.00', 'Reservado', 'No entregado', '2022-07-29 15:00:45', 0, '9000.00', 1083864132, NULL, 28, 6),
(481, '1.00', '9000.00', 'Reservado', 'No entregado', '2022-07-29 15:00:49', 0, '9000.00', 1083868695, NULL, 60, 6),
(482, '1.00', '9000.00', 'Reservado', 'No entregado', '2022-07-29 15:01:26', 0, '9000.00', 96361787, NULL, 216, 6),
(483, '1.00', '8000.00', 'Reservado', 'No entregado', '2022-07-29 15:01:43', 0, '8000.00', 1083865710, NULL, 27, 7),
(484, '1.00', '8000.00', 'Reservado', 'No entregado', '2022-07-29 15:01:56', 0, '8000.00', 1083868624, NULL, 233, 7);

-- --------------------------------------------------------

--
-- Estructura de tabla para la tabla `inventario`
--

CREATE TABLE `inventario` (
  `id_inventario` int NOT NULL,
  `stock` decimal(10,2) NOT NULL,
  `fk_codigo_pdto` int NOT NULL,
  `fk_id_punto_vent` int NOT NULL
) ENGINE=InnoDB DEFAULT CHARSET=utf8mb4 ;

--
-- Volcado de datos para la tabla `inventario`
--

INSERT INTO `inventario` (`id_inventario`, `stock`, `fk_codigo_pdto`, `fk_id_punto_vent`) VALUES
(1, '1.00', 1, 1),
(2, '0.00', 2, 1),
(3, '19.00', 3, 1),
(4, '0.00', 4, 1),
(5, '2.00', 5, 1),
(6, '4.00', 6, 1),
(7, '2.00', 7, 1),
(8, '0.00', 8, 1),
(9, '0.00', 9, 1),
(10, '1.00', 10, 1),
(11, '1.00', 11, 1),
(12, '0.00', 12, 1),
(13, '0.00', 13, 1),
(14, '3.00', 14, 1);

-- --------------------------------------------------------

--
-- Estructura Stand-in para la vista `listamovimientos`
-- (Véase abajo para la vista actual)
--
CREATE TABLE `listamovimientos` (
`codigo_up` int
,`up` varchar(40)
,`Codigo_pdto` int
,`producto` varchar(50)
,`imagen` varchar(80)
,`id_punto_vent` int
,`punto` varchar(30)
,`stock` decimal(10,2)
,`Id_movimiento` int
,`Fecha` date
,`Estado` enum('Reservado','Facturado','Anulado','Rechazado','Prestamo')
,`Estado_mov` enum('Reservado','Facturado','Anulado','Rechazado','Prestamo')
,`descripcion` varchar(200)
,`num_factura` int
,`id_detalle` int
,`cantidad` decimal(10,2)
,`valor` decimal(10,2)
,`porcentaje` int
,`id_categoria` int
,`subtotal` decimal(35,8)
,`Entregado` enum('Entregado','No entregado','No reclamado')
,`identificacion` bigint
,`identificacion_m` bigint
,`Nombres` varchar(80)
);

-- --------------------------------------------------------

--
-- Estructura Stand-in para la vista `lista_produccion_up`
-- (Véase abajo para la vista actual)
--
CREATE TABLE `lista_produccion_up` (
`Id_produccion` int
,`fecha` date
,`Codigo_pdto` int
,`producto` varchar(50)
,`Estado` enum('Producido','Aceptado','Rechazado')
,`codigo_up` int
,`nomb_up` varchar(40)
,`Producido` decimal(10,2)
,`Distribuido` decimal(32,2)
,`Disponible` decimal(33,2)
);

-- --------------------------------------------------------

--
-- Estructura Stand-in para la vista `lista_productos`
-- (Véase abajo para la vista actual)
--
CREATE TABLE `lista_productos` (
`Id_punto_vent` int
,`Nombre` varchar(30)
,`id_inventario` int
,`Producto` varchar(50)
,`descripcion` varchar(80)
,`imagen` varchar(80)
,`reserva` enum('Si','No')
,`reserva_grupal` enum('Si','No')
,`estado` enum('Activo','Inactivo')
,`control_inventario` enum('Si','No')
,`maxreserva` int
,`tipo` enum('Venta','Servicio')
,`hora_inicio` time
,`hora_fin` time
,`medidas` varchar(50)
,`promocion` enum('Si','No')
,`porcentaje` int
,`stock` decimal(10,2)
,`codigo_up` int
,`nomb_up` varchar(40)
,`idcargo` int
,`nombre_cargo` varchar(45)
,`precio` decimal(10,2)
);

-- --------------------------------------------------------

--
-- Estructura de tabla para la tabla `movimientos`
--

CREATE TABLE `movimientos` (
  `Id_movimiento` int NOT NULL,
  `Estado` enum('Reservado','Facturado','Anulado','Rechazado','Prestamo') CHARACTER SET utf8mb4  DEFAULT NULL,
  `Fecha` date DEFAULT NULL,
  `fk_persona` bigint NOT NULL,
  `tipo` enum('Grupal','Individual') DEFAULT NULL,
  `num_factura` int DEFAULT NULL
) ENGINE=InnoDB DEFAULT CHARSET=utf8mb4 ;

--
-- Volcado de datos para la tabla `movimientos`
--

INSERT INTO `movimientos` (`Id_movimiento`, `Estado`, `Fecha`, `fk_persona`, `tipo`, `num_factura`) VALUES
(1, 'Facturado', '2022-07-25', 1083928678, 'Individual', 23),
(2, 'Facturado', '2022-07-25', 1116912148, 'Individual', 11),
(3, 'Facturado', '2022-07-25', 36285127, 'Individual', 1),
(4, 'Reservado', '2022-07-29', 36174153, 'Individual', NULL),
(5, 'Facturado', '2022-07-29', 83215970, 'Individual', 89),
(6, 'Reservado', '2022-07-29', 1075317893, 'Individual', NULL),
(7, 'Reservado', '2022-07-25', 1083864205, 'Individual', NULL),
(8, 'Facturado', '2022-07-25', 1110492490, 'Individual', 14),
(9, 'Facturado', '2022-07-25', 1117523736, 'Individual', 18),
(10, 'Reservado', '2022-07-29', 1084250063, 'Individual', NULL),
(11, 'Facturado', '2022-07-25', 96361787, 'Individual', 7),
(12, 'Facturado', '2022-07-25', 1083907480, 'Individual', 2),
(13, 'Facturado', '2022-07-26', 36277903, 'Individual', 33),
(14, 'Facturado', '2022-07-25', 36285127, 'Individual', 16),
(15, 'Facturado', '2022-07-25', 1075272185, 'Individual', 10),
(16, 'Facturado', '2022-07-25', 1083889221, 'Individual', 5),
(17, 'Facturado', '2022-07-25', 1083886191, 'Individual', 22),
(18, 'Facturado', '2022-07-28', 1085688083, 'Individual', 60),
(19, 'Anulado', '2022-07-27', 1006947348, 'Individual', 36),
(20, 'Facturado', '2022-07-25', 1083907480, 'Individual', 4),
(21, 'Facturado', '2022-07-25', 36287672, 'Individual', 15),
(22, 'Facturado', '2022-07-25', 36294581, 'Individual', 6),
(23, 'Facturado', '2022-07-25', 1083916034, 'Individual', 13),
(24, 'Facturado', '2022-07-25', 1004446215, 'Individual', 3),
(25, 'Reservado', '2022-07-25', 1007462718, 'Individual', NULL),
(26, 'Reservado', '2022-07-29', 1083866609, 'Individual', NULL),
(27, 'Reservado', '2022-07-29', 1083865710, 'Individual', NULL),
(28, 'Reservado', '2022-07-29', 1083864132, 'Individual', NULL),
(29, 'Facturado', '2022-07-25', 1116236879, 'Individual', 19),
(30, 'Facturado', '2022-07-29', 16186627, 'Individual', 117),
(31, 'Facturado', '2022-07-29', 1079508964, 'Individual', 90),
(32, 'Facturado', '2022-07-25', 1004446215, 'Individual', 8),
(33, 'Facturado', '2022-07-25', 1084250053, 'Individual', 9),
(34, 'Facturado', '2022-07-25', 83040450, 'Individual', 17),
(35, 'Reservado', '2022-07-25', 1006956707, 'Individual', NULL),
(36, 'Reservado', '2022-07-29', 1004034070, 'Individual', NULL),
(37, 'Reservado', '2022-07-25', 1000217227, 'Grupal', NULL),
(38, 'Facturado', '2022-07-25', 1004492720, 'Individual', 12),
(39, 'Reservado', '2022-07-25', 36294581, 'Individual', NULL),
(40, 'Reservado', '2022-07-25', 7724144, 'Individual', NULL),
(41, 'Facturado', '2022-07-27', 36287672, 'Individual', 47),
(42, 'Facturado', '2022-07-25', 1116236879, 'Individual', 20),
(43, 'Facturado', '2022-07-25', 1083889514, 'Individual', 21),
(44, 'Reservado', '2022-07-25', 1144625759, 'Individual', NULL),
(45, 'Rechazado', '2022-07-27', 1083883612, 'Grupal', NULL),
(46, 'Reservado', '2022-07-25', 1007163257, 'Individual', NULL),
(47, 'Rechazado', '2022-07-27', 83040450, 'Individual', NULL),
(48, 'Facturado', '2022-07-25', 1083928678, 'Individual', 24),
(49, 'Facturado', '2022-07-27', 1117523736, 'Individual', 40),
(50, 'Reservado', '2022-07-25', 1083872557, 'Individual', NULL),
(51, 'Facturado', '2022-07-29', 96361787, 'Individual', 87),
(52, 'Facturado', '2022-07-29', 1083928678, 'Individual', 64),
(53, 'Reservado', '2022-07-26', 1081699723, 'Individual', NULL),
(54, 'Rechazado', '2022-07-27', 1004266866, 'Individual', NULL),
(55, 'Facturado', '2022-07-29', 36285127, 'Individual', 118),
(56, 'Facturado', '2022-07-29', 1082780030, 'Individual', 72),
(57, 'Rechazado', '2022-07-27', 1004446406, 'Individual', NULL),
(58, 'Reservado', '2022-07-26', 1004269111, 'Individual', NULL),
(59, 'Reservado', '2022-07-26', 1007659333, 'Individual', NULL),
(60, 'Reservado', '2022-07-29', 1083868695, 'Individual', NULL),
(61, 'Facturado', '2022-07-29', 1083907806, 'Grupal', 82),
(62, 'Reservado', '2022-07-27', 52867266, 'Individual', NULL),
(63, 'Reservado', '2022-07-26', 1004083042, 'Individual', NULL),
(64, 'Facturado', '2022-07-26', 12265812, 'Individual', 25),
(65, 'Reservado', '2022-07-26', 1084250695, 'Individual', NULL),
(66, 'Reservado', '2022-07-26', 1081517311, 'Individual', NULL),
(67, 'Reservado', '2022-07-26', 1004083234, 'Individual', NULL),
(68, 'Facturado', '2022-07-27', 1110492490, 'Individual', 42),
(69, 'Reservado', '2022-07-26', 1119580199, 'Individual', NULL),
(70, 'Reservado', '2022-07-26', 1003993956, 'Individual', NULL),
(71, 'Reservado', '2022-07-26', 1005706529, 'Individual', NULL),
(72, 'Reservado', '2022-07-26', 1007163826, 'Grupal', NULL),
(73, 'Reservado', '2022-07-26', 1083868207, 'Individual', NULL),
(74, 'Reservado', '2022-07-28', 1084251327, 'Individual', NULL),
(75, 'Reservado', '2022-07-26', 1083866437, 'Individual', NULL),
(76, 'Reservado', '2022-07-26', 1007587211, 'Individual', NULL),
(77, 'Reservado', '2022-07-26', 1000790396, 'Individual', NULL),
(78, 'Reservado', '2022-07-26', 1012328451, 'Individual', NULL),
(79, 'Reservado', '2022-07-26', 12265488, 'Individual', NULL),
(80, 'Facturado', '2022-07-29', 1007417741, 'Individual', 99),
(81, 'Facturado', '2022-07-26', 8304357, 'Individual', 26),
(82, 'Facturado', '2022-07-29', 36290129, 'Individual', 79),
(83, 'Facturado', '2022-07-26', 12262605, 'Individual', 27),
(84, 'Facturado', '2022-07-26', 55182547, 'Individual', 28),
(85, 'Facturado', '2022-07-27', 1116912148, 'Individual', 38),
(86, 'Facturado', '2022-07-26', 83258540, 'Individual', 29),
(87, 'Facturado', '2022-07-26', 83258540, 'Individual', 30),
(88, 'Facturado', '2022-07-26', 1003805578, 'Individual', 31),
(89, 'Reservado', '2022-07-26', 40781859, 'Individual', NULL),
(90, 'Reservado', '2022-07-26', 19245621, 'Individual', NULL),
(91, 'Reservado', '2022-07-26', 1004440430, 'Individual', NULL),
(92, 'Facturado', '2022-07-27', 1084251369, 'Individual', 39),
(93, 'Reservado', '2022-07-26', 1003808338, 'Individual', NULL),
(94, 'Reservado', '2022-07-26', 12264114, 'Individual', NULL),
(95, 'Facturado', '2022-07-26', 1007194201, 'Individual', 32),
(96, 'Reservado', '2022-07-28', 1083913251, 'Individual', NULL),
(97, 'Reservado', '2022-07-26', 1006487502, 'Individual', NULL),
(98, 'Rechazado', '2022-07-27', 1004419101, 'Individual', NULL),
(99, 'Rechazado', '2022-07-27', 1083928882, 'Individual', NULL),
(100, 'Rechazado', '2022-07-27', 1084251671, 'Individual', NULL),
(101, 'Rechazado', '2022-07-27', 1004209716, 'Individual', NULL),
(102, 'Facturado', '2022-07-29', 1080365889, 'Individual', 62),
(103, 'Rechazado', '2022-07-27', 1004208883, 'Individual', NULL),
(104, 'Rechazado', '2022-07-27', 1084867845, 'Individual', NULL),
(105, 'Rechazado', '2022-07-27', 1004441291, 'Individual', NULL),
(106, 'Rechazado', '2022-07-27', 1081728132, 'Individual', NULL),
(107, 'Reservado', '2022-07-27', 1004446215, 'Individual', NULL),
(108, 'Rechazado', '2022-07-27', 1084251626, 'Individual', NULL),
(109, 'Rechazado', '2022-07-27', 1084330285, 'Individual', NULL),
(110, 'Rechazado', '2022-07-27', 1004418358, 'Individual', NULL),
(111, 'Rechazado', '2022-07-27', 1004155543, 'Individual', NULL),
(112, 'Rechazado', '2022-07-27', 1007258878, 'Individual', NULL),
(113, 'Rechazado', '2022-07-27', 1084251832, 'Individual', NULL),
(114, 'Rechazado', '2022-07-27', 1007163116, 'Individual', NULL),
(115, 'Rechazado', '2022-07-27', 1080290286, 'Individual', NULL),
(116, 'Rechazado', '2022-07-27', 1064186829, 'Grupal', NULL),
(117, 'Rechazado', '2022-07-27', 1084251175, 'Individual', NULL),
(118, 'Rechazado', '2022-07-27', 1083865542, 'Individual', NULL),
(119, 'Rechazado', '2022-07-27', 80843912, 'Grupal', NULL),
(120, 'Rechazado', '2022-07-27', 1004418676, 'Individual', NULL),
(121, 'Rechazado', '2022-07-27', 1013102575, 'Individual', NULL),
(122, 'Rechazado', '2022-07-27', 1004440891, 'Individual', NULL),
(123, 'Facturado', '2022-07-29', 1083916034, 'Individual', 111),
(124, 'Facturado', '2022-07-27', 36295573, 'Individual', 34),
(125, 'Facturado', '2022-07-27', 1064186829, 'Grupal', 35),
(126, 'Reservado', '2022-07-28', 1007258878, 'Individual', NULL),
(127, 'Facturado', '2022-07-27', 1006947348, 'Individual', 37),
(128, 'Facturado', '2022-07-28', 1084251369, 'Grupal', 55),
(129, 'Facturado', '2022-07-28', 1006947348, 'Individual', 50),
(130, 'Reservado', '2022-07-29', 1020737788, 'Individual', NULL),
(131, 'Reservado', '2022-07-27', 1084251671, 'Individual', NULL),
(132, 'Facturado', '2022-07-27', 1085275715, 'Individual', 41),
(133, 'Rechazado', '2022-07-27', 1083889221, 'Individual', NULL),
(134, 'Reservado', '2022-07-29', 12266826, 'Individual', NULL),
(135, 'Facturado', '2022-07-27', 1117523736, 'Individual', 44),
(136, 'Facturado', '2022-07-27', 36067295, 'Individual', 43),
(137, 'Facturado', '2022-07-28', 1117523736, 'Individual', 52),
(138, 'Reservado', '2022-07-27', 1075282887, 'Individual', NULL),
(139, 'Reservado', '2022-07-27', 83040450, 'Individual', NULL),
(140, 'Reservado', '2022-07-27', 1116236879, 'Individual', NULL),
(141, 'Facturado', '2022-07-27', 74186754, 'Individual', 45),
(142, 'Reservado', '2022-07-27', 7708077, 'Individual', NULL),
(143, 'Facturado', '2022-07-27', 36284263, 'Individual', 46),
(144, 'Reservado', '2022-07-27', 55196707, 'Individual', NULL),
(145, 'Facturado', '2022-07-28', 1084330134, 'Grupal', 56),
(146, 'Reservado', '2022-07-27', 1004441291, 'Individual', NULL),
(147, 'Reservado', '2022-07-27', 1117521042, 'Individual', NULL),
(148, 'Facturado', '2022-07-27', 12240483, 'Individual', 48),
(149, 'Facturado', '2022-07-29', 12180982, 'Individual', 71),
(150, 'Reservado', '2022-07-28', 1088944057, 'Individual', NULL),
(151, 'Reservado', '2022-07-28', 1007248979, 'Individual', NULL),
(152, 'Reservado', '2022-07-28', 1084330110, 'Individual', NULL),
(153, 'Reservado', '2022-07-28', 1004418358, 'Individual', NULL),
(154, 'Facturado', '2022-07-28', 1064186829, 'Grupal', 51),
(155, 'Facturado', '2022-07-29', 1007411698, 'Individual', 112),
(156, 'Facturado', '2022-07-28', 1083921165, 'Grupal', 57),
(157, 'Facturado', '2022-07-28', 1116912148, 'Individual', 49),
(158, 'Facturado', '2022-07-28', 12170749, 'Individual', 53),
(159, 'Rechazado', '2022-07-28', 1083886191, 'Individual', NULL),
(160, 'Facturado', '2022-07-28', 12170749, 'Individual', 54),
(161, 'Facturado', '2022-07-29', 1116912148, 'Individual', 109),
(162, 'Reservado', '2022-07-28', 18189740, 'Individual', NULL),
(163, 'Reservado', '2022-07-28', 1004159018, 'Individual', NULL),
(164, 'Facturado', '2022-07-28', 83090551, 'Individual', 58),
(165, 'Facturado', '2022-07-28', 36295573, 'Individual', 59),
(166, 'Facturado', '2022-07-29', 1006947348, 'Individual', 108),
(167, 'Facturado', '2022-07-29', 1084251369, 'Grupal', 105),
(168, 'Facturado', '2022-07-29', 1061707811, 'Individual', 88),
(169, 'Facturado', '2022-07-29', 1007531657, 'Grupal', 66),
(170, 'Facturado', '2022-07-29', 1117523736, 'Individual', 113),
(171, 'Facturado', '2022-07-29', 36277903, 'Individual', 61),
(172, 'Facturado', '2022-07-29', 1080188513, 'Individual', 104),
(173, 'Facturado', '2022-07-29', 1083913626, 'Individual', 100),
(174, 'Facturado', '2022-07-29', 1083927587, 'Grupal', 80),
(175, 'Facturado', '2022-07-29', 83090551, 'Individual', 63),
(176, 'Anulado', '2022-07-29', 1084257533, 'Individual', 65),
(177, 'Facturado', '2022-07-29', 1003587606, 'Grupal', 92),
(178, 'Facturado', '2022-07-29', 55182547, 'Individual', 68),
(179, 'Facturado', '2022-07-29', 12278320, 'Individual', 67),
(180, 'Facturado', '2022-07-29', 1004446406, 'Individual', 73),
(181, 'Facturado', '2022-07-29', 1083886191, 'Individual', 102),
(182, 'Facturado', '2022-07-29', 1083889221, 'Individual', 101),
(183, 'Facturado', '2022-07-29', 52953392, 'Individual', 69),
(184, 'Facturado', '2022-07-29', 1004418272, 'Individual', 74),
(185, 'Facturado', '2022-07-29', 1088352143, 'Individual', 70),
(186, 'Facturado', '2022-07-29', 1083923857, 'Individual', 77),
(187, 'Facturado', '2022-07-29', 1080933375, 'Individual', 75),
(188, 'Facturado', '2022-07-29', 1083883393, 'Individual', 76),
(189, 'Facturado', '2022-07-29', 1083921165, 'Grupal', 81),
(190, 'Facturado', '2022-07-29', 1078746185, 'Grupal', 84),
(191, 'Facturado', '2022-07-29', 1004343648, 'Grupal', 97),
(192, 'Facturado', '2022-07-29', 1004492720, 'Individual', 78),
(193, 'Facturado', '2022-07-29', 80843912, 'Grupal', 94),
(194, 'Facturado', '2022-07-29', 12234260, 'Individual', 83),
(195, 'Facturado', '2022-07-29', 1007705577, 'Grupal', 86),
(196, 'Facturado', '2022-07-29', 1025522425, 'Individual', 85),
(197, 'Reservado', '2022-07-29', 12180982, 'Individual', NULL),
(198, 'Facturado', '2022-07-29', 1080260084, 'Grupal', 91),
(199, 'Facturado', '2022-07-29', 1004440089, 'Individual', 106),
(200, 'Facturado', '2022-07-29', 83041505, 'Individual', 93),
(201, 'Facturado', '2022-07-29', 1007163028, 'Individual', 96),
(202, 'Facturado', '2022-07-29', 1084250082, 'Individual', 95),
(203, 'Facturado', '2022-07-29', 1125179600, 'Grupal', 115),
(204, 'Facturado', '2022-07-29', 1144128106, 'Grupal', 98),
(205, 'Facturado', '2022-07-29', 1004417302, 'Individual', 103),
(206, 'Reservado', '2022-07-29', 1083928678, 'Individual', NULL),
(207, 'Facturado', '2022-07-29', 1083870026, 'Individual', 110),
(208, 'Reservado', '2022-07-29', 83041505, 'Individual', NULL),
(209, 'Facturado', '2022-07-29', 1004446208, 'Individual', 114),
(210, 'Facturado', '2022-07-29', 1084257533, 'Individual', 107),
(211, 'Reservado', '2022-07-29', 1006947348, 'Individual', NULL),
(212, 'Reservado', '2022-07-29', 12265812, 'Individual', NULL),
(213, 'Facturado', '2022-07-29', 1004251870, 'Individual', 116),
(214, 'Reservado', '2022-07-29', 1078746185, 'Grupal', NULL),
(215, 'Reservado', '2022-07-29', 1007531657, 'Grupal', NULL),
(216, 'Reservado', '2022-07-29', 96361787, 'Individual', NULL),
(217, 'Reservado', '2022-07-29', 1116912148, 'Grupal', NULL),
(218, 'Reservado', '2022-07-29', 36285127, 'Individual', NULL),
(219, 'Reservado', '2022-07-29', 1085688083, 'Individual', NULL),
(220, 'Reservado', '2022-07-29', 1004417302, 'Individual', NULL),
(221, 'Reservado', '2022-07-29', 12262605, 'Individual', NULL),
(222, 'Facturado', '2022-07-29', 36288847, 'Individual', 119),
(223, 'Reservado', '2022-07-29', 36287672, 'Individual', NULL),
(224, 'Reservado', '2022-07-29', 1016101010, 'Individual', NULL),
(225, 'Reservado', '2022-07-29', 36290129, 'Individual', NULL),
(226, 'Reservado', '2022-07-29', 36285268, 'Individual', NULL),
(227, 'Reservado', '2022-07-29', 1004492720, 'Individual', NULL),
(228, 'Reservado', '2022-07-29', 1084896782, 'Individual', NULL),
(229, 'Reservado', '2022-07-29', 1083873820, 'Individual', NULL),
(230, 'Reservado', '2022-07-29', 1007163538, 'Individual', NULL),
(231, 'Reservado', '2022-07-29', 1004418388, 'Individual', NULL),
(232, 'Reservado', '2022-07-29', 1007411698, 'Individual', NULL),
(233, 'Reservado', '2022-07-29', 1083868624, 'Individual', NULL),
(234, 'Reservado', '2022-07-29', 1075272185, 'Individual', NULL),
(235, 'Reservado', '2022-07-29', 1083867394, 'Individual', NULL),
(236, 'Reservado', '2022-07-29', 16186627, 'Individual', NULL),
(237, 'Reservado', '2022-07-29', 1075214102, 'Individual', NULL),
(238, 'Reservado', '2022-07-29', 1083916034, 'Individual', NULL);

-- --------------------------------------------------------

--
-- Estructura de tabla para la tabla `personas`
--

CREATE TABLE `personas` (
  `identificacion` bigint NOT NULL,
  `Nombres` varchar(80) NOT NULL,
  `Correo` varchar(80) DEFAULT NULL,
  `Login` varchar(20) NOT NULL,
  `password` varchar(100) DEFAULT NULL,
  `Direccion` varchar(80) DEFAULT NULL,
  `Telefono` varchar(15) DEFAULT NULL,
  `Cargo` int DEFAULT NULL,
  `Rol` enum('Invitado','Vocero','Lider UP','Punto Venta','Admin','Acceso') CHARACTER SET utf8mb4  DEFAULT NULL,
  `Ficha` int DEFAULT NULL,
  `Estado` tinyint(1) DEFAULT NULL,
  `Foto` varchar(80) NOT NULL DEFAULT 'default.png'
) ENGINE=InnoDB DEFAULT CHARSET=utf8mb4 ;

--
-- Volcado de datos para la tabla `personas`
--

INSERT INTO `personas` (`identificacion`, `Nombres`, `Correo`, `Login`, `password`, `Direccion`, `Telefono`, `Cargo`, `Rol`, `Ficha`, `Estado`, `Foto`) VALUES
(2252407, 'Control de acceso', '', 'Acceso', '2252407', '', '', 3, 'Acceso', 0, 1, 'default.png'),
(4179870, 'JAIRO ALONSO ALVARADO AVILA', 'avilajairo046@gmail.com', '4179870', '4179870', '', '3222706075', 1, 'Invitado', 2451011, 1, 'default.png'),
(4929194, 'YILBER LUNA JOVEN', 'ylunaj@sena.edu.co', '4929194', '4929194', '', '3195734101', 4, 'Invitado', 0, 1, 'default.png'),
(6030646, 'JOSE URIEL SALAS LONDOÑO', 'juriels@misena.edu.co', '6030646', '6030646', '', '313248417', 2, 'Invitado', 0, 1, 'default.png'),
(7708077, 'ALEXANDER MASMELAS TORRES', 'alexandermasmelas@gmail.com', '7708077', '7708077', 'Pitalito', '3144083964', 7, 'Invitado', 0, 1, 'default.png'),
(7724144, 'SAUL RAMIREZ MOLANO', 'saulr9321@gmail.com', '7724144', '7724144', '', '3156651758', 2, 'Invitado', 0, 1, 'default.png'),
(7731793, 'CARLOS ROMARIO GARCIA MEJIA', 'cr3@misena.edu.co', '7731793', '7731793', '', '3212674748', 2, 'Invitado', 0, 1, 'default.png'),
(8127163, 'GABRIEL JAIME QUINTERO RIVERA', 'Jaime19842020@outlook.es', '8127163', '8127163', '', '3103263046', 1, 'Invitado', 2451011, 1, 'default.png'),
(8304357, 'OSBEIN VALENZUELA CARRILLO', 'binxvi83@googlemail.com', '8304357', '8304357', '', '3143780169', 2, 'Invitado', 0, 1, 'default.png'),
(10633441, 'CHAVEZ PARRA YONY ARLEY', 'ychavezp@sena.edu.co', '10633441', '10633441', '', '3147284365', 2, 'Invitado', 0, 1, 'default.png'),
(11105302, 'ENEIS MANUEL AGUIRRE CALLE', 'agcalle27@gmail.com', '11105302', '11105302', '', 'null', 1, 'Invitado', 2451011, 1, 'default.png'),
(12141244, 'LEANDRO SALAZAR MUÑOZ', 'leosam62@hotmail.com', '12141244', '12141244', '', 'null', 1, 'Invitado', 2468752, 1, 'default.png'),
(12141594, 'EFREN QUINAYAS ESCOBAR', 'complemen@misena.edu.co', '12141594', '12141594', '', 'null', 1, 'Invitado', 2468752, 1, 'default.png'),
(12142483, 'PLINIO QUINAYAS PAPAMIJA', 'plikimania29@gmail.com', '12142483', '12142483', '', 'null', 1, 'Invitado', 2468752, 1, 'default.png'),
(12144652, 'WILLIAM ALEXANDER MARTINEZ IMBACHI', 'juancho21kx@gmail.com', '12144652', '12144652', '', 'null', 1, 'Invitado', 2500012, 1, 'default.png'),
(12144802, 'OMAR JIMENEZ BUESACO', 'paisajecafetero2018@gmail.com', '12144802', '12144802', '', 'null', 1, 'Invitado', 2468752, 1, 'default.png'),
(12144994, 'LUIS OSCAR ORTEGA MUÑOZ', 'marthaurbano@yahoo.com', '12144994', '12144994', '', 'null', 1, 'Invitado', 2464124, 1, 'default.png'),
(12168629, 'SEGUNDO EDUARDO CHAVEZ CHAVEZ', 'actualizar@misena.edu.com', '12168629', '12168629', '', 'null', 1, 'Invitado', 2464124, 1, 'default.png'),
(12169668, 'WLADEMIR LARA GARCIA', 'wlalaga76@hotmail.com', '12169668', '12169668', '', 'null', 1, 'Invitado', 2464124, 1, 'default.png'),
(12170249, 'EDGAR ORDOÑEZ MENESES', 'madiaz431@misena.edu.co', '12170249', '12170249', '', 'null', 1, 'Invitado', 2464124, 1, 'default.png'),
(12170749, 'RAUL EDUARDO CERON BENAVIDES', 'rceron100@misena.edu.co', '12170749', '12170749', '', '3205764649', 2, 'Invitado', 0, 1, 'default.png'),
(12180505, 'ALBEIRO BUESACO OMEN', 'yber.omen19@gmail.com', '12180505', '12180505', '', '3182499592', 1, 'Invitado', 2468752, 1, 'default.png'),
(12180982, 'CESAR CAMILO GOMEZ', 'cescgomez@misena.edu.co', '12180982', '12180982', 'Pitalito', '3203397782', 1, 'Invitado', 2205580, 1, 'default.png'),
(12181061, 'DIEGO FERNANDO', 'mfesita124@hotmail.com', '12181061', '12181061', '', '31356565858', 1, 'Invitado', 2556433, 1, 'default.png'),
(12181543, 'ARLEY OMEN OMEN', 'actualizar@misena.edu.co', '12181543', '12181543', '', '3504362002', 1, 'Invitado', 2468752, 1, 'default.png'),
(12182345, 'ELBAR ASTUDILLO RUIZ', 'jesuslebaza@yahoo.com', '12182345', '12182345', '', '3003456723', 1, 'Invitado', 2468752, 1, 'default.png'),
(12182397, 'ROBERT ESTIVEN ORDOÑEZ ORTEGA', 'chapu2385@gmail.com', '12182397', '12182397', '', 'null', 1, 'Invitado', 2468752, 1, 'default.png'),
(12197764, 'HECTOR OLIVO REALPE REALPE', 'juriels@misena.edu.co', '12197764', '12197764', '', 'null', 1, 'Invitado', 2464124, 1, 'default.png'),
(12225629, 'JESÚS ANTONIO ARCOS ORDOÑEZ', 'jesusantonioarcos@hotmail.com', '12225629', '12225629', '', '3142999973', 2, 'Invitado', 0, 1, 'default.png'),
(12229089, 'HECTOR JOVEN ECHEVERRY', 'hectorjoven1963@gmail.com', '12229089', '12229089', '', '3133610466', 9, 'Invitado', 0, 1, 'default.png'),
(12234260, 'ALDEMAR OLIVEROS', 'aldoliveros19@mail.com', '12234260', '12234260', '', '3108150523', 9, 'Invitado', 0, 1, 'default.png'),
(12240483, 'CARLOS ALBERTO BRAVO ZUÑIGA', 'cbravo@sena.edu.co', '12240483', '12240483', '', '3144789120', 2, 'Invitado', 0, 1, 'default.png'),
(12241254, 'WILINTON PISSO PAJOY', 'null', '12241254', '12241254', '', '3158763977', 1, 'Invitado', 2556393, 1, 'default.png'),
(12262605, 'JOSE ORDONEY CUELLAR MAZABEL', 'jocuellar22@misena.edu.co', '12262605', '12262605', '', '3203464628', 2, 'Invitado', 0, 1, 'default.png'),
(12263865, 'DARIO FERNANDO CUELLAR ORTEGA', 'dcuellaro@sena.edu.co', '12263865', '12263865', '', '3112667174', 4, 'Invitado', 0, 1, 'default.png'),
(12264030, 'CARLOS GABRIEL MUÑOZ SILVA', 'carlosgabriel79@gmail.com', '12264030', '12264030', '', '3108861398', 1, 'Invitado', 2546882, 1, 'default.png'),
(12264114, 'CARLOS ENRIQUE BRAVO MUÑOZ', NULL, '12264114', '12264114', NULL, NULL, 7, 'Invitado', 0, 1, 'default.png'),
(12265488, 'JAROL ALBEIRO FAJARDO PERDOMO', 'haroldin2004@yahoo.com', '12265488', '12265488', '', '3142756368', 1, 'Invitado', 2451009, 1, 'default.png'),
(12265812, 'Jesus David Calderón Gomez', 'jdcalderon@sena.edu.co', '12265812', '12265812', 'Pitalito', '3102278957', 2, 'Invitado', 0, 1, 'default.png'),
(12266826, 'ALVARO AURELIO MURCIA JIMENEZ', 'amurciajimenez@misena.edu.co', '12266826', '12266826', '', '3138006173', 2, 'Invitado', 0, 1, 'default.png'),
(12276374, 'karen Daniela Amaya Zapata', 'amayadaniela1988@gmail.com', '12276374', '12276374', '', '3108892717', 1, 'Invitado', 2590833, 1, 'default.png'),
(12278320, 'WILMER EDUARDO MUÑOZ', 'wilmereduardomunozrodriguez@gmail.com', '12278320', '12278320', '', '3204384706', 6, 'Invitado', 0, 1, 'default.png'),
(14274360, 'HERNAN EDUARDO LOZANO GARCIA', 'edwarlozano85@gmail.com', '14274360', '14274360', '', '3133739175', 1, 'Invitado', 2541039, 1, 'default.png'),
(15813028, 'ALVARO FERNANDO RIVERA RIASCOS', 'alvaro196911@outlook.com', '15813028', '15813028', '', '3137568749', 1, 'Invitado', 2464124, 1, 'default.png'),
(15814425, 'ODEYMAR BOLAÑOS ORTIZ', 'odeimarbolanos@gmail.com', '15814425', '15814425', '', '3136942889', 9, 'Invitado', 0, 1, 'default.png'),
(16186627, 'CARLOS ALBERTO SANCHEZ CRUZ', 'carlos4575@gmail.com', '16186627', '4680', 'Buganviles', '3118600268', 2, 'Invitado', 0, 1, 'default.png'),
(16932756, 'WALTER ROBINSON HERRERA PEÑA', 'walherob@hotmail.com', '16932756', '16932756', '', '320 2093100', 2, 'Invitado', 0, 1, 'default.png'),
(18189740, 'EDUAR FERNANDO', 'eduferbutoro@hotmail.com', '18189740', '18189740', '', 'null', 1, 'Invitado', 2556433, 1, 'default.png'),
(19245621, 'ALVARO SUAREZ ARIZA', 'alvarosuarezz3456@gmail.com', '19245621', '19245621', '', '3122225583', 1, 'Invitado', 2464124, 1, 'default.png'),
(19351420, 'NICOLAS ANTONIO AGUDELO VELASQUEZ', 'nico2020ag@gmail.com', '19351420', '19351420', '', '3118471768', 2, 'Invitado', 0, 1, 'default.png'),
(19425315, 'SEGUNDO JOSE GERENA ARDILA', 'jlgerena315@hotmail.com', '19425315', '19425315', '', '3183430136', 1, 'Invitado', 2468752, 1, 'default.png'),
(19462860, 'HERNANDEZ LOPEZ CARLOS URIEL', 'cuhernandez0@misena.edu.co', '19462860', '19462860', '', '3118860294', 2, 'Invitado', 0, 1, 'default.png'),
(23467887, 'CLAUDIA PATRICIA', 'martinezcp_82@yahoo.com', '23467887', '23467887', '', 'null', 1, 'Invitado', 2556433, 1, 'default.png'),
(26493042, 'CRIOLLO CRIOLLO ARELIS', 'acriolloc@sena.edu.co', '26493042', '26493042', '', '3132107090', 2, 'Invitado', 0, 1, 'default.png'),
(29115177, 'VÁSQUEZ CASTRO SILVIA CRISTINA', 'svasquezc@sena.edu.co', '29115177', '29115177', '', '3102392469', 2, 'Invitado', 0, 1, 'default.png'),
(36067295, 'PATIÑO VILLARRAGA ANDREA', 'apatinov@misena.edu.co', '36067295', '36067295', '', '3219073490', 2, 'Invitado', 0, 1, 'default.png'),
(36174153, 'Adriana Pinzón Peralta', 'apinzonp@misena.edu.co', '36174153', '36174153', 'Yamboró', '3002105865', 3, 'Admin', 0, 1, 'default.png'),
(36180414, 'MARGARITA SALAS MUÑOZ', 'margysalas@hotmail.com', '3116926361', '3116926361', 'Pitalito', '3116926361', 2, 'Invitado', 0, 1, 'default.png'),
(36274789, 'STERLING ROJAS  BEATRIZ', 'bsterling@sena.edu.co', '36274789', '36274789', '', '3135017291', 2, 'Invitado', 0, 1, 'default.png'),
(36277903, 'NORMA YAMIR CHINCHILLA NIETO', 'suministrosybiologicosperkins@yahoo.com', '36277903', '36277903', '', '3118068901', 2, 'Invitado', 0, 1, 'default.png'),
(36284263, 'JAIDY CHACON CLAROS', 'jchaconcl@sena.edu.co', '36284263', '36284263', 'Pitalito', '3118867020', 4, 'Invitado', 0, 1, 'default.png'),
(36285127, 'XIMENA BERMÚDEZ DULCE', 'dasafe357@gmail.com', '36285127', '36285127', '', '3174727366', 3, 'Invitado', 0, 1, 'default.png'),
(36285268, 'NORALBA BECERRA CIFUENTES', 'cnora887@gmail.com', '36285268', '36285268', '', '3214585851', 9, 'Invitado', 0, 1, 'default.png'),
(36287565, 'NORALBA RUIZ CASTRO', 'contacto@empitalito.gov.co', '36287565', '36287565', '', 'null', 1, 'Invitado', 2541039, 1, 'default.png'),
(36287662, 'SILVIA ANDREA FORERO ARTUNDUAGA', 'saforero26@misena.edu.co', '36287662', '36287662', '', '3203454532', 2, 'Invitado', 0, 1, 'default.png'),
(36287672, 'DORELIA CHAVARRO CIFUENTES', 'dchavarro@sena.edu.co', '36287672', '36287672', '', '3103003815', 4, 'Invitado', 0, 1, 'default.png'),
(36288847, 'NORMA CONSTANZA PEREZ BENAVIDES', 'norcope7@misena.edu.co', '36288847', '36288847', '', '3163249651', 2, 'Invitado', 0, 1, 'default.png'),
(36290049, 'MELFY RAMIREZ TRUJILLO', 'melfy1407@gmail.com', '36290049', '36290049', '', '3118252123', 6, 'Invitado', 0, 1, 'default.png'),
(36290129, 'MARTHA LUCIA POVEDA GUEVARA', 'marthalucuapoveda533@gmail.com', '36290129', '36290129', '', '3123297814', 6, 'Invitado', 0, 1, 'default.png'),
(36290583, 'ALEXA MARIA TOLEDO MURCIA', 'alexamaria670@gmail.com', '36290583', '36290583', '', '3103123034', 1, 'Invitado', 2554406, 1, 'default.png'),
(36292791, 'ROSA ELENA DUARTE VERA', 'rosa2020duarte@gmail.com', '36292791', '36292791', '', 'null', 1, 'Invitado', 2500267, 1, 'default.png'),
(36292901, 'DIANA SOFIA ROJAS LOSADA', 'dsrojas@sena.edu.co', '36292901', '36292901', '', '3162387515', 4, 'Invitado', 0, 1, 'default.png'),
(36294581, 'BLANCA YANIRA ORTIZ BELTRAN', 'byortiz1@misena.edu.co', '36294581', '36294581', '', '3204148512', 9, 'Invitado', 0, 1, 'default.png'),
(36295383, 'Berenice Ramirez', 'bereniceramirez.j@gmail.com', '36295383', '36295383', '', '3209796115', 1, 'Invitado', 2590833, 1, 'default.png'),
(36295573, 'DIANA MARCELA DIAZ SALGADO', 'nanaseb12@hotmail.com', '36295573', '36295573', '', '3128315673', 2, 'Invitado', 0, 1, 'default.png'),
(36296089, 'DIANA MENDEZ MENDEZ', 'mendezito22@gmail.com', '36296089', '36296089', '', 'null', 1, 'Invitado', 2554406, 1, 'default.png'),
(36296967, 'GASCA TORRES LIGIA', 'lgascat@sena.edu.co', '36296967', '36296967', '', '3124203719', 2, 'Invitado', 0, 1, 'default.png'),
(39820248, 'MIRYAN YOLANDA ARCOS SANCHEZ', 'arcosmiryan@gmail.com', '39820248', '39820248', '', '39820248', 1, 'Invitado', 2541039, 1, 'default.png'),
(40780515, 'MARTHA CECILIA BERNAL CUELLAR', 'bernalmartha788@gmail.com', '40780515', '40780515', '', '3114358721', 1, 'Invitado', 2541039, 1, 'default.png'),
(40781859, 'MARTHA CECILIA CAMACHO PEÑA', 'martha.camachope@misena.edu.co', '40781859', '1401', '', '3138537907', 2, 'Invitado', 0, 1, '40781859.png'),
(42018068, 'AURA CRISTINA VARGAS MARIN', 'johanvr05@hotmail.es', '42018068', '42018068', '', 'null', 1, 'Invitado', 2464124, 1, 'default.png'),
(52068442, 'ADRIANA MARIA SANCHEZ ORDOÑEZ', 'adrianasanchezabogada@gmail.com', '52068442', '52068442', '', '3003616110', 1, 'Invitado', 2554406, 1, 'default.png'),
(52213350, 'DEISSY MILDRED GERARDINO ANACONA', 'demigerardino@gmail.com', '52213350', '52213350', '', '3204294079', 2, 'Invitado', 0, 1, 'default.png'),
(52867266, 'DIANA CAROLINA ALBARRACIN', 'dianaalbarracil@gmail.com', '52867266', '52867266', '', '3213344000', 6, 'Invitado', 0, 1, 'default.png'),
(52901295, 'Aleida Nañez Sánchez', 'aleidananez@gmail.com', '52901295', '52901295', '', '3209018076', 1, 'Invitado', 2590833, 1, 'default.png'),
(52953392, 'DEYA MARITZA CORTES ENRIQUEZ', 'maritzacortes@misena.edu.co', '52953392', '52953392', '', '3128161417', 2, 'Invitado', 0, 1, 'default.png'),
(53011894, 'MARCELA PIEDAD RODRIGUEZ CARLOSAMA', 'marce.2224@hotmail.com', '53011894', '53011894', '', '3134212666', 1, 'Invitado', 2500274, 1, 'default.png'),
(53166356, 'MAGDA LORENA ROJAS QUINAYAS', 'mlrojas653@misena.edu.co', '53166356', '53166356', '', '3102455831', 2, 'Invitado', 0, 1, 'default.png'),
(55117453, 'MARILUZ SILVA HERRERA', 'msilvah@sena.edu.co', '55117453', '55117453', '', '3204958091', 4, 'Invitado', 0, 1, 'default.png'),
(55182077, 'EMILSEN LUCIA SALAMANCA ANACONA', 'emsalucia@gmail.com', '55182077', '55182077', '', 'null', 1, 'Invitado', 2500094, 1, 'default.png'),
(55182547, 'DALIS MARIA BAHOS', 'damaya10254@gimail.com', '55182547', '55182547', '', '3208216347', 6, 'Invitado', 0, 1, 'default.png'),
(55196707, 'MAYERLY MENESES BERMEO', 'mmenesesb@sena.edu.co', '55196707', '55196707', 'Pitalito', '3108107586', 3, 'Invitado', 0, 1, 'default.png'),
(55207876, 'DISNEY BERNAL CASTRILLON', 'disneybernal24@gmail.com', '55207876', '55207876', '', '3118940036', 1, 'Invitado', 2469966, 1, 'default.png'),
(65782899, 'MARÍA DEL ROSARIO CASTAÑEDA', 'mdcastaneda@sena.edu.co', '65782899', '65782899', '', '3176829068', 4, 'Invitado', 0, 1, 'default.png'),
(74186754, 'GOMEZ ORTEGA JUAN CARLOS', 'jcgomezo@sena.edu.co', '74186754', '74186754', '', '3016846460', 2, 'Invitado', 0, 1, 'default.png'),
(80024505, 'HENRY EDUARDO JIMENEZ CASTELLANOS', 'hjimenezc@sena.edu.co', '80024505', '80024505', '', '3154948484', 4, 'Invitado', 0, 1, 'default.png'),
(80149579, 'LUDWING ARGUELLO MARTINEZ', 'blakiz1980@gmail.com', '80149579', '80149579', '', '3022004352', 1, 'Invitado', 2541039, 1, 'default.png'),
(80168958, 'OSCAR MAURICIO TRIVIÑO PRIETO', 'otrivino@misena.edu.co', '80168958', '80168958', '', '7132079', 1, 'Invitado', 2546882, 1, 'default.png'),
(80206443, 'CARLOS ANDRES SANTIAGO LOSADA', 'hauni@misena.edu.co', '80206443', '80206443', '', 'null', 1, 'Invitado', 2464124, 1, 'default.png'),
(80843912, 'DIEGO ALEXANDER ESQUIVEL CARDENAS', 'diegoskvl@gmail.com', '80843912', '80843912', '', '3118033874', 1, 'Vocero', 2469571, 1, '80843912.png'),
(83040450, 'JAVIER IGNACIO CAICEDO SAMBONI', 'jcaicedo@sticcoltel.com', '83040450', '83040450', '', '3177392102', 3, 'Invitado', 0, 1, '83040450.png'),
(83040918, 'JHONATAN MORALES IMCHIMA', '26jonathan80@gmail.com', '83040918', '83040918', '', 'null', 1, 'Invitado', 2541039, 1, 'default.png'),
(83041140, 'NELSON ALEXIS MORA QUISOBONY', 'namoraq@sena.edu.co', '83041140', '83041140', '', '3107919516', 4, 'Invitado', 0, 1, 'default.png'),
(83041505, 'Raul Montenegro Golondrino', 'raulmontenegro525@gmail.com', '83041505', '83041505', 'Pitalito', '3229707824', 9, 'Invitado', 0, 1, 'default.png'),
(83041641, 'JORGE EDUARDO RIVERA MURCIA', 'jorgeeduardoriveramurcia1@gmail.com', '83041641', '83041641', '', 'null', 1, 'Invitado', 2554406, 1, 'default.png'),
(83042722, 'FERLEY HOYOS MUÑOZ', 'ferley.hoyos.m@misena.edu.co', '83042722', '83042722', '', '3142355226', 2, 'Invitado', 0, 1, 'default.png'),
(83042763, 'ARCOS AVILA CARLOS ANDRES', 'carcosa@misena.edu.co', '83042763', '83042763', '', '3152604380', 2, 'Invitado', 0, 1, 'default.png'),
(83043045, 'JORGE EDUARDO IMBACHI RODRIGUEZ', 'null', '83043045', '83043045', '', '3123027224', 1, 'Invitado', 2556393, 1, 'default.png'),
(83043177, 'RODRIGO HERNANDEZ HERNANDEZ', 'rodriher-95@hotmail.com', '83043177', '83043177', '', '3132453129', 1, 'Invitado', 2500012, 1, 'default.png'),
(83043263, 'FRESNEY ÑAÑEZ HIDALGO', 'najhoy23@gmail.com', '83043263', '83043263', '', '3222183329', 1, 'Invitado', 2451011, 1, 'default.png'),
(83043585, 'LIBARDO ANACONA GOMEZ', 'libardoconagomez@gmail.com', '83043585', '83043585', '', '3102754025', 1, 'Invitado', 2451011, 1, 'default.png'),
(83044206, 'LUCAS ARIEL ORTEGA CALDERON', 'dayafer-@hotmail.com', '83044206', '83044206', '', '3225200541', 1, 'Invitado', 2451011, 1, 'default.png'),
(83044912, 'DIEGO FERNANDO BAIQUE CHILITO', 'dbaique@sena.edu.co', '83044912', '83044912', '', '3133156249', 4, 'Invitado', 0, 1, 'default.png'),
(83090551, 'JUAN ALEXANDER LUGO MUÑOZ', 'lugoalexander83@gmail.com', '83090551', '83090551', '', '3118111620', 2, 'Invitado', 0, 1, 'default.png'),
(83182655, 'JOSE LIZARDO CRUZ PANQUEVA', 'inssofiajre@misena.edu.co', '83182655', '83182655', '', 'null', 1, 'Invitado', 2469966, 1, 'default.png'),
(83211622, 'ADRIAN JOSE ALVAREZ VILLARRUEL', 'timanejo@gmail.com', '83211622', '83211622', '', '3168666409', 2, 'Invitado', 0, 1, 'default.png'),
(83212102, 'RIDRIGO ALBERTO OVIEDO BERMEO', 'raovideob@sena.edu.co', '83212102', '83212102', 'Pitalito', '3103402246', 3, 'Invitado', 0, 1, 'default.png'),
(83215970, 'DIEGO ARMANDO COLLAZOS CUELLAR', 'diegocollazos2@gmail.com', '83215970', '83215970', 'Pitalito', '3204889840', 3, 'Invitado', 0, 1, 'default.png'),
(83239699, 'MILLER ZAMBRANO PERDOMO', 'bomberosuaza@gmail.com', '83239699', '83239699', '', 'null', 1, 'Invitado', 2469966, 1, 'default.png'),
(83258052, 'CRISTIAN CAMILO VILLARREAL MEDINA', 'crivillarrealm@misena.edu.co', '83258052', '83258052', '', '3106773544', 2, 'Invitado', 0, 1, 'default.png'),
(83258540, 'JARAMILLO CLAROS SERGIO ARMANDO', 'sjaramilloc@sena.edu.co', '83258540', '83258540', '', '3166450475', 2, 'Invitado', 0, 1, 'default.png'),
(85474629, 'YEYSON VALENCIA CARVAJAL', 'Yeysonvalencia32@gmail.com', '85474629', '85474629', '', '3126619879', 1, 'Invitado', 2464124, 1, 'default.png'),
(96361787, 'WILSON MARTINEZ SALDARRIAGA', 'martinez-wilson@hotmail.com', '96361787', 'wilson96361787', 'Torres de San Pedro', '3167512637', 2, 'Invitado', 0, 1, '96361787.png'),
(108385424, 'Eliana Vargas Muñoz', 'elianavargas838@gmail.com', '108385424', '108385424', 'Pitalito', '3204878192', 1, 'Invitado', 2500139, 1, 'default.png'),
(1000020841, 'DUVAN FELIPE CASALLAS ZORIANO', 'gatillerosf@gmail.com', '1000020841', '1000020841', '', '3107879890', 1, 'Invitado', 2500096, 1, 'default.png'),
(1000066632, 'KLAREN JULISSA BERMUDEZ ARELLANO', 'bermudezarellanoklaren@gmail.com', '1000066632', '1000066632', 'Pitalito', '3103636927', 9, 'Invitado', 0, 1, 'default.png'),
(1000150156, 'KAREN ZULAY MENDEZ GOMEZ', 'karenmendez2425@gmail.com', '1000150156', '1000150156', '', '3209736511', 1, 'Invitado', 2451009, 1, 'default.png'),
(1000158452, 'MELISSA URQUINA MOSQUERA', 'murquinam@gmail.com', '1000158452', '1000158452', '', '3212417970', 1, 'Invitado', 2469966, 1, 'default.png'),
(1000163749, 'CRISTIAN CAMILO PICHICA SALAZAR', 'gamecristian09@gmail.com', '1000163749', '1000163749', '', '3148413032', 1, 'Invitado', 2322432, 1, 'default.png'),
(1000217227, 'KAROL DAYANA RAMIREZ ABAUNZA', 'ka2421737@gmail.com', '1000217227', '152013', '', '', 1, 'Vocero', 2252425, 1, 'default.png'),
(1000351207, 'FABIO ANDRES BENAVIDES ARCOS', 'andresbenavides500@gmail.com', '1000351207', '1000351207', '', '3123059247', 1, 'Invitado', 2541039, 1, 'default.png'),
(1000464273, 'SEBASTIAN HERNANDEZ SILVA', 'mcseb15@gmail.com', '1000464273', '1000464273', '', '3143047552', 1, 'Invitado', 2554406, 1, 'default.png'),
(1000790396, 'JUAN ESTEBAN ROJAS TOVAR', 'juesrojast03@gmail.com', '1000790396', '1000790396', '', '3124515971', 1, 'Invitado', 2451009, 1, 'default.png'),
(1000796569, 'JUAN ESTEBAN AGUILERA ARAQUE', 'aguileraaraquea@gmail.com', '1000796569', '1000796569', '', '3157096890', 1, 'Invitado', 2236074, 1, 'default.png'),
(1000810038, 'ANDRES MAURICIO MUÑOZ PALADINEZ', 'andresmauriomp123@gmail.com', '1000810038', '1000810038', '', 'null', 1, 'Invitado', 2469570, 1, 'default.png'),
(1000859581, 'CRISTIAN CAMILO CLAROS DELGADO', 'Cristiancamiloclarosdelgado73@gmail.com', '1000859581', '1000859581', '', '3003135345', 1, 'Invitado', 2500012, 1, 'default.png'),
(1001175342, 'DANIEL ANDRES RODRIGUEZ PALMA', 'danielandresrodriguezpalma@gmail.com', '1001175342', '1001175342', '', '3112389338', 1, 'Invitado', 2280193, 1, 'default.png'),
(1001201149, 'JUAN PABLO PLAZAS HERNANDEZ', 'byjuanjetarep777omg@gmail.com', '1001201149', '1001201149', '', '3138790359', 1, 'Invitado', 2426308, 1, 'default.png'),
(1001274813, 'LINA TATIANA VARGAS DIAZ', 'tatianavd03@gmail.com', '1001274813', '1001274813', '', '3167989686', 1, 'Invitado', 2556456, 1, 'default.png'),
(1003084761, 'KAREN ESNEIDA GOMEZ SAMBONI', 'kg5669027@gmail.com', '1003084761', '1003084761', '', 'null', 1, 'Invitado', 2280196, 1, 'default.png'),
(1003084857, 'BREINER DAVID ORDOÑEZ ORDOÑEZ', 'davidordo21@gmail.com', '1003084857', '1003084857', '', 'null', 1, 'Invitado', 2468752, 1, 'default.png'),
(1003194252, 'GENSSON ELIER PARRA LOPEZ', 'parragensson@gmail.com', '1003194252', '1003194252', '', '3003133279', 1, 'Invitado', 2500117, 1, 'default.png'),
(1003587606, 'JUAN JOSE PARRA GONZALEZ', 'juanjose11parra@gmail.com', '1003587606', '1003587606', '', '3214247636', 1, 'Vocero', 2500267, 1, 'default.png'),
(1003804280, 'NELSON HUMBERTO PINTO REYES', 'nelsonpinto230@gmail.com', '1003804280', '1003804280', '', '3167873339', 1, 'Invitado', 2451001, 1, 'default.png'),
(1003805578, 'ALEXANDRA MASMELAS CHARRY', 'alexacharry65@gmail.com', '1003805578', '1003805578', 'Pitalito', '3223839242', 3, 'Invitado', 0, 1, 'default.png'),
(1003808338, 'YOAN ESTIVEN BECERRA ZAMBRANO', 'nospicarnal@gmail.com', '1003808338', '1003808338', '', '3209682703', 1, 'Invitado', 2280204, 1, 'default.png'),
(1003809003, 'JUAN JOSE JAIME GUTIERREZ', 'itsjuanjaime@gmail.com', '1003809003', '1003809003', '', '3209683096', 1, 'Invitado', 2426308, 1, 'default.png'),
(1003809079, 'SANTIAGO PAVA CARDOSO', 'pavacardososantiago@gmail.com', '1003809079', '1003809079', '', 'null', 1, 'Invitado', 2500139, 1, 'default.png'),
(1003809090, 'ANGEL GIOVANI VALLEJOS BOLAÑOS', 'angelgiovani305@gmail.com', '1003809090', '1003809090', '', '3115748299', 1, 'Invitado', 2500274, 1, 'default.png'),
(1003809696, 'EVER JESUS IPUZ GARCIA', 'chuzo1114@gmail.com', '1003809696', '1003809696', '', '3127764263', 1, 'Invitado', 2426308, 1, 'default.png'),
(1003818724, 'LAURA VALENTINA MURCIA TRUJILLO', 'valentinatrujillo142002@gmail.com', '1003818724', '1003818724', '', '3107974406', 1, 'Invitado', 2500139, 1, 'default.png'),
(1003819627, 'MARLON ANTONIO SANDOVAL NARVAEZ', 'sandov423@gmail.com', '1003819627', '1003819627', '', '3218452941', 1, 'Invitado', 2500094, 1, 'default.png'),
(1003820025, 'WILFRAN ALEXIS RAMIREZ CLAROS', 'alexeiclaros2019@gmail.com', '1003820025', '1003820025', '', '8330445', 1, 'Invitado', 2469966, 1, 'default.png'),
(1003828830, 'PABLO ESTEBAN HERRERA ALBARRACIN', 'ph6227800@gmail.com', '1003828830', '1003828830', '', '3123578193', 1, 'Invitado', 2500096, 1, 'default.png'),
(1003904540, 'LAURA LUCIA DIAZ SEPULVEDA', 'lldiaz4513@gmail.com', '1003904540', '1003904540', '', 'null', 1, 'Invitado', 2252425, 1, 'default.png'),
(1003993956, 'VANESA ALEXANDRA RAMOS PIMENTEL', 'vanesaalexandraramospimentel@gmail.com', '1003993956', '1003993956', '', '3209061436', 1, 'Invitado', 2451009, 1, '1003993956.png'),
(1004033606, 'CRISTIAN ALEJANDRO BURBANO VARGAS', 'cristianburbano202@gmail.com', '1004033606', '1004033606', '', '3008312429', 1, 'Invitado', 2500274, 1, 'default.png'),
(1004033637, 'NORBEY GARCES CRISTANCHO', 'gcristanchon@gmail.com', '1004033637', '1004033637', '', '3219655545', 1, 'Invitado', 2469966, 1, 'default.png'),
(1004033754, 'YURANI ALEJANDRA CARDOZO MONCAYO', 'cardozoalejandra0803@gmail.com', '1004033754', '1004033754', '', '3118064981', 1, 'Invitado', 2280204, 1, 'default.png'),
(1004033848, 'ADRIANA LUCIA RAMIREZ MUÑOZ', 'ramirezCathy95@gmail.com', '1004033848', '1004033848', '', '3142258445', 1, 'Invitado', 2500139, 1, 'default.png'),
(1004033920, 'YHEISON STIVEN LANZA ROJAS', 'yheisonlanza@gmail.com', '1004033920', '1004033920', 'Pitalito', '3202786727', 1, 'Invitado', 2205627, 1, 'default.png'),
(1004034019, 'JHENIFER CLARO EPIA', '', '1004034019', '1004034019', 'Pitalito', '', 1, 'Invitado', 2065508, 1, 'default.png'),
(1004034024, 'DEIVY JUIANA TORRES PRADA', 'deivytorres@hotmail.com', '1004034024', '1004034024', '', '3175294973', 1, 'Invitado', 2590833, 1, 'default.png'),
(1004034070, 'DUBERNEY TORRES TRUJILLO', 'torrestrujilloduverney@gmail.com', '1004034070', '1004034070', '', '3118307044', 1, 'Invitado', 2451011, 1, 'default.png'),
(1004034295, 'DAINNY KRISTINNE', 'Cristinmoralsl89@gmail.com', '1004034295', '1004034295', '', '3157108818', 1, 'Invitado', 2556433, 1, 'default.png'),
(1004034435, 'JHONIER FELIPE MOTTA LÓPEZ', 'jhonierl129@gmail.com', '1004034435', '1004034435', '', '3133996162', 1, 'Invitado', 2562906, 1, 'default.png'),
(1004034518, 'MARIA JOSE BERNAL CASTRILLON', 'lifernandez2@misena.edu.co', '1004034518', '1004034518', '', 'null', 1, 'Invitado', 2469966, 1, 'default.png'),
(1004034543, 'MAYRA ALEJANDRA MOLINA CURACA', '09mayramolina2003@gmail.com', '1004034543', '1004034543', '', 'null', 1, 'Invitado', 2469570, 1, 'default.png'),
(1004082925, 'MARIO ANDRES BERMEO ROJAS', 'mariobermeorojas@gmail.com', '1004082925', '1004082925', '', 'null', 1, 'Invitado', 2546882, 1, 'default.png'),
(1004083042, 'JAMES ADRIÁN TORRES ROJAS', 'james1004083042@gmail.com', '1004083042', '1004083042', '', '3003227661', 1, 'Invitado', 2500070, 1, 'default.png'),
(1004083051, 'MIGUEL ANGEL ORTIZ OSORIO', 'migue.ortiz1031@gmail.com', '1004083051', '1004083051', '', '3133491555', 1, 'Invitado', 2500096, 1, 'default.png'),
(1004083103, 'LAURA ALEJANDRA RODRIGUEZ PEÑA', 'rodriguezpena311@gmail.com', '1004083103', '1004083103', '', 'null', 1, 'Invitado', 2546882, 1, 'default.png'),
(1004083140, 'JOHAN SEBASTIAN LOPEZ MONTEALEGRE', 'sr.jhoan16@gmail.com', '1004083140', '1004083140', '', '3227670350', 1, 'Invitado', 2326610, 1, 'default.png'),
(1004083165, 'JOHAN SEBASTIAN PINZON AYALA', 'sebaspinzon0204@gmail.com', '1004083165', '1004083165', '', '3102290774', 1, 'Invitado', 2322432, 1, 'default.png'),
(1004083234, 'SANTIAGO URBANO VALDES ORDOÑEZ', 'santiagovaldez528@gmail.com', '1004083234', '1004083234', '', '3115426833', 1, 'Invitado', 2500070, 1, 'default.png'),
(1004083241, 'JAIDER ALFONSO PARDO VALDES', 'jaiderpardo360@gmail.com', '1004083241', '1004083241', '', 'null', 1, 'Invitado', 2500267, 1, 'default.png'),
(1004083338, 'BRAYAN DAVID MUÑOZ TIBAVIZCO', 'brayand_munozt@soy.sena.edu.co', '1004083338', '1004083338', '', '3115212580', 1, 'Invitado', 2556393, 1, 'default.png'),
(1004083428, 'DANA STEFANIA BETANCOURT PUENTES', 'betancourtdanastefania@gmail.com', '1004083428', '1004083428', '', 'null', 1, 'Invitado', 2500267, 1, 'default.png'),
(1004083443, 'JUIAN MATEO HOYOS TOVAR', '3115769069julian@gmail.com', '1004083443', '1004083443', '', '', 1, 'Vocero', 2426308, 1, 'default.png'),
(1004083509, 'JAIDER SANTANILLA PEÑA', 'loere2003@gmail.com', '1004083509', '1004083509', '', '3132607035', 1, 'Invitado', 2554406, 1, 'default.png'),
(1004083573, 'DANIEL ANDRES TOVAR COLLAZOS', 'dakita200318@gmail.com', '1004083573', '1004083573', '', '3223861902', 1, 'Invitado', 2546882, 1, 'default.png'),
(1004089108, 'BERKLEY GUILOMBO PALENCIA', 'berkley.guil@gmail.com', '1004089108', '1004089108', '', '3219871268', 1, 'Invitado', 2451001, 1, 'default.png'),
(1004155543, 'JORGE LUIS PLAZAS ROJAS', 'jorgeluisplazas69@gmail.com', '1004155543', '1004155543', '', '3214072809', 1, 'Invitado', 2280193, 1, 'default.png'),
(1004159018, 'JUAN FELIPE RAMOS JIMENEZ', 'felipejimeneztorres0@gmail.com', '1004159018', '1004159018', '', 'null', 1, 'Invitado', 2500139, 1, 'default.png'),
(1004159597, 'OSCAR DAVID VALDERRAMA TOLEDO', 'oscardava2002@gmail.com', '1004159597', '1004159597', '', '3507503735', 1, 'Invitado', 2236073, 1, 'default.png'),
(1004208878, 'SANDRA PAOLA', 'paolita321ortega56@gmail.com', '1004208878', '1004208878', '', '3162650551', 1, 'Invitado', 2556433, 1, 'default.png'),
(1004208883, 'FABIANA TRIVIÑO ANACONA', 'fabianaanacona@gmail.com', '1004208883', '1004208883', '', '3155316336', 1, 'Invitado', 2469571, 1, 'default.png'),
(1004208884, 'JOHAN DAVID CALDERON BUITRON', 'calderonjohan169@gmail.com', '1004208884', '1004208884', '', 'null', 1, 'Invitado', 2236073, 1, 'default.png'),
(1004208963, 'MAICOL STIVEN AGUDELO PRADA', 'michaelstivenprada@gmail.com', '1004208963', '1004208963', '', '3178423820', 1, 'Invitado', 2554406, 1, 'default.png'),
(1004209099, 'SIGIFREDO CARVAJAL NARVAEZ', 'scarvajalnarvaez@gmail.com', '1004209099', '1004209099', '', '3108638359', 1, 'Invitado', 2500094, 1, 'default.png'),
(1004209154, 'MABELROCIO ROJAS ESPAÑA', 'rojasmabel.113@gmail.com', '1004209154', '1004209154', '', '3024952251', 1, 'Invitado', 2426308, 1, 'default.png'),
(1004209716, 'DAYANA ELENA CASTAÑEDA NIETO', 'dayanaelenacastanedanieto@gmail.com', '1004209716', 'Dayana22', '', '3232201045', 1, 'Invitado', 2469571, 1, '1004209716.png'),
(1004209831, 'JAIRO ANDRES TRUJILLO ROJAS', 'trujilloandrea965@gmail.com', '1004209831', '1004209831', '', '3204237623', 1, 'Invitado', 2556456, 1, 'default.png'),
(1004251310, 'ANGELA JULLIETH PACHECO PARRA', 'pachequita2003@gmail.com', '1004251310', '1004251310', '', '3003465412', 1, 'Invitado', 2546882, 1, 'default.png'),
(1004251870, 'Oscar Mauricio Barrera Bermeo', 'oscar.barrera@usco.edu.co', '1004251870', '1004251870', 'Calle 3bis # 1d - 25 ', '3173321782', 8, 'Invitado', 0, 1, 'default.png'),
(1004252274, 'DANIELA ALEXANDRA AROCA CRUZ', 'danielaaroca214@gmail.com', '1004252274', '1004252274', '', '3117492724', 1, 'Invitado', 2500117, 1, 'default.png'),
(1004252298, 'MONICA YULITSSA SABI ROJAS', 'yulitssasabirojasm18@gmail.com', '1004252298', '1004252298', '', '3155832761', 1, 'Invitado', 2556456, 1, 'default.png'),
(1004253201, 'YULEIMA LOSADA MENESES', 'angel.1969meneses@gmail.com', '1004253201', '1004253201', '', '3224017396', 1, 'Invitado', 2500070, 1, 'default.png'),
(1004266092, 'JUAN PABLO CAMACHO SAMBONI', 'Camachosambonijuanpablo@gmail.com', '1004266092', '1004266092', '', '3214094823', 1, 'Invitado', 2469570, 1, 'default.png'),
(1004266866, 'PAOLA ANDREA MAMIAN MESA', 'paolamesa2098@gmail.com', '1004266866', '1004266866', '', '3133051551', 1, 'Invitado', 2280193, 1, 'default.png'),
(1004268553, 'BRAYAN STIVEN MEDINA CHIMBORAZO', 'mstiven748@gmail.com', '1004268553', '1004268553', '', '3108840302', 1, 'Invitado', 2556456, 1, 'default.png'),
(1004269053, 'YERSON FABIAN HOYOS CLAROS', 'yersonfabianhoyosclaros@gmail.com', '1004269053', '1004269053', '', 'null', 1, 'Invitado', 2500094, 1, 'default.png'),
(1004269111, 'NATALIA ARCOS PERDOMO', 'arcos8596@gmail.com', '1004269111', '1004269111', '', '3123197768', 1, 'Invitado', 2280193, 1, 'default.png'),
(1004269123, 'CAROLINA MUÑOZ MUÑOZ', 'cm7283155@gmail.com', '1004269123', '1004269123', '', '3227609991', 1, 'Vocero', 2326610, 1, 'default.png'),
(1004269260, 'DUVAN FELIPE PEÑA VALDERRAMA', 'dunfeli977@gmail.com', '1004269260', '1004269260', '', 'null', 1, 'Invitado', 2500274, 1, 'default.png'),
(1004269773, 'KAREN JULIANA PALADINES PIAMBA', 'julianapaladinespiamba@gmail.com', '1004269773', '1004269773', '', 'null', 1, 'Invitado', 2500139, 1, 'default.png'),
(1004269827, 'Liseth Valentina Lopez Guarnizo', 'liseth23va50@gmail.com', '1004269827', '1004269827', '', '3228450205', 1, 'Invitado', 2590833, 1, 'default.png'),
(1004300615, 'ESTEFANIA SANCHEZ ESPAÑA', 'estefaniasanchezespana@gmail.com', '1004300615', '1004300615', '', '3213244195', 1, 'Invitado', 2500117, 1, 'default.png'),
(1004302145, 'JUAN DIEGO ANDRADE GIRALDO', 'null', '1004302145', '1004302145', '', 'null', 1, 'Invitado', 2556393, 1, 'default.png'),
(1004303259, 'BREYNER ANDRES PUENTES PARRA', 'jmiriarte@sena.edu.co', '1004303259', '1004303259', '', '3123103499', 1, 'Invitado', 2500274, 1, 'default.png'),
(1004343518, 'DEIMER GIOVAVANNY ANACONA BURBANO', 'CORREO@MISENA.EDU.CO', '1004343518', '1004343518', '', '3224231826', 1, 'Invitado', 2468752, 1, 'default.png'),
(1004343648, 'ARLINSON GENOY ERAZO', 'genoy7064942@gmail.com', '1004343648', '1004343648', '', '', 1, 'Vocero', 2546882, 1, 'default.png'),
(1004343963, 'NEIDER ANDRES SILVA GARZON', 'garzonandres629@gmail.com', '1004343963', '1004343963', '', 'null', 1, 'Invitado', 2500096, 1, 'default.png'),
(1004417074, 'VALENTINA PEREZ SUAREZ', 'valentinaperez9912@gmail.com', '1004417074', '1004417074', '', '3228012940', 1, 'Invitado', 2554406, 1, 'default.png'),
(1004417133, 'JOHANA VALENTINA LUNA LUNA', 'jvluna93@outlook.com', '1004417133', '1004417133', '', '3208279406', 1, 'Invitado', 2500274, 1, 'default.png'),
(1004417302, 'TANIA ALEJANDRA MENDOZA MEDINA', 'alejamendo02@gmail.com', '1004417302', '1004417302', '', '3132140695', 1, 'Invitado', 2236073, 1, 'default.png'),
(1004417474, 'JHONY ALEXANDER MACIAS SALINAS', 'alexsalinas2705@gmail.com', '1004417474', '1004417474', '', 'null', 1, 'Invitado', 2541039, 1, 'default.png'),
(1004417536, 'NARLY YIRLEY CAMPOS MUÑOZ', 'narlyyirley2012@gmail.com', '1004417536', '1004417536', '', '3177757073', 1, 'Invitado', 2546882, 1, 'default.png'),
(1004417992, 'CRISTIAN STIVEN RAMIREZ ROJAS', 'cristianstivenrz@gmail.com', '1004417992', '1004417992', '', 'null', 1, 'Invitado', 2556456, 1, 'default.png'),
(1004418004, 'STIVEN ROMERO SALAZAR', 'stivenromerosalazar17@gmail.com', '1004418004', '1004418004', '', '3186339782', 1, 'Invitado', 2500070, 1, 'default.png'),
(1004418144, 'EDERLY ANDRADE MACIAS', 'null', '1004418144', '1004418144', '', '3222921890', 1, 'Invitado', 2556393, 1, 'default.png'),
(1004418272, 'Deisy Johana Mosquera Osorio', 'deisyosorio608@gmail.com', '1004418272', '1004418272', 'Pitalito', '3134507259', 9, 'Invitado', 0, 1, 'default.png'),
(1004418281, 'TALUA JULIANA ROJAS CHAVARRO', 'tjrojas03@gmail.com', '1004418281', '1004418281', '', '3178182114', 1, 'Invitado', 2451001, 1, 'default.png'),
(1004418348, 'JOSE YANCARLOS VELA ORDOÑEZ', 'jyvela8@misena.edu.co', '1004418348', '1004418348', '', '3143376807', 1, 'Invitado', 2186843, 1, 'default.png'),
(1004418358, 'JHON ALEXANDER CUAJI VALENCIA', 'jhon2003alexander03@gmail.com', '1004418358', '1004418358', '', '3104864827', 1, 'Invitado', 2469571, 1, '1004418358.png'),
(1004418388, 'SANTIAGO ERAZO RIVERA', 'erazoser14@gmail.com', '1004418388', '1004418388', '', '3118301436', 1, 'Invitado', 2556456, 1, 'default.png'),
(1004418425, 'LUISA FERNANDA POLANIA SIERRA', 'luisafernandapolaniasierra11@gmail.com', '1004418425', '1004418425', '', '3112920521', 1, 'Invitado', 2451001, 1, 'default.png'),
(1004418676, 'SERGIO ANDRES PIAMBA ORTIZ', 'sergiopiamba27@gmail.com', '1004418676', '1004418676', '', '3232223974', 1, 'Invitado', 2469571, 1, '1004418676.png'),
(1004418993, 'JAMILTON FERNEY PAZ QUINAYAS', 'jamilton_paz@soy sena', '1004418993', '1004418993', '', 'null', 1, 'Invitado', 2556393, 1, 'default.png'),
(1004419101, 'ANDERSON ESTIVEN SOTELO GUAMANGA', 'andersonsotelo619@gmail.com', '1004419101', '1004419101', '', '3143158883', 1, 'Invitado', 2280193, 1, 'default.png'),
(1004419343, 'MANUEL ESTEBAN HOYOS VARGAS', 'mlrojas653@misena.edu.co', '1004419343', '1004419343', '', '3142748557', 1, 'Invitado', 2500139, 1, 'default.png'),
(1004440089, 'YINA MARCELA ROMERO ILES', 'marcelailes18@gmail.com', '1004440089', '1004440089', '', '3138726564', 1, 'Vocero', 2280193, 1, 'default.png'),
(1004440257, 'ANGELICA PAOLA BUESAQUILLO MUÑOZ', 'lucianamuzz02@gmail.com', '1004440257', '1004440257', '', '3001233456', 1, 'Invitado', 2500070, 1, 'default.png'),
(1004440429, 'MAICOL STIVEN MUÑOZ PALADINES', 'munosmaicol110@gmail.com', '1004440429', '1004440429', '', '3106076809', 1, 'Invitado', 2469570, 1, 'default.png'),
(1004440430, 'ADRIANA MILENA', 'milerealpe114@gmail.com', '1004440430', '1004440430', '', '3167424255', 1, 'Invitado', 2556433, 1, 'default.png'),
(1004440489, 'ANDERSON JOHAN BELTRAN CARVAJAL', 'anderbeltr1234@gmail.com', '1004440489', '1004440489', '', 'null', 1, 'Invitado', 2280196, 1, 'default.png'),
(1004440496, 'SEBASTIAN STEVEN RODRIGUEZ MUÑOZ', 'sebastiansteven402@gmail.com', '1004440496', '1004440496', '', '3122077128', 1, 'Invitado', 2469570, 1, 'default.png'),
(1004440629, 'FELIX SEBASTIAN', 'sapuyess20@gmail.com', '1004440629', '1004440629', '', 'null', 1, 'Invitado', 2556433, 1, 'default.png'),
(1004440838, 'CRISTIAN DAVID NUÑEZ URBANO', 'cdnu2320@gmail.com', '1004440838', '1004440838', '', '3153552949', 1, 'Invitado', 2252425, 1, 'default.png'),
(1004440891, 'YURANY BRAVO CHILITO', 'yuranybravo2003@gmail.com', '1004440891', '1004440891', '', '3133086686', 1, 'Invitado', 2469571, 1, 'default.png'),
(1004441291, 'MARBY NATALIA CANTILLO BURBANO', 'nataliacantilloburbano1@gmail.com', '1004441291', '1004441291', '', '3154545813', 1, 'Invitado', 2469571, 1, 'default.png'),
(1004441721, 'DIEGO ARMANDO SANTIAGO PIAMBA', 'Santiagopiamba0725@gmail.com', '1004441721', '1004441721', '', '3153970756', 1, 'Invitado', 2464124, 1, 'default.png'),
(1004442136, 'ANDRES FELIPE VARGAS CORREA', 'correafelipe728@gmail.com', '1004442136', '1004442136', '', '3209774611', 1, 'Invitado', 2451001, 1, 'default.png'),
(1004442325, 'EIVAR ADRIAN', 'adrianurban19@gmail.com', '1004442325', '1004442325', '', 'null', 1, 'Invitado', 2556433, 1, 'default.png'),
(1004442716, 'YERSON CERON CARVAJAL', 'yceroncarvajal@gmail.com', '1004442716', '1004442716', '', '3153625923', 1, 'Invitado', 2322432, 1, 'default.png'),
(1004442771, 'JOSE RICARDO RODRIGUEZ SEMANATE', 'jrrodriguez17@soy.sena.edu.co', '1004442771', '1004442771', '', 'null', 1, 'Invitado', 2556393, 1, 'default.png'),
(1004442867, 'ANDREINA HERNANDEZ SOLIS', 'andreinahernandez031@gmail.com', '1004442867', '1004442867', '', '3132533437', 1, 'Invitado', 2280193, 1, 'default.png'),
(1004443018, 'NESTOR ALDAIR CASTILLO CERON', 'nestorcastillo570@gmail.com', '1004443018', '1004443018', '', '3207680775', 1, 'Invitado', 2469570, 1, 'default.png'),
(1004443110, 'ESTEBAN CERON ASTUDILLO', 'ceronastudilloesteban@gmail.com', '1004443110', '1004443110', '', '3219829028', 1, 'Invitado', 2554406, 1, 'default.png'),
(1004443143, 'JORGE ARMANDO LOSADA RODRIGUEZ', 'jorrgelosada442@gmail.com', '1004443143', '1004443143', '', '3219474158', 1, 'Invitado', 2469582, 1, 'default.png'),
(1004446208, 'DANIEL RICARDO RAMOS ALARCON', 'daniel200295@outlook.com', '1004446208', '1004446208', '', '3112222222', 1, 'Invitado', 2500012, 1, 'default.png'),
(1004446215, 'OSCAR DAVID VIDAL RODRIGUEZ', 'espacioenblanco07@hotmail.com', '1004446215', '1004446215', '', '3117470359', 1, 'Invitado', 2500094, 1, 'default.png'),
(1004446242, 'FABIAN ANDRES GUALI ARREDONDO', 'fabiangualy29@gmail.com', '1004446242', '1004446242', '', '3166508143', 1, 'Invitado', 2500267, 1, 'default.png'),
(1004446406, 'KAREN SOFIA MESA JIMENEZ', 'sofiamesa1606@gmail.com', '1004446406', '1004446406', 'Pitalito', '3222924132', 1, 'Invitado', 2252406, 1, 'default.png'),
(1004446438, 'YULIANA GUZMAN GIL', 'Yg591192@gmail.com', '1004446438', '1004446438', '', '3213436899', 1, 'Invitado', 2451001, 1, 'default.png'),
(1004446520, 'MARILY ZULETA ROJAS', 'marily3zuleta@gmail.com', '1004446520', '1004446520', '', '3007726299', 1, 'Invitado', 2236074, 1, 'default.png'),
(1004446590, 'DIEGO ALEXANDER HENAO ROJAS', 'diegohenao1010@gmail.com', '1004446590', '1004446590', '', '3232897434', 1, 'Invitado', 2500012, 1, 'default.png'),
(1004446667, 'JORGE LUIS TORRENTE ROJAS', 'jorgetorrenterojas11@gmail.com', '1004446667', '1004446667', '', '3118538373', 1, 'Invitado', 2562906, 1, 'default.png'),
(1004446668, 'BRAYAN STIVEN MUÑOZ BURGOS', 'munozburgosbrayanstiven@gmail.com', '1004446668', '1004446668', '', '3003203901', 1, 'Invitado', 2541039, 1, 'default.png'),
(1004446691, 'JOHAN SEBASTIAN MUÑOZ LUNA', 'sebastian30177@gmail.com', '1004446691', '1004446691', '', '3142456590', 1, 'Invitado', 2500117, 1, 'default.png'),
(1004446738, 'LAURA VALENTINA GONZALEZ ZULUAGA', 'valengz2003a@gmail.com', '1004446738', '1004446738', '', '3183979682', 1, 'Invitado', 2500096, 1, 'default.png'),
(1004446790, 'JOSE TOMAS GOMEZ LOPEZ', 'josetomasgomez0@gmail.com', '1004446790', '1004446790', '', '3167128829', 1, 'Invitado', 2590833, 1, 'default.png'),
(1004472698, 'JUAN DAVID CARLOSI BOLAÑOS', 'jdavidcarlosi2003@gmail.com', '1004472698', '1004472698', '', '3008256370', 1, 'Invitado', 2500096, 1, 'default.png'),
(1004492720, 'Ximena Ordoñez Rojas', 'ximenaordonezrojas@gmail.com', '1004492720', '1004492720', 'Pitalito', '3142400984', 9, 'Invitado', 0, 1, 'default.png'),
(1004492772, 'YEISON ARLEY CABRERA BUESAQUILLO', 'yeisonacabrerab@gmail.com', '1004492772', '1004492772', '', '3118495333', 1, 'Invitado', 2326610, 1, 'default.png'),
(1004492809, 'KAREN DAYANA GARCIA CASTRO', 'karda.garciacastro@gmail.com', '1004492809', '1004492809', '', '3225619088', 1, 'Invitado', 2280204, 1, 'default.png'),
(1004492967, 'MARLY CALDERON ROJAS', 'arlexcalderon27@gmail.com', '1004492967', '1004492967', '', 'null', 1, 'Invitado', 2280196, 1, 'default.png'),
(1004493117, 'VICTOR MANUEL MURCIA CUELLAR', 'vimamucu7@gmail.com', '1004493117', '1004493117', '', 'null', 1, 'Invitado', 2280204, 1, 'default.png'),
(1004493536, 'YESSICA CALDERON ROJAS', 'yesiicacalderonrojas@gmail.com', '1004493536', '1004493536', '', 'null', 1, 'Invitado', 2280196, 1, 'default.png'),
(1004719962, 'YULIANA ANDREA ORTIZ CORDOBA', 'ingrid.dahianna.ortiz@gmail.com', '1004719962', '1004719962', '', '3168864568', 1, 'Invitado', 2469966, 1, 'default.png'),
(1004720037, 'INGRID DAHIANNA ORTIZ CORDOBA', 'ingrid.dahianna.ortiz@gmail.com', '1004720037', '1004720037', '', '3212197923', 1, 'Invitado', 2469966, 1, 'default.png'),
(1004871362, 'JUAN FELIPE IMBACHI BURBANO', 'crazyshadowgd322@gmail.com', '1004871362', '1004871362', '', '3115415512', 1, 'Invitado', 2322432, 1, 'default.png'),
(1005706529, 'JUAN JOSE OVIEDO RODRIGUEZ', 'j.o.r.sandoval13@gmail.com', '1005706529', '1005706529', '', '3223943356', 1, 'Invitado', 2451009, 1, '1005706529.png'),
(1006028956, 'DANNY LICETH HORTUA PRADA', 'lizpra2002@gmail.com', '1006028956', '1006028956', '', '3228067797', 1, 'Invitado', 2500096, 1, 'default.png'),
(1006093869, 'RODOLFO PRADA YATE', 'rodolfoyate7@gmail.com', '1006093869', '1006093869', '', '3002345879', 1, 'Invitado', 2546882, 1, 'default.png'),
(1006120474, 'JHEFFRY MARIN CRIOLLO', 'Jheffrycriollo2020@gmail.com', '1006120474', '1006120474', '', '3162912382', 1, 'Invitado', 2556456, 1, 'default.png'),
(1006148286, 'MARIA ALEJANDRA BARRIOS SANCHEZ', 'mariaalejandrabarriossanchez3@gmail.com', '1006148286', '1006148286', '', '', 1, 'Vocero', 2280196, 1, 'default.png'),
(1006343815, 'CARLOS ANDRES SAN JUAN PERDOMO', 'sanjuanperdomocarlos@gmail.com', '1006343815', '1006343815', '', '3143318234', 1, 'Invitado', 2500094, 1, 'default.png'),
(1006419559, 'CARLOS SEBASTIAN LIZCANO CULMA', 'slizcano044@gmail.com', '1006419559', '1006419559', '', '3003142838', 1, 'Invitado', 2554406, 1, 'default.png'),
(1006458352, 'YERSON ANTONIO RAMIREZ ROJAS', 'yerson99991@gmail.com', '1006458352', '1006458352', '', '3003333333', 1, 'Invitado', 2541039, 1, 'default.png'),
(1006459516, 'SEBASTIAN MEDINA PAREJO', 'medinaparejas@gmail.com', '1006459516', '1006459516', 'Pitalito', '3144799290', 1, 'Invitado', 2556433, 1, 'default.png'),
(1006466052, 'NATALIA BEDOYA TORRES', 'nataliabedoyatorres@gmail.com', '1006466052', '1006466052', '', '3204413940', 1, 'Invitado', 2562906, 1, 'default.png'),
(1006484745, 'DIEGO ANACONA ARTUNDUAGA', 'anaconadiego74@gmail.com', '1006484745', '1006484745', '', '3204873602', 1, 'Invitado', 2280193, 1, 'default.png'),
(1006487502, 'ELIZABETH SALINAS PEREZ', 'lcorpasc@gmail.com', '1006487502', '1006487502', '', '3228913162', 1, 'Invitado', 2562906, 1, 'default.png'),
(1006511378, 'LAURA FERNANDA TORRES FAJARDO', 'torresfajardolaurafernanda@gmail.com', '1006511378', '1006511378', '', '3224828120', 1, 'Invitado', 2500096, 1, 'default.png'),
(1006515089, 'JUAN DIEGO ARISTIZABAL MARTINEZ', 'jamis9808@gmail.com', '1006515089', '1006515089', '', '3112903859', 1, 'Invitado', 2500274, 1, 'default.png'),
(1006516377, 'CRISTIAN CABRERA CALDERON', 'cristianmorocho05@gmail.com', '1006516377', '1006516377', '', '3202237380', 1, 'Invitado', 2468752, 1, 'default.png'),
(1006526359, 'MARLY JULIETH VALENCIA BERMUDEZ', 'valenciamarly35@gmail.com', '1006526359', '1006526359', '', '312 8978273', 1, 'Invitado', 2500012, 1, 'default.png'),
(1006538367, 'LAURA CAMILA', 'garciarojaslauracamila5@gmail.com', '1006538367', '1006538367', '', 'null', 1, 'Invitado', 2556433, 1, 'default.png'),
(1006538491, 'MARIA FERNANDA MURCIA HERNANDEZ', 'fernanda2002murcia@gmail.com', '1006538491', '1006538491', 'Pitalito', '3177890132', 9, 'Invitado', 0, 1, 'default.png'),
(1006549645, 'LUBER ARLEY PARRA LOZADA', '1.aran.lap@gmail.com', '1006549645', '1006549645', '', 'null', 1, 'Invitado', 2500096, 1, 'default.png'),
(1006947348, 'EDINSON DAVID BARRERA LUGO', 'krt847@gmail.com', '1006947348', '1006947348', 'Pitalito', '3102833525', 9, 'Vocero', 0, 1, '1006947348.png'),
(1006956707, 'YEIMI KATHERINE PEÑA ARIZA', 'arizayeimi28@gmail.com', '1006956707', '1006956707', 'cll 17 #14b-11', '3223836120', 1, 'Invitado', 2280204, 1, '1006956707.png'),
(1006957091, 'YASLEDY VARGAS CONDA', 'yasledyvargasconda@gmail.com', '1006957091', '1006957091', '', '3134312916', 1, 'Invitado', 2322432, 1, 'default.png'),
(1006996169, 'DANNA LLYBEE BENAVIDES TAQUINAS', 'danna.benavidez.indijena@gmail.com', '1006996169', '1006996169', '', '3207181935', 1, 'Invitado', 2500267, 1, 'default.png'),
(1007162967, 'CARLOS ALBERTO CLAVIJO TELLEZ', 'tecnicocafe2020@gmail.com', '1007162967', '1007162967', '', 'null', 1, 'Invitado', 2469570, 1, 'default.png'),
(1007162992, 'SANTIAGO RUANO CARDENAS', 'santiagocardenas123sis@gmail.com', '1007162992', '1007162992', '', '3124643302', 1, 'Invitado', 2541039, 1, 'default.png'),
(1007163022, 'MARIA FERNANDA ILES RUIZ', 'mfruiz1304@gmail.com', '1007163022', '1007163022', '', '3213829236', 1, 'Invitado', 2280196, 1, 'default.png'),
(1007163028, 'INGRID YURLEY CALDERON DIAZ', 'calderoningridyurley@gmail.com', '1007163028', '1007163028', 'Pitalito', '3107947580', 9, 'Invitado', 0, 1, 'default.png'),
(1007163048, 'DALIXON ULCUE GOMEZ', 'dalixong@gmail.com', '1007163048', '1007163048', '', '3142372224', 1, 'Invitado', 2562906, 1, 'default.png'),
(1007163116, 'YASBERLY BRAVO TORRES', 'torresyasberli@gmail.com', '1007163116', '1007163116', '', '3125400936', 1, 'Invitado', 2469571, 1, 'default.png'),
(1007163198, 'JUAN SEBASTIAN PENAGOS MOSQUERA', 'penagosmosquerajuansebastian@gmail.com', '1007163198', '1007163198', '', '3172976649', 1, 'Invitado', 2280196, 1, 'default.png'),
(1007163257, 'SARA NATALIA SALAS TRUJILLO', 'saritasalas2323@gmail.com', '1007163257', '1007163257', '', '3108769552', 1, 'Invitado', 2280193, 1, 'default.png'),
(1007163343, 'ALEJANDRO ORTIZ BENITEZ', 'aortiz343@soy.sena.edu.co', '1007163343', '1007163343', '', '3213052216', 1, 'Invitado', 2556393, 1, 'default.png'),
(1007163412, 'JUAN MANUEL CLAROS TRUJILLO', 'jmclaros839@gmail.com', '1007163412', '1007163412', '', '3204334938', 1, 'Invitado', 2500012, 1, 'default.png'),
(1007163437, 'ANDRES FELIPE MENDEZ JIMENEZ', 'fmfelinator23@gmail.com', '1007163437', '1007163437', '', '3224165449', 1, 'Invitado', 2280204, 1, 'default.png'),
(1007163482, 'DIEGO ANTONIO SALAZAR OSPINA', 'diegosalazae2003@gmail.com', '1007163482', '1007163482', '', 'null', 1, 'Invitado', 2326610, 1, 'default.png'),
(1007163538, 'FRANCISCO JOSE ALVAREZ OVIEDO', 'floquillo224@gmail.com', '1007163538', 'floquillo224@', '', '3132283399', 1, 'Invitado', 2556456, 1, 'default.png'),
(1007163760, 'JHON SEBASTIAN MARTINEZ CALDERON', '1610jhonsebastian@gmail.com', '1007163760', '1007163760', '', '3138420115', 1, 'Invitado', 2500012, 1, 'default.png'),
(1007163826, 'CAMILA CACERES MORA', 'camilacaceresmora2003@gmail.com', '1007163826', '36287334', '', '3154999223', 1, 'Vocero', 2451009, 1, '1007163826.png'),
(1007163863, 'INGRID VANESA IMBACHI GALINDEZ', 'vanesaimbachi2003@gmail.com', '1007163863', '1007163863', '', '3108913236', 1, 'Invitado', 2500117, 1, 'default.png'),
(1007194201, 'LAURA CAMILA BRAVO BRAVO', 'bravocamila965@gmail.com', '1007194201', '1007194201', '', '3132375546', 1, 'Invitado', 2280196, 1, 'default.png'),
(1007194241, 'NICOLAS BARRERA MENESES', 'nico07barrera@gmail.com', '1007194241', '1007194241', '', '3134208365', 1, 'Invitado', 2541039, 1, 'default.png'),
(1007194460, 'KEVIN ALEJANDRO OLAVE ARCOS', 'ceor19@hotmail.com', '1007194460', '1007194460', '', 'null', 1, 'Invitado', 2556456, 1, 'default.png'),
(1007248979, 'CARMENZA SUAREZ VITECHE', 'vitechecarmenza@gmail.com', '1007248979', '1007248979', '', '3144180967', 1, 'Invitado', 2280193, 1, 'default.png'),
(1007258878, 'DANNA SOFIA PAREDES MUÑOZ', 'dannasofiaparedesmunoz@gmail.com', '1007258878', '14042003', '', '3123435164', 1, 'Invitado', 2469571, 1, '1007258878.png'),
(1007284147, 'DAYRON ANDRES VIDAL SALAZAR', 'salazardayronandres@gmail.com', '1007284147', '1007284147', '', '3117885837', 1, 'Invitado', 2500267, 1, 'default.png'),
(1007284275, 'MIGUEL ANGEL SANTA ', 'angelsanta@gmail.com', '1007284275', '1007284275', 'Pitalito', '3188342551', 9, 'Invitado', 0, 1, 'default.png'),
(1007284692, 'LUISA FERNANDA ORTIZ SANCHEZ', 'fo9424567@gmail.com', '1007284692', '1007284692', '', '3204587203', 1, 'Invitado', 2546882, 1, 'default.png'),
(1007284898, 'CHARLIE FABIAN PAJOY ZUÑIGA', 'charliepajoy794@gmail.com', '1007284898', '1007284898', '', '3112278932', 1, 'Vocero', 2500117, 1, 'default.png'),
(1007308067, 'JUAN SEBASTIAN ROJAS ROJAS', 'rojasrojasjuansebastian1802@gmail.com', '1007308067', '1007308067', '', '3144037894', 1, 'Invitado', 2500012, 1, 'default.png'),
(1007308221, 'VALENTINA TORRES GOMEZ', 'Valtogo1299@gmail.com', '1007308221', '1007308221', '', '3508076650', 1, 'Invitado', 2500096, 1, 'default.png'),
(1007319294, 'JESSICA YULIETH ORTIZ MENESES', 'alexisamormio7@gmail.com.co', '1007319294', '1007319294', '', 'null', 1, 'Invitado', 2554406, 1, 'default.png'),
(1007328021, 'LEIDI DAYANA VELASQUEZ CLAROS', 'velasquezclarosdayana7@gmail.com', '1007328021', '1007328021', '', '3214968827', 1, 'Invitado', 2500012, 1, 'default.png'),
(1007328066, 'DIANA MARCELA CRUZ CRUZ', 'dcruzcruz54@gmail.com', '1007328066', '1007328066', '', 'null', 1, 'Invitado', 2280196, 1, 'default.png');
INSERT INTO `personas` (`identificacion`, `Nombres`, `Correo`, `Login`, `password`, `Direccion`, `Telefono`, `Cargo`, `Rol`, `Ficha`, `Estado`, `Foto`) VALUES
(1007328233, 'YOHAN SEBASTIAN BURBANO MUÑOZ', 'sebastianburbano50@gmail.com', '1007328233', '1007328233', '', 'null', 1, 'Invitado', 2541039, 1, 'default.png'),
(1007336062, 'SHIRLEY GONZALEZ PLAZA', 'shirgos2002@gmail.com', '1007336062', '1007336062', '', '3138447746', 1, 'Invitado', 2236073, 1, 'default.png'),
(1007336101, 'YEIMI YOANA CHAVARRO GUTIERREZ', 'yeimichavarro.2000@gmail.com', '1007336101', '1007336101', '', '3144474237', 1, 'Invitado', 2590833, 1, 'default.png'),
(1007336856, 'ANDERSON DELGADO CASTILLO', 'delgadoanderson403@gmail.com', '1007336856', '1007336856', '', '3228729930', 1, 'Invitado', 2554406, 1, 'default.png'),
(1007337191, 'DAVID CAMILO CALDERON MUÑOZ', 'kamiloptcalderon01@gmail.com', '1007337191', '1007337191', '', '3158675265', 1, 'Invitado', 2500117, 1, 'default.png'),
(1007353960, 'KAREN VIVIANA TOCONAS BERNAL', 'karenylucia2017@gmail.com', '1007353960', '1007353960', '', 'null', 1, 'Invitado', 2469966, 1, 'default.png'),
(1007359756, 'DIEGO FERNANDO MURCIA ESPINOSA', 'dmurcia317@gmail.com', '1007359756', '1007359756', '', 'null', 1, 'Invitado', 2500096, 1, 'default.png'),
(1007361222, 'MILDRETH LORENA PAPAMIJA SAMBONY', 'lorenapapamija2001@gmail.com', '1007361222', '1007361222', 'Calle 18B#13B-06', '3133068975', 1, 'Invitado', 2280204, 1, '1007361222.png'),
(1007361298, 'ANDREA YISETH PALADINEZ CERON', 'andreapaladinez01@gmail.com', '1007361298', '1007361298', '', '3133542539', 1, 'Invitado', 2280196, 1, 'default.png'),
(1007385366, 'MARIA ANGELA BERMEO RAMOS', 'bermeomariaramos@gmail.com', '1007385366', '1007385366', '', '3227658846', 1, 'Invitado', 2590833, 1, 'default.png'),
(1007385839, 'JULIANA CAROLINA ROJAS MOLINA', 'rojasjuliana2019@gmail.com', '1007385839', '1007385839', '', '3153264640', 1, 'Invitado', 2562906, 1, 'default.png'),
(1007389965, 'EMERSON REMISIO GOMEZ', 'actualizar@misena.edu.co', '1007389965', '1007389965', '', 'null', 1, 'Invitado', 2469966, 1, 'default.png'),
(1007392296, 'OSCAR FABIAN SOTELO GIRONZA', 'ofsotelo6@misena.edu.co', '1007392296', '1007392296', '', '3222744084', 1, 'Invitado', 2186843, 1, 'default.png'),
(1007392979, 'YERLANY MARTINEZ SCARPETTA', 'yerlanymartinez26@gmail.com', '1007392979', '1007392979', '', '3003133437', 1, 'Invitado', 2562906, 1, 'default.png'),
(1007411698, 'YERLI TATIANA BOLAÑOS PIAMBA', 'yerlibpiamba2920@gmail.com', '1007411698', '290520ytbp', 'Pitalito', '3104954979', 9, 'Invitado', 0, 1, 'default.png'),
(1007411886, 'ALEXANDRA CHILITO CHILITO', 'chilitoalexa0821@gmail.com', '1007411886', '1007411886', '', '3162239227', 1, 'Invitado', 2590833, 1, 'default.png'),
(1007411919, 'ANGIE JULIANA', 'angiepialejo2017@gmail.com', '1007411919', '1007411919', '', 'null', 1, 'Invitado', 2556433, 1, 'default.png'),
(1007417741, 'Daniel Felipe Diaz Vega', 'danielfelipediazvega5@gmail.com', '1007417741', '1007417741', 'Pitalito', '3226592252', 9, 'Invitado', 0, 1, 'default.png'),
(1007431093, 'LEIDY KATHERINE CHILITO GUZMAN', 'leidi.katerine-2000@hotmail.es', '1007431093', '1007431093', '', '3182149420', 1, 'Vocero', 2500117, 1, 'default.png'),
(1007431193, 'JUAN DAVID GUERRERO CAMARGO', 'juandavid55112@gmail.com', '1007431193', '1007431193', '', '3024588219', 1, 'Invitado', 2546882, 1, 'default.png'),
(1007443930, 'KAROL JULIETH ALVARADO DELGADO', 'karolhobana@gmail.com', '1007443930', '1007443930', '', '3143032495', 1, 'Invitado', 2546882, 1, 'default.png'),
(1007462718, 'Leandro Posada Solarte', 'leandroposada21@gmail.com', '1007462718', '1007462718', 'Pitalito', '3133747164', 9, 'Invitado', 0, 1, 'default.png'),
(1007475186, 'DAYANA LIZETH CLAROS CAICEDO', 'claroscaicedodayana@gmail.com', '1007475186', '1007475186', '', 'null', 1, 'Invitado', 2252425, 1, 'default.png'),
(1007475197, 'NELCY LEONOR ROJAS ARIAS', 'nelcyleonor@gmail.com', '1007475197', '1007475197', '', '3172613549', 1, 'Invitado', 2590833, 1, 'default.png'),
(1007502651, 'HAMIR ORTIZ CRUZ', 'Hamirc93@gmail.com', '1007502651', '1007502651', '', '3164347699', 1, 'Invitado', 2280204, 1, '1007502651.png'),
(1007502741, 'IRNEYI AYERALDIT AGREDA', 'neyia078@gmail.com', '1007502741', '1007502741', 'Pitalito', '3118293689', 9, 'Invitado', 0, 1, 'default.png'),
(1007502778, 'JAMERZON ESTIBEN NUÑEZ MUÑOZ', '123jamerzon123@gmail.com', '1007502778', '1007502778', '', '3155067424', 1, 'Invitado', 2280193, 1, 'default.png'),
(1007521262, 'ANGELA MILENA RUIZ PIMENTEL', 'angela.desep@gmail.com', '1007521262', '1007521262', '', 'null', 1, 'Invitado', 2500012, 1, 'default.png'),
(1007521310, 'CAROL ESNEIDER MOTTA SOTO', 'motta1esneider@gmail.com', '1007521310', '1007521310', '', '3002374903', 1, 'Invitado', 2554406, 1, 'default.png'),
(1007521311, 'JADER ALEXIS GUACA PAPAMIJA', 'jader.alexis112@gmail.com', '1007521311', '1007521311', 'Pitalito', '3214944600', 9, 'Invitado', 0, 1, 'default.png'),
(1007524869, 'MARYURY SABI CHARRY', 'maryurysacha@gmail.com', '1007524869', '1007524869', '', '3227280602', 1, 'Invitado', 2236074, 1, 'default.png'),
(1007531396, 'GLORIA PEDRAZA AVILA', 'gloriapedrazaavila4@gmail.com', '1007531396', '1007531396', '', '3174895713', 1, 'Invitado', 2469966, 1, 'default.png'),
(1007531583, 'GABRIELA ALEJANDRA BRAVO REALPE', 'alejandrarealpe67@gmail.com', '1007531583', '1007531583', '', '3153060823', 1, 'Invitado', 2546882, 1, 'default.png'),
(1007531628, 'JOSE', 'yecid29948@gmail.com', '1007531628', '1007531628', '', '3185999810', 1, 'Invitado', 2556433, 1, 'default.png'),
(1007531657, 'LUISA FERNANDA RAMIREZ MONTOYA', 'luisafw123@gmail.com', '1007531657', '1007531657', '', '3202576701', 1, 'Vocero', 2280204, 1, '1007531657.png'),
(1007563060, 'JHOAN LEANDRO CLAROS ROJAS', 'jotacecla5@gmail.com', '1007563060', '1007563060', '', '3145192087', 1, 'Invitado', 2426308, 1, 'default.png'),
(1007563064, 'DARWIN ALEXIS VARGAS QUISABONI', 'vargasdarwin468@gmail.com', '1007563064', '1007563064', '', 'null', 1, 'Invitado', 2236073, 1, 'default.png'),
(1007563110, 'JASBLEY ADRIANA MUÑOZ GOMEZ', 'jasbleyadrianamunozgomez@gmail.com', '1007563110', '1007563110', '', '3224156650', 1, 'Invitado', 2500117, 1, 'default.png'),
(1007563113, 'KEVIN STIVEN MURCIA BOLAÑOS', 'kmurcia1110@gmail.com', '1007563113', '1007563113', '', '3219413204', 1, 'Invitado', 2326610, 1, 'default.png'),
(1007563159, 'KAREN YULIETH MUÑOZ SAMBONI', 'karenyulieth556@gmail.com', '1007563159', '1007563159', '', '3144626897', 1, 'Invitado', 2590833, 1, 'default.png'),
(1007569115, 'Brayan Marroquin ', 'brayan.mabu@gmail.com', '1007569115', '1007569115', 'Pitalito', '3212298171', 9, 'Invitado', 0, 1, 'default.png'),
(1007569237, 'KAROL XIOMARA ROJAS SORIANO', 'karolxiomararojassoriano@gmail.com', '1007569237', '1007569237', '', 'null', 1, 'Invitado', 2236074, 1, 'default.png'),
(1007576011, 'FELIPE ROJAS REYES', 'kinrojas2@gmail.com', '1007576011', '1007576011', '', '3125671196', 1, 'Invitado', 2236074, 1, 'default.png'),
(1007583258, 'FRANKI ALEXANDER', 'alexander31munoz@gmail.com', '1007583258', '1007583258', '', '3138436114', 1, 'Invitado', 2556433, 1, 'default.png'),
(1007587017, 'ANDERSON CASTRO BARRERA', 'castrobarreraanderson@gmail.com', '1007587017', '1007587017', '', '3058342344', 1, 'Invitado', 2451011, 1, 'default.png'),
(1007587074, 'JAIRO STIVEN LOPEZ ALVAREZ', 'jairostivenla11@gmail.com', '1007587074', '1007587074', '', 'null', 1, 'Invitado', 2556456, 1, 'default.png'),
(1007587139, 'JUAN PABLO HERNANDEZ MEDINA', 'juanhernandezmedina715@gmail.com', '1007587139', '1007587139', '', '3203433651', 1, 'Invitado', 2280193, 1, 'default.png'),
(1007587211, 'YURI NATALIA TORRES BOLAÑOS', 'natalia.torrez75@gmail.com', '1007587211', '1007587211', '', '3176195430', 1, 'Invitado', 2451009, 1, '1007587211.png'),
(1007587215, 'FERNANDO RIVERA PEREZ', 'fernando_rivera@soy.sena.edu.co', '1007587215', '1007587215', '', '3102081231', 1, 'Invitado', 2556393, 1, 'default.png'),
(1007587233, 'DAYANA TORRES SUAREZ', 'dayanat424@gmail.com', '1007587233', '1007587233', 'Pitalito', '3134297939', 9, 'Invitado', 0, 1, 'default.png'),
(1007587259, 'CARLA GUTIERREZ ALVARADO', 'kg6198680@gmail.com', '1007587259', '1007587259', '', 'null', 1, 'Invitado', 2236073, 1, 'default.png'),
(1007600279, 'DANIEL ALEJANDRO HURTADO LEON', 'danielhurtad8@gmail.com', '1007600279', '1007600279', '', '3212128517', 1, 'Invitado', 2500096, 1, 'default.png'),
(1007600353, 'JUAN CARLOS MONJE FORERO', 'juancarlosmonjeforero@gmail.com', '1007600353', '1007600353', '', '3139001543', 1, 'Invitado', 2556456, 1, 'default.png'),
(1007600571, 'DANIEL STIVEN BRAVO BOLAÑOZ', 'danielrinconbravo40@gmail.com', '1007600571', '1007600571', '', '3132248804', 1, 'Invitado', 2326610, 1, 'default.png'),
(1007600688, 'LUIS ALBERTO CAMAYO MANQUILLO', 'albertocamayo68@gmail.com', '1007600688', '1007600688', '', 'null', 1, 'Invitado', 2500070, 1, 'default.png'),
(1007600713, 'EDWIN ALEXANDER CLAROS RODRIGUEZ', 'clarosrodriguezedwinalexander@gmail.com', '1007600713', '1007600713', '', 'null', 1, 'Invitado', 2556393, 1, 'default.png'),
(1007600715, 'SANDRA CUCHIMBA STERLING', 'sandracuchimba2001@gmail.com', '1007600715', '1007600715', '', '3112379591', 1, 'Invitado', 2236073, 1, 'default.png'),
(1007659332, 'KAREN LISETH TRUJILLO CALDERÓN', 'zurdatc31@gmail.com', '1007659332', '1007659332', '', '3229014845', 1, 'Vocero', 2500070, 1, 'default.png'),
(1007659333, 'CRISTIAN ALEJANDRO QUINTERO BENAVIDES', 'quinterobenavidesc@gmail.com', '1007659333', '1007659333', '', '3224177945', 1, 'Invitado', 2280193, 1, 'default.png'),
(1007695751, 'DIDIER PAIVA JACOBO', 'paivadidier09@gmail.com', '1007695751', '1007695751', '', '3123935312', 1, 'Invitado', 2500274, 1, 'default.png'),
(1007705577, 'JHON FREDDY SUAREZ RESTREPO', 'jhons10077@gmail.com', '1007705577', '1007705577', '', '3203160790', 1, 'Vocero', 2426308, 1, 'default.png'),
(1007741546, 'CARLOS ARBELY FERNANDEZ ESPAÑA', 'carlosfernan411@gmail.com', '1007741546', '1007741546', '', '3102131585', 1, 'Invitado', 2500139, 1, 'default.png'),
(1007745181, 'LINA PAOLA OCHOA FAJARDO', 'linapaolaochoafajardo7@gmail.com', '1007745181', '1007745181', '', 'null', 1, 'Invitado', 2546882, 1, 'default.png'),
(1007745216, 'SEBASTIAN RENDON VARGAS', 'sereva8501@gmail.com', '1007745216', '1007745216', '', '3133007933', 1, 'Invitado', 2280204, 1, '1007745216.png'),
(1007745282, 'LEIDER FABIAN ALVAREZ RIVERA', 'leiderfabianalvarez2354@gmail.com', '1007745282', '1007745282', '', 'null', 1, 'Invitado', 2500070, 1, 'default.png'),
(1007745315, 'ANDRES ALFREDO JOJOA SAPUY', 'andresjojoa.203@gmail.com', '1007745315', '1007745315', '', '3223216418', 1, 'Invitado', 2426308, 1, 'default.png'),
(1007745330, 'LUIS CARLOS PERDOMO ARIAS', 'luiskarlosperdomo@gmail.com', '1007745330', '1007745330', '', '3202304024', 1, 'Invitado', 2500012, 1, 'default.png'),
(1007745334, 'JUAN DIEGO ZUÑIGA BOLAÑOS', 'juanmate07@outlook.com', '1007745334', '1007745334', '', '3178005067', 1, 'Invitado', 2500012, 1, 'default.png'),
(1007745499, 'JHOYNER STEVEN MARTINEZ VARGAS', 'lilijhoy16@gmail.com', '1007745499', '1007745499', '', 'null', 1, 'Invitado', 2500274, 1, 'default.png'),
(1007745539, 'JUAN CARLOS SALINAS PARRA', 'Parrasalinasjuancarlos0@gmail.com', '1007745539', '1007745539', '', '3223577811', 1, 'Invitado', 2500267, 1, 'default.png'),
(1007750715, 'LUIS GUILLERMO CERON MENDEZ', 'ceronluid283@gmail.com', '1007750715', '1007750715', '', 'null', 1, 'Invitado', 2500094, 1, 'default.png'),
(1007750804, 'ADRIANO BAMBAGUE LARA', 'adbamlara@gmail.com', '1007750804', '1007750804', '', 'null', 1, 'Invitado', 2500117, 1, 'default.png'),
(1007751036, 'LINA MARÍA CLAROS AGUILERA', 'lina.claros@iemnacionalpitalito.edu.co', '1007751036', '1007751036', '', '3122659789', 1, 'Invitado', 2562906, 1, 'default.png'),
(1007897674, 'EDWIN DAVID PARRA LUNA', 'eparraluna2@gmail.com', '1007897674', '1007897674', '', '3155355530', 1, 'Invitado', 2546882, 1, 'default.png'),
(1007897838, 'NICOLAS HERNANDEZ PERDOMO', 'nicotaku314@gmail.com', '1007897838', '1007897838', '', 'null', 1, 'Invitado', 2500012, 1, 'default.png'),
(1010008566, 'JHON ERIK BERMUDEZ BARRERA', 'caminandoporelmundo071@gmail.com', '1010008566', '1010008566', '', '3135879732', 1, 'Invitado', 2322432, 1, 'default.png'),
(1010077338, 'HAMILTON LEANDRO HOYOS MORA', 'hamiltonleandrohoyosmora@gmail.com', '1010077338', '1010077338', '', '3214323459', 9, 'Invitado', 0, 1, 'default.png'),
(1010078490, 'ANYELA YAZMIN MORA SOLARTE', 'anyelamora30072003@gmail.com', '1010078490', '1010078490', '', 'null', 1, 'Invitado', 2500094, 1, 'default.png'),
(1012322452, 'JEIMI CATALINA PULIDO MEDINA', 'catamedina1011@gmail.com', '1012322452', '1012322452', '', '3178644945', 1, 'Invitado', 2469570, 1, 'default.png'),
(1012323152, 'Harold Guzman Castiblanco', 'higuzmanc@sena.edu.co', '1012323152', '1012323152', 'Pitalito', '3177505926', 4, 'Invitado', 0, 1, 'default.png'),
(1012328451, 'JUAN DAVID GUTIERREZ VIDAL', 'gutirrezvidalj@gmail.com', '1012328451', 'ViDaL2923', '', '3209527912', 1, 'Invitado', 2451009, 1, 'default.png'),
(1012348707, 'LUIS ARMANDO CANTUCA ARMERO', 'actualizar@misena.edu.co', '1012348707', '1012348707', '', 'null', 1, 'Invitado', 2468752, 1, 'default.png'),
(1013102575, 'LINA PIEDAD GOMEZ SANCHEZ', 'linapiedad15@gmail.com', '1013102575', '1013102575', '', 'null', 1, 'Invitado', 2469571, 1, 'default.png'),
(1013102895, 'JUAN SEBASTIAN AVENDAÑO IMBACHI', 'Juanse26a@gmail.com', '1013102895', '1013102895', '', 'null', 1, 'Invitado', 2546882, 1, 'default.png'),
(1013579857, 'JENNY PAOLA RODRIGUEZ PARADA', 'jennyrodriguezparada@hotmail.com', '1013579857', '1013579857', '', '3142841891', 1, 'Invitado', 2554406, 1, 'default.png'),
(1013628439, 'JULIAN FELIPE QUIMBAYO HERRERA', 'julianfelipe2818@gmail.com', '1013628439', '1013628439', '', '3197089647', 1, 'Invitado', 2500096, 1, 'default.png'),
(1015474815, 'HARRINSON JIMENEZ LOPEZ', 'h.j.l.d@hotmail.com', '1015474815', '1015474815', '', '3227221881', 1, 'Vocero', 2500094, 1, 'default.png'),
(1015994112, 'JESUS NICOLAS AYERBE GUARNIZO', 'nicoayerbe.com@gmail.com', '1015994112', '1015994112', '', 'null', 1, 'Invitado', 2280204, 1, '1015994112.png'),
(1016101010, 'CRISTIAN DAVID PEREZ TORRES ', 'cristiandavidpereztorres@gmail.com', '1016101010', '1016101010', 'Pitalito', '3166240038', 9, 'Invitado', 0, 1, 'default.png'),
(1018484319, 'DIEGO MAURICIO SALAZAR SANCHEZ', 'dimausan96.dmssn@gmail.com', '1018484319', '1018484319', '', '3174457296', 1, 'Invitado', 2546882, 1, 'default.png'),
(1020471058, 'CARLOS SAHID HERMIDA IZQUIERDO', 'hermidacarlos62@gmail.com', '1020471058', '1020471058', '', '3113007147', 1, 'Invitado', 2562906, 1, 'default.png'),
(1020737788, 'GAVIRIA LOZANO DIEGO ALEJANDRO', 'dgavirial@sena.edu.co', '1020737788', '36294581', '', '3144389333', 2, 'Lider UP', 0, 1, 'default.png'),
(1021312788, 'DAVID FELIPE SEVILLA PEREZ', 'produccionesludens@gmail.com', '1021312788', '1021312788', '', '3112167735', 1, 'Invitado', 2500096, 1, 'default.png'),
(1022425485, 'HAROLD HERNANDO CUELLAR ROJAS', 'cuellarrojas97@gmail.com', '1022425485', '1022425485', '', '7959414', 1, 'Invitado', 2469966, 1, 'default.png'),
(1023932537, 'JAVIER ORLANDO ALZAMORA BRAVO', 'jabravo_93@hotmail.com', '1023932537', '1023932537', '', '3124610735', 1, 'Invitado', 2236073, 1, 'default.png'),
(1023949628, 'ANDRES FELIPE MUÑOZ SANCHEZ', 'actualizar@misena.edu.co', '1023949628', '1023949628', '', 'null', 1, 'Invitado', 2546882, 1, 'default.png'),
(1024539607, 'BRANDON STEVEN', 'bykson-23@hotmail.com', '1024539607', '1024539607', '', '3223734575', 1, 'Invitado', 2556433, 1, 'default.png'),
(1025522425, 'SERGIO CORTES OSORIO', 'bakuhinaka18@gmail.com', '1025522425', '1025522425', '', '', 1, 'Vocero', 2469582, 1, 'default.png'),
(1030605271, 'JESUS SNEYDER VARGAS QUITIAN', 'jvargas17@misena.edu.co', '1030605271', '1030605271', '', '3114271278', 1, 'Invitado', 2556456, 1, 'default.png'),
(1030680000, 'JUAN SEBASTIAN ESPAÑA PARRA', 'sebastianjst2247@gmail.com', '1030680000', '1030680000', '', '3006676973', 1, 'Invitado', 2469966, 1, 'default.png'),
(1031642349, 'JOHAN SEBASTIAN TORRES FERNANDEZ', 'johsebtorfer@gmail.com', '1031642349', '1031642349', '', 'null', 1, 'Invitado', 2322432, 1, 'default.png'),
(1031644105, 'LAURA SOFIA ANACONA CABRA', 'sandraaponte79@hotmail.com', '1031644105', '1031644105', '', '3142283431', 1, 'Invitado', 2451001, 1, 'default.png'),
(1031800353, 'KAREN DAYANA GUTIERREZ GUZMAN', 'gutierrezdayana865@gmail.com', '1031800353', '1031800353', '', '3183705367', 1, 'Invitado', 2590833, 1, 'default.png'),
(1032382898, 'DAVID EDUARDO DUARTE OBANDO', 'deduarteo@sena.edu.co', '1032382898', '1032382898', '', '3163918614', 4, 'Invitado', 0, 1, 'default.png'),
(1032443599, 'YORLENY STERLING CUELLAR', 'cuellaryorleny123@gmail.com', '1032443599', '1032443599', '', 'null', 1, 'Invitado', 2554406, 1, 'default.png'),
(1033685881, 'YULI TATIANA OVALLE VELASQUEZ', 'odeivicaicedo@gmail.com', '1033685881', '1033685881', '', '3008529635', 1, 'Invitado', 2541039, 1, 'default.png'),
(1053793216, 'MIRYAM LUCÍA SOLARTE', 'msolarter@sena.edu.co', '1053793216', '1053793216', '', '3206510002', 4, 'Invitado', 0, 1, 'default.png'),
(1058547250, 'MIGUEL ANGEL LUNA TABARES', 'migueltabares420@gmail.com', '1058547250', '1058547250', '', '3215951481', 1, 'Invitado', 2500070, 1, 'default.png'),
(1058547260, 'LUIS ALEJANDRO QUETA RUIZ', 'luisalejandroqueta@gmail.com', '1058547260', '1058547260', '', '3116329643', 1, 'Invitado', 2500274, 1, 'default.png'),
(1058669366, 'JOSE WILLIAM', 'williamvg.2000@gmail.com', '1058669366', '1058669366', '', '3222404361', 1, 'Invitado', 2556433, 1, 'default.png'),
(1058962010, 'MAIRA GISEL ROBLES URBANO', 'mairarobles362@gmail.com', '1058962010', '1058962010', '', '3222491933', 1, 'Invitado', 2451001, 1, 'default.png'),
(1058963269, 'YILENI SAMBONI SAMBONI', 'yilenisamboni16@gmail.com', '1058963269', '1058963269', '', '0', 1, 'Invitado', 2562906, 1, 'default.png'),
(1059901015, 'FABER SANTIAGO RUIZ ERAZO', 'faverruiz780@gmail.com', '1059901015', '1059901015', '', 'null', 1, 'Invitado', 2469966, 1, 'default.png'),
(1060296006, 'MARIA MICEYI MUÑOZ ASTUDILLO', 'mariiamunoz1234@gmail.com', '1060296006', '1060296006', '', '3214274595', 1, 'Invitado', 2280196, 1, 'default.png'),
(1061707811, 'ROSA ELVIRA GAVIRIA TORRES', 'rositagaviria@misena.edu.co', '1061707811', '1061707811', '', '3124491283', 2, 'Invitado', 0, 1, 'default.png'),
(1061821721, 'SEBASTIAN RIVERA RIVERA', 'sebascruzmusic@gmail.com', '1061821721', '1061821721', '', '3102511449', 1, 'Invitado', 2280204, 1, '1061821721.png'),
(1064186829, 'ANDREA CAROLINA DURANGO VELASQUEZ', 'santiagoduvez@gmail.com', '1064186829', '1064186829', '', '3146485834', 1, 'Vocero', 2469571, 1, 'default.png'),
(1070009104, 'RUBEN STIVEN AHUMADA RIOS', 'rubenrios02@hotmail.com', '1070009104', '1070009104', '', '3123225427', 1, 'Invitado', 2554406, 1, 'default.png'),
(1072703366, 'JHON HUMBERTO LOPEZ CASTILLO', 'vajosag@unal.edu.com', '1072703366', '1072703366', '', 'null', 1, 'Invitado', 2541039, 1, 'default.png'),
(1075210029, 'ALVARO LADINO PAQUE', 'ladinopaque@gmail.com', '1075210029', '1075210029', '', '3213067951', 1, 'Invitado', 2464124, 1, 'default.png'),
(1075214102, 'HEYI FERNANDA VARGAS RAMOS', 'hfvargasr@sena.edu.co', '1075214102', '1075214102', '', '3212323391', 2, 'Invitado', 0, 1, 'default.png'),
(1075216357, 'DIANA LORENA AVILA DUSAN', 'dlavila75@misena.edu.co', '1075216357', '1075216357', '', '3166966192', 2, 'Invitado', 0, 1, 'default.png'),
(1075272185, 'DIANA MARCELA TELLO ACHURY', 'dtelloa@sena.edu.co', '1075272185', '1075272185', '', '3188382142', 4, 'Invitado', 0, 1, 'default.png'),
(1075281256, 'MANUEL ESNEIDER MORENO GUZMAN', 'OKCONTRASENAS@GMAIL.COM', '1075281256', '1075281256', '', '3022833987', 1, 'Invitado', 2554406, 1, 'default.png'),
(1075282887, 'DANIEL FERNANDO PULIDO TRUJILLO', 'lion1494@gmail.com', '1075282887', '1075282887', 'Pitalito', '3134073485', 2, 'Invitado', 0, 1, 'default.png'),
(1075305922, 'MICHAEL ANDRES BERMUDEZ PERDOMO', 'maycol97perdomo@gmail.com', '1075305922', '1075305922', '', '3143920974', 1, 'Invitado', 2541039, 1, 'default.png'),
(1075317893, 'MANUEL FERNANDO MACIAS DELGADO', 'manuel.macias11@misena.edu.co', '1075317893', '1075317893', 'cll 11b sur #3a-42', '3203460642', 1, 'Vocero', 2280204, 1, '1075317893.png'),
(1076903377, 'JUAN FELIPE MORENO RAMIREZ', 'cybernetjf64@gmail.com', '1076903377', '1076903377', '', '3001000000', 1, 'Invitado', 2326610, 1, 'default.png'),
(1077012521, 'NEYRA DAYANA HIDALGO VARGAS', 'ndhidalgo@sena.edu.co', '1077012521', '1077012521', '', '3185952332', 4, 'Invitado', 0, 1, 'default.png'),
(1077226632, 'JESUS DAVID CRUZ SALAZAR', 'jesusdavidcruzsalazar@gmail.com', '1077226632', '1077226632', '', '3168036992', 1, 'Invitado', 2451001, 1, 'default.png'),
(1077840651, 'INGRID VANESA SABI CHARRY', 'ingridvanesasabicharry@gmail.com', '1077840651', '1077840651', '', '3007867564', 1, 'Invitado', 2236074, 1, 'default.png'),
(1077843011, 'JIMENA ROJAS POLANCO', 'ximepolanco25@gmail.com', '1077843011', '1077843011', '', '3219160729', 1, 'Invitado', 2500012, 1, 'default.png'),
(1077846310, 'KAREN LISDANY MEDINA HERNANDEZ', 'karenmedina3838@gmail.com', '1077846310', '1077846310', '', '3208684964', 1, 'Invitado', 2469570, 1, 'default.png'),
(1077858481, 'JOHN EDWIN MONTILLA BERNAL', 'johnmontilla1990@gmail.com', '1077858481', '1077858481', '', '3208296815', 2, 'Invitado', 0, 1, 'default.png'),
(1077876896, 'LEIDER GOMEZ CUBILLOS', 'leider_g_@hotmail.com', '1077876896', '1077876896', '', 'null', 1, 'Invitado', 2469966, 1, 'default.png'),
(1078746004, 'LUIS CARLOS OSORIO PULIDO', 'zorochooper3cd@gmail.com', '1078746004', '1078746004', '', '3175088811', 1, 'Invitado', 2469966, 1, 'default.png'),
(1078746103, 'LEIDY CARMENZA MELO ARIAS', 'meloleidy19@gmail.com', '1078746103', '1078746103', '', '3166706224', 1, 'Invitado', 2500012, 1, 'default.png'),
(1078746185, 'JUAN FERNANDO YUCO ROJAS', 'yucojf0004@gmail.com', '1078746185', '1078746185', '', '3126796273', 1, 'Vocero', 2326610, 1, 'default.png'),
(1078746269, 'CRISTIAN DAVID CLAROS IMBACHI', 'claroscristian073@gmail.com', '1078746269', '1078746269', '', '3212582864', 1, 'Invitado', 2500012, 1, 'default.png'),
(1078746416, 'NIYIRETH PARRA GAVIRIA', 'niyiretha123@gmail.com', '1078746416', '1078746416', '', '3163262355', 1, 'Invitado', 2562906, 1, 'default.png'),
(1078746506, 'JUAN SEBASTIAN GONZALEZ BARRERA', 'juansebastiangonzalez01@gmail.com', '1078746506', '1078746506', '', 'null', 1, 'Invitado', 2546882, 1, 'default.png'),
(1078746522, 'ERIK SANTIAGO CRUZ PANQUEVA', 'e.santiagocruz223006@gmail.com', '1078746522', '1078746522', '', '3173944205', 1, 'Invitado', 2500117, 1, 'default.png'),
(1078746551, 'DARLI FERNANDA CASTRO PLAZAS', 'darliferchacastro@gmail.com', '1078746551', '1078746551', '', '3105673838', 1, 'Invitado', 2500139, 1, 'default.png'),
(1078746613, 'YURANY ALEXANDRA RODRIGUEZ LEAL', 'alexandraleal379@gmail.com', '1078746613', '1078746613', '', '3175301246', 1, 'Invitado', 2590833, 1, 'default.png'),
(1078746631, 'DAIRA ALEXANDRA CRUZ CEDEÑO', 'dairaalexandracruz@gmail.com', '1078746631', '1078746631', '', '3188375515', 1, 'Invitado', 2500117, 1, 'default.png'),
(1078746654, 'MARLON BOLAÑOS GUZMAN', 'marlonbolaos2021@icloud.com', '1078746654', '1078746654', '', '3142427772', 1, 'Invitado', 2546882, 1, 'default.png'),
(1078746992, 'LUZ ADRIANA JARAMILLO ORTEGA', 'Luzjaramillo534@gmail.com', '1078746992', '1078746992', '', '3166237633', 1, 'Invitado', 2469570, 1, 'default.png'),
(1078750336, 'JOSE LUCIANO MARTINEZ USECHE', 'kaxajal78@hotmail.com', '1078750336', '1078750336', '', 'null', 1, 'Invitado', 2469966, 1, 'default.png'),
(1078753590, 'ARNOL DIAZ ARAGON', 'arbiking10@gmail.com', '1078753590', '1078753590', '', '3175632182', 1, 'Invitado', 2469966, 1, 'default.png'),
(1078755096, 'MARYI INES GARCES TORRES', 'actualizar@sena.edu.co', '1078755096', '1078755096', '', 'null', 1, 'Invitado', 2469966, 1, 'default.png'),
(1078755383, 'SANDER DAVID BARRIOS SILVA', 'sannder9817@gmail.com', '1078755383', '1078755383', '', 'null', 1, 'Invitado', 2469966, 1, 'default.png'),
(1078755612, 'EFRAIN GIL DUCUARA', 'efraingilducuara@outlook.com', '1078755612', '1078755612', '', '3184879581', 1, 'Invitado', 2469966, 1, 'default.png'),
(1079172341, 'JAIDER ANDRES RAMOS PASTRANA', 'mateo08112@gmail.com', '1079172341', '1079172341', '', '3123837330', 1, 'Invitado', 2556456, 1, 'default.png'),
(1079175033, 'JULIAN FELIPE GODOY PAREDES', 'pipegodoyparedes@gmail.com', '1079175033', '1079175033', '', '3184523948', 1, 'Invitado', 2500274, 1, 'default.png'),
(1079508964, 'MARCOS ALBERTO PERDOMO VANEGAS', 'marcos.pv@hotmail.com', '1079508964', '1079508Mp', '', '3182646210', 2, 'Invitado', 0, 1, '1079508964.png'),
(1079534248, 'JORDY ALEXANDER GARCIA GIRALDO', 'jordygarcia928@gmail.com', '1079534248', '1079534248', '', '3133012704', 1, 'Invitado', 2500139, 1, 'default.png'),
(1079534283, 'JOSE MANUEL MORALES CASTAÑO', 'josemmc058@gmail.com', '1079534283', '1079534283', '', '3202861221', 1, 'Vocero', 2451011, 1, 'default.png'),
(1079534289, 'KARENT DANIELA YUCUMA OME', 'yucuma13@gmail.com', '1079534289', '1079534289', '', '3008378738', 1, 'Invitado', 2500096, 1, 'default.png'),
(1079534328, 'ANGEL STEPHANY MEDINA ECHEVERRY', 'stefanymedinaecheverry@gmail.com', '1079534328', '1079534328', '', '3216138828', 1, 'Invitado', 2500267, 1, 'default.png'),
(1079534335, 'ANDRES FELIPE CHAVES PARRA', 'andresfelipechavesparra94@gmail.com', '1079534335', '1079534335', '', 'null', 1, 'Invitado', 2546882, 1, 'default.png'),
(1079534343, 'MARIA PAULA RIVERA PEÑA', 'maparipe123@gmail.com', '1079534343', '1079534343', '', '3183173761', 1, 'Invitado', 2500096, 1, 'default.png'),
(1079534526, 'HANZ VARGAS DIAZ', 'hanz.vargas@gmail.com', '1079534526', '1079534526', '', 'null', 1, 'Invitado', 2451009, 1, 'default.png'),
(1079535085, 'LINDA CAMILA NUÑEZ CALDERON', 'nflorcalderon321@gmail.com', '1079535085', '1079535085', '', 'null', 1, 'Invitado', 2562906, 1, 'default.png'),
(1080183795, 'Maria Surleny Morales', 'zurleny@gmail.com', '1080183795', '1080183795', 'Pitalito', '3152637157', 1, 'Invitado', 2236076, 1, 'default.png'),
(1080188513, 'OSCAR EDUARDO SANDOVAL ARTUNDUAGA', 'heavyismyname@hotmail.com', '1080188513', '1080188513', '', '3192039870', 1, 'Vocero', 2500096, 1, 'default.png'),
(1080260084, 'VALENTINA DAZA COAJI', 'dazavalentina99@gmail.com', '1080260084', '1080260084', '', '3228466846', 1, 'Vocero', 2280196, 1, 'default.png'),
(1080263313, 'DIANA CAROLINA JARAMILLO ORDOÑEZ', 'carito16245@hotmail.com', '1080263313', '1080263313', '', 'null', 1, 'Invitado', 2554406, 1, 'default.png'),
(1080290286, 'LESLY NATACHA PLAZAS ROJAS', 'leslyrojas140504@gmail.com', '1080290286', '1080290286', '', 'null', 1, 'Invitado', 2469571, 1, 'default.png'),
(1080360131, 'KARLY DARYANI PEREZ HURTATIZ', 'karlyperezhurtatiz@gmail.com', '1080360131', '1080360131', '', '3234397111', 1, 'Invitado', 2500094, 1, 'default.png'),
(1080360188, 'DILIAN ARYENI FIGUEROA PLAZA', 'dilianfigueroa3000@gmail.com', '1080360188', '1080360188', '', '3108818196', 1, 'Invitado', 2590833, 1, 'default.png'),
(1080365889, 'DERLY YISELA SOTO MELO', 'sottoderly@gmail.com', '1080365889', '1080365889', 'Pitalto', '3212952396', 1, 'Invitado', 2205627, 1, 'default.png'),
(1080366355, 'JADERSON MANSANARES POLANIA', 'jadersonpolania99@gmail.com', '1080366355', '1080366355', '', '3204254979', 1, 'Invitado', 2469966, 1, 'default.png'),
(1080930191, 'VIVIANA HERNANDEZ TIQUE', 'vh2689370@gmail.com', '1080930191', '1080930191', '', '3204921518', 1, 'Invitado', 2469570, 1, 'default.png'),
(1080930251, 'JUAN DAVID BUENDIA MASIAS', 'MBJUANDAVID16@GMAIL.COM', '1080930251', '1080930251', '', 'null', 1, 'Invitado', 2500094, 1, 'default.png'),
(1080930325, 'SEBASTIAN ZUÑIGA CHAUX', 'sebastianzunigachaux@gmail.com', '1080930325', '1080930325', '', '3185680539', 1, 'Invitado', 2451001, 1, 'default.png'),
(1080930426, 'LAURA JIMENA QUEZADA MANRIQUE', 'laurajimenaquesadamanrique@gmail.com', '1080930426', '1080930426', '', '3144697346', 1, 'Invitado', 2500274, 1, 'default.png'),
(1080930461, 'DANNY VANESSA HERNANDEZ ANTURY', 'dannyvanessa474@gmail.com', '1080930461', '1080930461', '', '31342867808', 1, 'Invitado', 2469570, 1, 'default.png'),
(1080930505, 'MARIA PAULA MUÑOZ COLLAZOS', 'mariapaulamunoz04@gmail.com', '1080930505', '1080930505', '', '3154289486', 1, 'Invitado', 2500094, 1, 'default.png'),
(1080930518, 'HERMID GUEVARA PALECHOR', 'hermidguevarapalechor4@gmail.com', '1080930518', '1080930518', '', '3174975703', 1, 'Invitado', 2500096, 1, 'default.png'),
(1080930636, 'JOSE JAIDER HEREDIA LOPEZ', 'heredialopezjosejaider@gmail.com', '1080930636', '1080930636', '', '3108164760', 1, 'Invitado', 2469570, 1, 'default.png'),
(1080930742, 'ELIANA ASCENCIO BARRERO', 'Barrero1315@gmail.com', '1080930742', '1080930742', '', '', 1, 'Vocero', 2469570, 1, 'default.png'),
(1080930754, 'JULIAN DAVID RINCON LOZANO', 'elwertu66@gmail.com', '1080930754', '1080930754', '', '3052914635', 1, 'Invitado', 2500274, 1, 'default.png'),
(1080930840, 'YULIANA CORREA CAMACHO', 'julicamacho2415@gmail.com', '1080930840', '1080930840', '', 'null', 1, 'Invitado', 2469570, 1, 'default.png'),
(1080930844, 'MARLON FERNANDO CELIS MUÑOZ', 'marloncelis3520@gmail.com', '1080930844', '1080930844', '', 'null', 1, 'Invitado', 2469570, 1, 'default.png'),
(1080930880, 'CHARITH ANDREA MORENO CORREA', 'morenocharith52@gmail.com', '1080930880', '1080930880', '', 'null', 1, 'Invitado', 2469570, 1, 'default.png'),
(1080930962, 'YULY FERNANDA OSORIO PUENTES', 'fo94615@gmail.com', '1080930962', '1080930962', '', 'null', 1, 'Invitado', 2469570, 1, 'default.png'),
(1080931225, 'RUBÉN YAIR MURCIA PRADILLA', 'murciapradillarubenyair@gmail.com', '1080931225', '1080931225', '', '3013167058', 1, 'Invitado', 2500096, 1, 'default.png'),
(1080931418, 'NATALIA RODRIGUEZ OSORIO', 'natarodri.1505@gmail.com', '1080931418', '1080931418', '', '3209539198', 1, 'Invitado', 2451001, 1, 'default.png'),
(1080933375, 'VICTOR ALFONSO LASO', 'Victoralfonso.91@hotmail.com', '1080933375', '1080933375', '', '3112523687', 6, 'Invitado', 0, 1, 'default.png'),
(1081394466, 'JULIAN CAMILO DAVALOS PAJOY', 'davalosjulian79@gmail.com', '1081394466', '1081394466', '', '3208651875', 1, 'Invitado', 2500267, 1, 'default.png'),
(1081512288, 'MARIA ANGELICA AROCA CRUZ', 'danielaaroca214@gmail.com', '1081512288', '1081512288', '', '3114463011', 1, 'Invitado', 2500117, 1, 'default.png'),
(1081517311, 'FELIPE ANDRES LIZARAZO VARGAS', 'anymusvargas@gmail.com', '1081517311', '1081517311', '', 'null', 1, 'Invitado', 2500070, 1, 'default.png'),
(1081592359, 'HUGO FERNANDO BURBANO GUTIERREZ', 'produccionesfernando29@gmail.com', '1081592359', '1081592359', '', '322294448', 1, 'Invitado', 2500096, 1, 'default.png'),
(1081593798, 'EDUARDO ESNEIDER', 'esnuker1991@gmail.com', '1081593798', '1081593798', '', '3143316006', 1, 'Invitado', 2556433, 1, 'default.png'),
(1081699076, 'DANIEL CORDOBA RUIZ', 'dcordobaruizv@gmail.com', '1081699076', '1081699076', '', 'null', 1, 'Invitado', 2556456, 1, 'default.png'),
(1081699614, 'WILLINTON STIVEN TRUJILLO IMBACHI', 'trujillostiven07@gmail.com', '1081699614', '1081699614', '', '3204874341', 1, 'Invitado', 2451001, 1, 'default.png'),
(1081699723, 'MARLY ALEJANDRA MENESES MESA', 'menesesmesamarly@gmail.com', '1081699723', '170720#22', '', '3024147680', 1, 'Invitado', 2469571, 1, '1081699723.png'),
(1081699749, 'JAIDER GHEFREY GALINDO TUQUERRES', 'jaiderghefreygalindotuquerres@gmail.com', '1081699749', '1081699749', '', '3104717402', 1, 'Invitado', 2252425, 1, 'default.png'),
(1081700247, 'GLADIS ROCIO RENGIFO IMBACHI', 'gladisrociorenjifoimbanchi@gmail.com', '1081700247', '1081700247', '', '3133048344', 1, 'Invitado', 2541039, 1, 'default.png'),
(1081728132, 'ANDRES FELIPE BARRERA SCARPETA', 'andrea.221185@hotmail.com', '1081728132', '1081728132', '', '3104486543', 1, 'Invitado', 2280193, 1, 'default.png'),
(1081733331, 'SARAH RIAÑO JOAQUI', 'rianosarah14@gmail.com', '1081733331', '1081733331', '', '3219202392', 1, 'Invitado', 2554406, 1, 'default.png'),
(1082124011, 'AUDONIAS PENAGOS SEMANATE', 'penagosxd2003@gmail.com', '1082124011', '1082124011', '', '3014874919', 1, 'Invitado', 2322432, 1, 'default.png'),
(1082124321, 'YULIANA JOVEN CABRERA', 'yulianajovencabrera@gmail.com', '1082124321', '1082124321', '', '3133442114', 1, 'Invitado', 2280193, 1, 'default.png'),
(1082154540, 'LIZETH TATIANA AMBITO MONTES', 'ambitomontestatiana@gmail.com', '1082154540', '1082154540', '', 'null', 1, 'Invitado', 2500094, 1, 'default.png'),
(1082772019, 'ALFER BERNEI ORDOÑEZ JIMENEZ', 'MILLOS9876543210@GMAIL.COM', '1082772019', '1082772019', '', '3203792491', 1, 'Invitado', 2468752, 1, 'default.png'),
(1082772142, 'GANEZA VARGAS ROJAS', 'ganezavargas283@gmail.com', '1082772142', '1082772142', '', '3163481468', 1, 'Invitado', 2500070, 1, 'default.png'),
(1082772506, 'JHONATAN HOYOS RUIZ', 'jhonatanhoyosruiz90@gmail.com', '1082772506', '1082772506', '', 'null', 1, 'Invitado', 2556456, 1, 'default.png'),
(1082773003, 'TANIA KARINA VALDES GOMEZ', 'karinavaldes07@gmail.com', '1082773003', '1082773003', '', 'null', 1, 'Invitado', 2469582, 1, 'default.png'),
(1082773248, 'DANIELA STEFANNY TOVAR CASTILLO', 'tovardaniela346@gmail.com', '1082773248', '1082773248', '', '3118468268', 1, 'Invitado', 2500267, 1, 'default.png'),
(1082777050, 'WILMER ALEXANDER QUINAYAS YUNDA', 'Wilmeralexanderquinayas@gmail.com', '1082777050', '1082777050', '', '3173350583', 1, 'Invitado', 2468752, 1, 'default.png'),
(1082777407, 'MARIO ALEJANDRO CERON ARCOS', 'alejoceron93@gmail.com', '1082777407', '1082777407', '', '3132454370', 1, 'Invitado', 2468752, 1, 'default.png'),
(1082778443, 'VICTOR ALFONSO URRUTIA IPUZ', 'urrutiaipuzvictor@gmail.com', '1082778443', '1082778443', '', '3214373287', 1, 'Invitado', 2451011, 1, 'default.png'),
(1082780030, 'ADRIANA VANESSA MACA ', 'avmaca0@misena.edu.co', '1082780030', '1082780030', 'Pitalito', '3123949489', 1, 'Invitado', 2205580, 1, 'default.png'),
(1082780297, 'LUIS ANGEL PASAJE ANDRADE', 'luisangelpasaje8@gmail.com', '1082780297', '1082780297', '', '3007894568', 1, 'Invitado', 2468752, 1, 'default.png'),
(1082781280, 'LEIDER CORDOBA PAPAMIJA', 'yber.omen19@gmail.com', '1082781280', '1082781280', '', 'null', 1, 'Invitado', 2468752, 1, 'default.png'),
(1083864021, 'JOSE LUIS RIVERA MINDA', 'jriveraminda@gmail.com', '1083864021', '1083864021', '', '3118354486', 1, 'Invitado', 2500117, 1, 'default.png'),
(1083864126, 'EDGAR FARID JOAQUI CHATES', 'faridchates5@gmail.com', '1083864126', '1083864126', '', 'null', 1, 'Invitado', 2426308, 1, 'default.png'),
(1083864129, 'EMERSON DAVID CALDERON PORTILLA', 'calderonportillae@gmail.com', '1083864129', '1083864129', '', '3132739820', 1, 'Invitado', 2280193, 1, 'default.png'),
(1083864132, 'YENIFER CONTRERAS SANCHEZ', 'sanchezyenifer357@gmail.com', '1083864132', '1083864132', '', '3222828008', 1, 'Invitado', 2500094, 1, 'default.png'),
(1083864186, 'JOSE ESTEBAN NAVARRO MADRIGAL', 'estebanmadrigal968@gmail.com', '1083864186', '1083864186', '', '3224126788', 1, 'Invitado', 2500267, 1, 'default.png'),
(1083864205, 'KERLY JHOANA VARGAS SALINAS', 'JHOANAVASA@GMAIL.COM', '1083864205', 'Educacion159', 'Vereda Regueros', '3185168188', 1, 'Invitado', 2252425, 1, '1083864205.png'),
(1083864224, 'ANDRES FELIPE MUÑOZ QUILINDO', 'andres.felipe986335@gmail.com', '1083864224', '1083864224', '', '3222892198', 1, 'Invitado', 2500274, 1, 'default.png'),
(1083864249, 'ELIANA VARGAS MUÑOZ', 'elianavargas838@gmail.com', '1083864249', '1083864249', '', '3133477876', 1, 'Invitado', 2500139, 1, 'default.png'),
(1083864251, 'JORGE ESTEBAN VASQUEZ MUÑOZ', 'jesteban.vasquez17@gmail.com', '1083864251', '1083864251', '', '3214273105', 1, 'Invitado', 2500267, 1, 'default.png'),
(1083864269, 'OSCAR JAVIER IBARRA ROJAS', 'lisper200220@gmail.com', '1083864269', '1083864269', '', '3144220387', 1, 'Invitado', 2500267, 1, 'default.png'),
(1083864335, 'LUIS FRANCISCO ESPITIA SANCHEZ', 'sluis9137@gmail.com', '1083864335', '1083864335', '', '3224239208', 1, 'Invitado', 2451001, 1, 'default.png'),
(1083864380, 'SANCHEZ OVIEDO JOSE LUIS', 'jlsanchez@sena.edu.co', '1083864380', '1083864380', '', '3103264147', 2, 'Invitado', 0, 1, 'default.png'),
(1083864639, 'CARLOS ALBERTO VALENZUELA CASTRO', 'albert1105@outlook.com', '1083864639', '1083864639', '', '3232469319', 1, 'Invitado', 2236073, 1, 'default.png'),
(1083864712, 'STEFANIA MUÑOZ HERNANDEZ', 'sm2011873@gmail.com', '1083864712', '1083864712', '', '3228288587', 1, 'Invitado', 2500267, 1, 'default.png'),
(1083864774, 'ARGENIS HELENA JIMENEZ LASSO', 'argenishelenajimenezlasso@gmail.com', '1083864774', '1083864774', '', '3144504936', 1, 'Invitado', 2541039, 1, 'default.png'),
(1083864892, 'KEVIN MAURICIO CRUZ MOSQUERA', 'kevincruz1056@gmail.com', '1083864892', '1083864892', '', '3232284872', 1, 'Invitado', 2469570, 1, 'default.png'),
(1083864910, 'KEVIN ANDREY MUÑOZ TORO', 'kevinamunoz11@gmail.com', '1083864910', '1083864910', '', 'null', 1, 'Invitado', 2556456, 1, 'default.png'),
(1083865453, 'ERICK SANTIAGO SANCHEZ ROJAS', 'ericksantiro03@gmail.com', '1083865453', '1083865453', '', '3124271698', 1, 'Invitado', 2500096, 1, 'default.png'),
(1083865542, 'JHOAN SEBASTIAN SAN JUAN GOMEZ', 'jhoansanjuan2004@gmail.com', '1083865542', '1083865542', '', 'null', 1, 'Invitado', 2469571, 1, 'default.png'),
(1083865570, 'YAMILET MENESES MENESES', 'yamiletmeneses1703@gmail.com', '1083865570', '1083865570', '', 'null', 1, 'Invitado', 2252425, 1, 'default.png'),
(1083865690, 'JUAN FELIPE', 'felipebermudez1919@gmail.com', '1083865690', '1083865690', '', '3123119798', 1, 'Invitado', 2556433, 1, 'default.png'),
(1083865698, 'CRISTIAN LEANDRO BENITEZ GUZMAN', 'cristianbenitezg06@gmail.com', '1083865698', '1083865698', '', '3133532772', 1, 'Invitado', 2556456, 1, 'default.png'),
(1083865710, 'DIANA CAROLINA TRUJILLO CLAROS', 'dianaclaros965@gmail.com', '1083865710', '1083865710', '', '3208252646', 1, 'Invitado', 2500094, 1, 'default.png'),
(1083865757, 'GERMAN DAVID SAMBONI SAMBONI', 'germansamboni271@gmail.com', '1083865757', '1083865757', '', '3118649477', 1, 'Vocero', 2469582, 1, 'default.png'),
(1083865760, 'NIYERETH GARZON VELA', 'niyegar760@gmail.com', '1083865760', '1083865760', '', '3143912884', 1, 'Invitado', 2541039, 1, 'default.png'),
(1083865788, 'JAMES SANTIAGO ORDOÑEZ QUINAYAS', 'sordonez287@gmail.com', '1083865788', '1083865788', 'San Agustín', '3223562765', 1, 'Invitado', 2280204, 1, '1083865788.png'),
(1083866053, 'MARIA CRISTINA ESPAÑA PINILLA', 'mariaespana754@gmail.com', '1083866053', '1083866053', '', '3108010866', 1, 'Invitado', 2236073, 1, 'default.png'),
(1083866184, 'ANDRES FELIPE VALDERRAMA ORTIZ', 'valderramaandres042@gmail.com', '1083866184', '1083866184', '', '3003114916', 1, 'Invitado', 2500012, 1, 'default.png'),
(1083866202, 'BRAYAN CAMILO LOPEZ CHAUX', 'camilolopezch676@gmail.com', '1083866202', '1083866202', '', '3188369283', 1, 'Invitado', 2469570, 1, 'default.png'),
(1083866354, 'JESUS DAVID VARGAS CLAROS', 'vargasclaros123@gmail.com', '1083866354', '1083866354', '', 'null', 1, 'Invitado', 2562906, 1, 'default.png'),
(1083866437, 'DIEGO ALEJANDRO VILLARUEL GONZALEZ', 'villitagonzalez2004@gmail.com', '1083866437', 'Mi200462', '', '3182559573', 1, 'Invitado', 2451009, 1, 'default.png'),
(1083866595, 'JAROL ESNITH ZAPATA SANCHEZ', 'jarolzapata2003@gmail.com', '1083866595', '1083866595', '', 'null', 1, 'Invitado', 2500274, 1, 'default.png'),
(1083866609, 'JUAN STEVAN GONZALEZ CARLOSAMA', 'juanex2018@gmail.com', '1083866609', '1083866609', '', '3133010575', 1, 'Vocero', 2500012, 1, 'default.png'),
(1083866644, 'SORANYI IBATA RODRIGUEZ', 'soranyiibata@gmail.com', '1083866644', '1083866644', '', 'null', 1, 'Invitado', 2556456, 1, 'default.png'),
(1083866659, 'YUDY ANDREA VALENCIA MOTTA', 'yudyv9368@gmail.com', '1083866659', '1083866659', '', '3134156943', 1, 'Invitado', 2280196, 1, 'default.png'),
(1083866721, 'DANIEL FELIPE BETANCOURT SUAREZ', 'albenissuarez2@gmail.com', '1083866721', '1083866721', '', '3204601804', 1, 'Invitado', 2500117, 1, 'default.png'),
(1083866790, 'KAREN TATIANA ANDRADE LOPEZ', 'karentatianaandradelopez@gmail.com', '1083866790', '1083866790', '', '3132117496', 1, 'Invitado', 2500094, 1, 'default.png'),
(1083866868, 'OSCAR MAURICIO', 'vidaloscarmauricio@gmail.com', '1083866868', '1083866868', '', '3115890287', 1, 'Invitado', 2556433, 1, 'default.png'),
(1083866960, 'LAURA VALENTINA RUIZ GOMEZ', 'valenruizgo14@gmail.com', '1083866960', '1083866960', '', 'null', 1, 'Invitado', 2451001, 1, 'default.png'),
(1083867012, 'MARIA ALEJANDRA SALINAS TORO', 'mariaalejandrasalinastoro90@gmail.com', '1083867012', '1083867012', '', '3152565626', 1, 'Invitado', 2280196, 1, 'default.png'),
(1083867144, 'ANDRY DAYANA BASTIDAS HERNANDEZ', 'bastidasandrydayana@gmail.com', '1083867144', '1083867144', '', 'null', 1, 'Invitado', 2469570, 1, 'default.png'),
(1083867339, 'MARITZA XIMENA DE LA CRUZ JOJOA', 'cruzjimena74@gmail.com', '1083867339', '1083867339', '', '3133228013', 1, 'Invitado', 2500094, 1, 'default.png'),
(1083867394, 'DARICKSON STIVEN MAMIAN CHACON', 'darickson.stiven96@gmail.com', '1083867394', 'RayTorXx', '', '3173238470', 1, 'Invitado', 2556456, 1, '1083867394.png'),
(1083867708, 'WENDY VANESSA HOYOS GARCIA', 'hoyosgarciawendyvanessa@gmail.com', '1083867708', '1083867708', '', 'null', 1, 'Invitado', 2500012, 1, 'default.png'),
(1083867897, 'SINDY JOHANNA ROJAS YAIMES', 'sindy08.rojas@gmail.com', '1083867897', '1083867897', '', 'null', 1, 'Invitado', 2426308, 1, 'default.png'),
(1083868084, 'LAURA VALENTINA GOMEZ VARGAS', 'lauravgomez0916@gmail.com', '1083868084', '1083868084', '', '3158023046', 1, 'Invitado', 2554406, 1, 'default.png'),
(1083868126, 'KEVIN STIVEN IJAJI LOSADA', 'kevinstivenijaji9@gmail.com', '1083868126', '1083868126', '', '3228345877', 1, 'Invitado', 2326610, 1, 'default.png'),
(1083868130, 'JESUS ALBEIRO GUTIERREZ TORRES', 'jesusgutierreztorresnm@gmail.com', '1083868130', '1083868130', '', 'null', 1, 'Invitado', 2469570, 1, 'default.png'),
(1083868175, 'NERLY GOMEZ MENDEZ', 'nerlygomez009@gmail.com', '1083868175', '1083868175', '', 'null', 1, 'Invitado', 2469571, 1, 'default.png'),
(1083868191, 'ANDRÉS DAMIAN RAMOS MURCIA', 'pedrocopito3@gmail.com', '1083868191', '1083868191', '', 'null', 1, 'Invitado', 2562906, 1, 'default.png'),
(1083868207, 'JHERSON ALEJANDRO ROJAS CHAMORRO', 'jherson04chamorro2004@gmail.com', '1083868207', 'ja654728', 'Villas de San Gabriel ', '3504181701', 1, 'Invitado', 2451009, 1, 'default.png'),
(1083868420, 'NATHALIA LOSADA MAZABEL', 'nlosada02@misena.edu.co', '1083868420', '1083868420', '', '3219869332', 1, 'Invitado', 2469570, 1, 'default.png'),
(1083868624, 'SINDY MAYERLY IMBACHI ORDOÑEZ', 'imbachiordonezsindymayerly@gmail.com', '1083868624', '1083868624', '', 'null', 1, 'Invitado', 2500094, 1, 'default.png'),
(1083868695, 'LEIDY ROCIO VARGAS LOPEZ', 'lrvargas@sena.edu.co', '1083868695', '1083868695', '', '320 8622904', 2, 'Invitado', 0, 1, 'default.png'),
(1083868724, 'JUAN SEBASTIAN CASTRO GUERRERO', 'jcastro5112004@gmail.com', '1083868724', '1083868724', '', 'null', 1, 'Invitado', 2500094, 1, 'default.png'),
(1083868782, 'JESSICA PAOLA GUTIERREZ CABRERA', 'jesica2004gutierrez@gmail.com', '1083868782', '1083868782', '', '3214626664', 1, 'Invitado', 2500094, 1, 'default.png'),
(1083869142, 'EDWIN ADOLFO TRUJILLO MUÑOZ', 'edwintru113@gmail.com', '1083869142', '1083869142', '', '3225327176', 1, 'Invitado', 2451011, 1, 'default.png'),
(1083869167, 'SANDY YISEL TOVAR RENZA', 'yiseltovar8@gmail.com', '1083869167', '1083869167', '', 'null', 1, 'Invitado', 2500012, 1, 'default.png'),
(1083869222, 'ISABELA BURGOS RAMOS', 'isabelaburgosramos@gmail.com', '1083869222', '1083869222', '', '3123802569', 1, 'Invitado', 2500012, 1, 'default.png'),
(1083869373, 'CARLOS ALBERTO FINDICUE JOAQUI', 'carlosfindicue64@gmail.com', '1083869373', '1083869373', '', '3134657248', 1, 'Invitado', 2562906, 1, 'default.png'),
(1083869410, 'LUISA FERNANDA', 'cabreraluisa2004@gmail.com', '1083869410', '1083869410', '', '3162811490', 1, 'Invitado', 2556433, 1, 'default.png'),
(1083869585, 'JOSE RICARDO AMBITO BAIQUE', 'ambitobaiquericardo@gmail.com', '1083869585', '1083869585', '', '3138612504', 1, 'Invitado', 2541039, 1, 'default.png'),
(1083869916, 'LUIS CARLOS PEÑA ABELLA', 'penaabellaluiscarlos@gmail.com', '1083869916', '1083869916', '', 'null', 1, 'Invitado', 2556456, 1, 'default.png'),
(1083869937, 'RUBEN DARIO MEDINA CHAVARRO', 'r8610dario@gmail.com', '1083869937', '1083869937', '', '3133900076', 1, 'Invitado', 2469966, 1, 'default.png'),
(1083869943, 'EDIXON SEMANATE GOMEZ', 'esemanate@misena.edu.co', '1083869943', '1083869943', '', 'null', 1, 'Invitado', 2554406, 1, 'default.png'),
(1083870026, 'JISETH GARCIA ROJAS', 'cgaro176@gmail.com', '1083870026', '1083870026', '', '3207031485', 1, 'Vocero', 2500012, 1, 'default.png'),
(1083870202, 'KATHERINE SUAREZ COLLAZOS', 'ksuarezc@sena.edu.co', '1083870202', '1083870202', '', '3175760895', 4, 'Invitado', 0, 1, 'default.png'),
(1083870418, 'BRAYHAN SMITH HOYOS HOYOS', 'brayhan0503hoyos@gmail.com', '1083870418', '1083870418', '', 'null', 1, 'Invitado', 2556456, 1, 'default.png'),
(1083870514, 'ANYELI PATRICIA GASCA COLLAZOS', 'agascacollazos@gmail.com', '1083870514', '1083870514', '', '3217882137', 1, 'Invitado', 2562906, 1, 'default.png'),
(1083870541, 'WILLIAM MAURICIO RODRIGUEZ DIAZ', 'maurorodriguez1208@gmail.com', '1083870541', '1083870541', '', '3233093677', 1, 'Invitado', 2500267, 1, 'default.png'),
(1083870562, 'MARIA FERNANDA ROJAS DUCUARA', 'mariafernanda31234@gmail.com', '1083870562', '1083870562', '', 'null', 1, 'Invitado', 2500096, 1, 'default.png'),
(1083870584, 'DIEGO ARMANDO SILVA ALVAREZ', 'diegosilva870405@gmail.com', '1083870584', '1083870584', '', '3118991021', 1, 'Invitado', 2500274, 1, 'default.png'),
(1083870610, 'ANDRY SULEIDY PEÑA RENDON', 'andrypenarendon@gmail.com', '1083870610', '1083870610', '', '3204238978', 1, 'Invitado', 2562906, 1, 'default.png'),
(1083871059, 'HEIDY CAMILA VARGAS RIVERA', 'cami22vr@gmail.com', '1083871059', '1083871059', '', '3112489139', 1, 'Invitado', 2500117, 1, 'default.png'),
(1083871179, 'ANYI VALENTINA VARGAS MAMIAN', 'anyva2005@gmail.com', '1083871179', '1083871179', '', '3118412741', 1, 'Invitado', 2500012, 1, 'default.png'),
(1083871649, 'KAREN YARITZA', 'obandokarenyaritza16@gmail.com', '1083871649', '1083871649', '', '3138593797', 1, 'Invitado', 2556433, 1, 'default.png'),
(1083872311, 'OSCAR FABIAN IBARRA CAMAYO', 'oscaribarra9@outlook.com', '1083872311', '1083872311', '', '3133425442', 1, 'Invitado', 2500117, 1, 'default.png'),
(1083872557, 'RENE FERNEY MORALES MORALES', 'moralesmoralesreneferney@gmail.com', '1083872557', '1083872557', '', '3213451128', 1, 'Invitado', 2541039, 1, 'default.png'),
(1083872747, 'LEANDRO EZEQUIEL TORRES PANQUEVA', 'leotorresp32@gmail.com', '1083872747', '1083872747', '', '3133285890', 1, 'Invitado', 2500267, 1, 'default.png'),
(1083872807, 'JOSE LUIS MUÑOZ TIBAVISCO', 'josel_munozt@soy.sena.edu.co', '1083872807', '1083872807', '', '3103185192', 1, 'Invitado', 2556393, 1, 'default.png'),
(1083873820, 'ALEJANDRO CARLOSAMA SANCHEZ', 'alejocarlosanchez@gmail.com', '1083873820', '1083873820', '', '3128134716', 1, 'Invitado', 2451011, 1, 'default.png'),
(1083874139, 'OSCAR MAURICIO BONILLA VASQUEZ', 'ombonilla9@misena.edu.co', '1083874139', '1083874139', '', '3214242406', 2, 'Invitado', 0, 1, 'default.png'),
(1083874704, 'MARIA ISABEL', 'mariaisabelm778@gmail.com', '1083874704', '1083874704', '', 'null', 1, 'Invitado', 2556433, 1, 'default.png'),
(1083874917, 'JAVIER EDUARDO GOMEZ ROJAS', 'jegomez7194@misena.edu.co', '1083874917', '1083874917', '', '3233068421', 2, 'Invitado', 0, 1, 'default.png'),
(1083875307, 'KAREN VANESSA ARGOTE SANCHEZ', 'kargote5@gmail.com', '1083875307', '1083875307', '', 'null', 1, 'Invitado', 2541039, 1, 'default.png'),
(1083875453, 'MARIA CAMILA URBANO', 'mariacamilaurbano1@gmail.com', '1083875453', '1083875453', 'Pitalito', '3227112743', 1, 'Invitado', 2556433, 1, 'default.png'),
(1083876215, 'ARBEY CARDENAS ARTUNDUAGA', 'arbey_car@hotmail.com', '1083876215', '1083876215', '', 'null', 1, 'Invitado', 2468752, 1, 'default.png'),
(1083877022, 'BREYNER STIVEN NARVAEZ BOTINA', 'actualizar@sena.edu.co', '1083877022', '1083877022', '', 'null', 1, 'Invitado', 2469966, 1, 'default.png'),
(1083877176, 'JHON ALEXANDER CASTAÑO GOMEZ', 'alexcg553@gmail.com', '1083877176', '1083877176', '', '3104114341', 1, 'Invitado', 2326610, 1, 'default.png'),
(1083878528, 'YENY ALEXANDRA BECERRA MUÑOZ', 'becerrayeny62@gmail.com', '1083878528', '1083878528', '', '3115727930', 1, 'Invitado', 2469570, 1, 'default.png'),
(1083878616, 'JORGE EDUARDO CHAVARRO', 'jchavarroh@sena.edu.co', '1083878616', '1083878616', '', '3105742849', 5, 'Invitado', 0, 1, 'default.png'),
(1083880270, 'WILLIAM ALEXANDER ANACONA MALES', 'anaconaalexander01.males@gmail.com', '1083880270', '1083880270', '', 'null', 1, 'Invitado', 2468752, 1, 'default.png'),
(1083882293, 'RUBEN DARIO JOVEN SILVA', 'rubenjoven128@hotmail.com', '1083882293', '1083882293', '', '3203948160', 1, 'Invitado', 2541039, 1, 'default.png'),
(1083883393, 'YULI ANDREA MUÑOZ CLEVES', 'yulicleves22@gmail.com', '1083883393', '1083883393', '', '3228545849', 6, 'Invitado', 0, 1, 'default.png'),
(1083883612, 'NATALIA DELGADO TORRES', 'pitalito1989@gmail.com', '1083883612', '1083883612', '', '3229170383', 1, 'Vocero', 2280193, 1, 'default.png'),
(1083883724, 'Lorena Salinas Perez', 'lolope91@gmail.com', '1083883724', '1083883724', '', '3183840143', 1, 'Invitado', 2590833, 1, 'default.png'),
(1083884133, 'YEIMI ALEXANDRA GONZALEZ RODRIGUEZ', 'yagonzalez331@misena.edu.co', '1083884133', '1083884133', '', '3103223345', 1, 'Invitado', 2541039, 1, 'default.png'),
(1083884998, 'JADERSON YAMIL CASTILLO', 'jadersonyamil@gmail.com', '1083884998', '1083884998', '', '3229006285', 1, 'Invitado', 2562906, 1, 'default.png'),
(1083886191, 'CARLOS GUILLERMO RODRIGUEZ RENGIFO', 'cargui.rodriguez@misena.edu.co', '1083886191', '1083886191', '', '3125971683', 2, 'Invitado', 0, 1, '1083886191.png'),
(1083887611, 'CRISTIAN MAURICIO ROBAYO QUINAYAS', 'mauricio.robayo90@gmail.com', '1083887611', '1083887611', '', '3125372440', 1, 'Invitado', 2500267, 1, 'default.png'),
(1083889221, 'MARIBEL RIVERA VARGAS', 'mriverav@sena.edu.co', '1083889221', '1083889221', '', '3115278309', 4, 'Invitado', 0, 1, 'default.png');
INSERT INTO `personas` (`identificacion`, `Nombres`, `Correo`, `Login`, `password`, `Direccion`, `Telefono`, `Cargo`, `Rol`, `Ficha`, `Estado`, `Foto`) VALUES
(1083889514, 'CAROLINA CARVAJAL ARANDA', 'carvis65@hotmail.com', '1083889514', '1083889514', '', '3002785052', 1, 'Invitado', 2280193, 1, 'default.png'),
(1083891988, 'NORMA CONSTANZA IQUIRA BELTRAN', 'nciquira@sena.edu.co', '1083891988', '1083891988', '', '3105775621', 4, 'Invitado', 0, 1, 'default.png'),
(1083894215, 'YAMID EFREN ESPINOSA GUERRERO', 'yamidef.8@gmail.com', '1083894215', '1083894215', '', 'null', 1, 'Invitado', 2468752, 1, 'default.png'),
(1083896548, 'KAREN SOFIA SUAREZ COLLAZOS', 'kssuarez@sena.edu.co', '1083896548', '1083896548', '', '3106083330', 4, 'Invitado', 0, 1, 'default.png'),
(1083896746, 'JUAN PABLO CARBAJAL RIOS', 'arq.juanplablocarvajal@gmail.com', '1083896746', '1083896746', '', '3153916504', 2, 'Invitado', 0, 1, 'default.png'),
(1083896934, 'CRISTIAN LEONARDO RIVERA GAVIRIA', 'riveragaviriac@gmail.com', '1083896934', '1083896934', '', '3223211584', 1, 'Invitado', 2562906, 1, 'default.png'),
(1083897794, 'DIANA MARIA MENSA ORTIZ', 'diana.m.ortiz1601@gmail.com', '1083897794', '1083897794', '', '3203944126', 1, 'Invitado', 2500267, 1, 'default.png'),
(1083898287, 'ALFONSO IBARRA BELTRAN', 'valentinaibarra634@gmail.com', '1083898287', '1083898287', '', '3112829294', 1, 'Invitado', 2500117, 1, 'default.png'),
(1083898406, 'OSCAR IVAN PERDOMO GOMEZ', 'Oscarivanperdomogomez8@gmail.com', '1083898406', '1083898406', '', '3125325070', 1, 'Invitado', 2541039, 1, 'default.png'),
(1083898530, 'SANDRA MILENA MENESES BASTIDAS', 'nicolasalexander2202@gmail.com', '1083898530', '1083898530', '', '3208015669', 1, 'Invitado', 2500012, 1, 'default.png'),
(1083899474, 'CARLOS ALEJANDRO TOVAR MURCIA', 'c.a.t.1478@hotmail.com', '1083899474', '1083899474', '', '3195716920', 1, 'Invitado', 2500096, 1, 'default.png'),
(1083899583, 'EDWAR A. VERGARA CALDERON', 'veca_2611@hotmail.com', '1083899583', '1083899583', '', '3102446633', 2, 'Invitado', 0, 1, 'default.png'),
(1083900614, 'MESIAS ANTONIO MARTINEZ SALAZAR', 'antonio.martinez900614@gmail.com', '1083900614', '1083900614', '', '3134722641', 1, 'Invitado', 2546882, 1, 'default.png'),
(1083901107, 'ELKIN YESID BOLAÑOS ORTIZ', 'yesid3280@gmail.com', '1083901107', '1083901107', '', '3118402901', 1, 'Invitado', 2469570, 1, 'default.png'),
(1083903843, 'DIANA PAOLA SOSCUE MAMIAN', 'dpsoscue3@misena.edu.co', '1083903843', '1083903843', '', '3204813840', 1, 'Invitado', 2186843, 1, 'default.png'),
(1083907480, 'MARIA ALEJANDRA CHAVARRO HOYOS', 'alejandrach1994@gmail.com', '1083907480', '1083907480', '', '3118577465', 3, 'Invitado', 0, 1, 'default.png'),
(1083907660, 'ERIKA TATIANA MUÑOZ MUÑOZ', 'etmunoz@sena.edu.co', '1083907660', '1083907660', '', '3215529355', 4, 'Invitado', 0, 1, 'default.png'),
(1083907806, 'NELCY JUDITH RAMIREZ PERDOMO', 'judith18@soy.sena.edu.co', '1083907806', '1083907806', '', '3153042063', 1, 'Vocero', 2451009, 1, '1083907806.png'),
(1083908574, 'MARY LEIDY ZULUAGA CANACUE', 'zuluagas005@gmail.com', '1083908574', '1083908574', '', 'null', 1, 'Invitado', 2554406, 1, 'default.png'),
(1083909774, 'KAREN SHIRLEY MURCIA ARTUNDUAGA', 'kmurcia@sena.edu.co', '1083909774', '1083909774', '', '3154773482', 4, 'Invitado', 0, 1, 'default.png'),
(1083909990, 'SMITH DARIO MONCADA RAMOS', 'Smithmoncada195@gmail.com', '1083909990', '1083909990', '', '3054151153', 1, 'Invitado', 2562906, 1, 'default.png'),
(1083910186, 'ALEJANDRO IRUA HOYOS', 'alejandro_irua@soy.sena.edu.co', '1083910186', '1083910186', '', '3115416039', 1, 'Invitado', 2556393, 1, 'default.png'),
(1083913251, 'JUAN SEBASTIAN MUÑOZ TORRES', 'sebachox.3@gmail.com', '1083913251', '1083913251', 'Pitalito', '3143801891', 3, 'Invitado', 0, 1, 'default.png'),
(1083913626, 'JUAN DIEGO CORTES OSPINA', 'arqcortes03@gmail.com', '1083913626', '1083913626', '', '3106065711', 1, 'Vocero', 2500274, 1, 'default.png'),
(1083913664, 'JOSE FERNANDO BUSTOS JOJOA', 'bustos.jb@gmail.com', '1083913664', '1083913664', '', 'null', 1, 'Invitado', 2541039, 1, 'default.png'),
(1083914957, 'SERGIO NICOLAS GASCA TRUJILLO', 'nicolreal2009@hotmail.com', '1083914957', '1083914957', '', '3102177445', 1, 'Invitado', 2554406, 1, 'default.png'),
(1083915217, 'CARLOS MAURICIO GOMEZ ORTEGA', 'mauricio.gomez96@outlook.com', '1083915217', '1083915217', '', '3124836863', 1, 'Invitado', 2500012, 1, 'default.png'),
(1083915877, 'JAVIER HERNAN GOMEZ PEREZ', 'castillo-exg2@hotmail.com', '1083915877', '1083915877', '', 'null', 1, 'Invitado', 2554406, 1, 'default.png'),
(1083916015, 'JUAN DAVID LOPEZ MOTTA', 'lpzdavidjm@gmail.com', '1083916015', '1083916015', '', '3118591365', 1, 'Invitado', 2554406, 1, 'default.png'),
(1083916034, 'KATHERINE ORTEGA ORTIZ', 'katherineortegaortiz@hotmail.com', '1083916034', '1083916034', '', '3223644237', 4, 'Invitado', 0, 1, 'default.png'),
(1083917926, 'VANESSA QUINTANA MAHECHA', 'mahechavane99@gmail.com', '1083917926', '1083917926', '', '3142415116', 1, 'Invitado', 2451001, 1, 'default.png'),
(1083919421, 'JUAN SEBASTIAN RUIZ SUAREZ', 'jsruiz240@misena.edu.co', '1083919421', '1083919421', '', '315-740-3499', 2, 'Invitado', 0, 1, 'default.png'),
(1083920078, 'LUIS FERNANDO MURCIA RESTREPO', 'luiss.restrepofm@gmail.com', '1083920078', '1083920078', '', 'null', 1, 'Invitado', 2500139, 1, 'default.png'),
(1083920781, 'JEFERSON ANDREY CARVAJAL TORO', 'andrescarvajal733@gmail.com', '1083920781', '1083920781', '', '3124145146', 1, 'Invitado', 2546882, 1, 'default.png'),
(1083921165, 'LISANDRO PERALTA PULIDO', 'peraltapulido993@gmail.com', '1083921165', '1083921165', '', '3138298979', 1, 'Vocero', 2500139, 1, 'default.png'),
(1083921190, 'JAIME ENRIQUE CARBONEL OBANDO', 'karbo078@gmail.com', '1083921190', '1083921190', '', '3148252328', 1, 'Invitado', 2556456, 1, 'default.png'),
(1083921384, 'Alejandro Ojeda Morales', 'alejomorales113@gmail.com', '1083921384', '1083921384', 'Pitalito', '3213465076', 1, 'Invitado', 2018791, 1, 'default.png'),
(1083921794, 'SERGIO ALEJANDRO BETANCOURTH TORO', 'alejandrobetancourth74@hotmail.com', '1083921794', '1083921794', '', '3118898404', 1, 'Invitado', 2500096, 1, 'default.png'),
(1083922181, 'ANYI PAOLA FIGUEROA VELA', 'paolfig0071@hotmail.com', '1083922181', '1083922181', '', '3208473737', 1, 'Invitado', 2500012, 1, 'default.png'),
(1083923031, 'FELIPE HORTA ALVARADO', 'dfrpha15@gmail.com', '1083923031', '1083923031', '', '3187715215', 1, 'Invitado', 2590833, 1, 'default.png'),
(1083923386, 'Ever Daniel Leyton Muñoz', 'danielx48g@gmail.com', '1083923386', '1083923386', 'Pitalito', '3143680813', 1, 'Invitado', 2327533, 1, 'default.png'),
(1083923857, 'WILMER ANDRES PEÑA RENDON', 'wilmerrendon07@hotmail.com', '1083923857', '1083923857', '', '3106690917', 9, 'Invitado', 0, 1, 'default.png'),
(1083924692, 'SILVIA LORENA CLAROS MOLINA', 'silviaclaros14@gmail.com', '1083924692', '1083924692', '', '3208621155', 1, 'Invitado', 2590833, 1, 'default.png'),
(1083924883, 'DIANA PAOLA TAFUR VARGAS', 'tafurpaola15@gmail.com', '1083924883', '1083924883', '', '3202607980', 1, 'Invitado', 2236073, 1, 'default.png'),
(1083925927, 'OSCAR HERNANDO RIOS REAL', 'oscarreal96@gmail.com', '1083925927', '1083925927', '', '3222890904', 1, 'Invitado', 2500267, 1, 'default.png'),
(1083927234, 'DANIEL FELIPE BUITRON DUARTE', 'dafebu1083@gmail.com', '1083927234', '1083927234', '', '3227323425', 1, 'Invitado', 2590833, 1, 'default.png'),
(1083927338, 'JUAN DAVID RIVERA BOLAÑOS', 'juandavidriverabolanos975@gmail.com', '1083927338', '1083927338', '', '3001234567', 1, 'Invitado', 2541039, 1, 'default.png'),
(1083927443, 'DERLY JOHANNA DIAZ BUENDIA', 'fliadiaz43@gmail.com', '1083927443', '1083927443', '', '3133542738', 1, 'Vocero', 2500070, 1, 'default.png'),
(1083927587, 'YEISON ANDRES HERNANDEZ LOPEZ', 'yeison45andres@gmail.com', '1083927587', '1083927587', '', '3222733961', 1, 'Vocero', 2451011, 1, 'default.png'),
(1083927626, 'JOHANA FERNANDA IMBACHI SAMBONI', 'Sambonij51@gmail.com', '1083927626', '1083927626', '', '3125979225', 1, 'Invitado', 2554406, 1, 'default.png'),
(1083928150, 'JORGE EDUARDO SUAREZ MUÑOZ', 'jorgsuarez937@gmail.com', '1083928150', '1083928150', '', '3156156891', 1, 'Invitado', 2500070, 1, 'default.png'),
(1083928678, 'Sandra Milena Riveros ', 'smriveros@sena.edu.co', '1083928678', '1083.Sandra', 'Pitalito', '3223115063', 3, 'Punto Venta', 0, 1, 'default.png'),
(1083928882, 'ANGELA YULIETH RIVERA VARGAS', 'angelarivera0316@gmail.com', '1083928882', '1083928882', '', '3167936208', 1, 'Invitado', 2280193, 1, 'default.png'),
(1083929520, 'MARIA SOFIA ORDOÑEZ OTAYA', 'mariasofiaordonezotaya@gmail.com', '1083929520', '1083929520', '', '3213126515', 1, 'Invitado', 2500267, 1, 'default.png'),
(1083929900, 'OMAR STEEVEN MENDEZ SAENS', 'co.stivenm@gmail.com', '1083929900', '1083929900', '', '3001564949', 1, 'Invitado', 2426308, 1, 'default.png'),
(1083931202, 'RAMIRO ANDRES OROZCO HURTATIS', 'Andresorozcosc4321@gmail.com', '1083931202', '1083931202', '', '3003209755', 1, 'Invitado', 2500094, 1, 'default.png'),
(1083931348, 'LAURA ISABEL CUELLAR NUÑEZ', 'isabelcuellar796@gmail.com', '1083931348', '1083931348', '', 'null', 1, 'Invitado', 2500274, 1, 'default.png'),
(1083931431, 'ANDRES FELIPE CHILITO BURGOS', 'chilitofelipe1027@gmail.com', '1083931431', '1083931431', '', 'null', 1, 'Invitado', 2541039, 1, 'default.png'),
(1083984005, 'LILIANA YISELA GOMEZ ANACONA', 'gicelagomez17082020@gmail.com', '1083984005', '1083984005', '', '3508688456', 1, 'Invitado', 2326610, 1, 'default.png'),
(1083984054, 'MARIA JULIANA MUÑOZ SAMBONI', 'Lijumusa3@gmail.com', '1083984054', '1083984054', '', '3133662957', 1, 'Invitado', 2469582, 1, 'default.png'),
(1083984102, 'JUAN CARLOS MENESES ORDOÑEZ', 'juancordoez19@gmail.com', '1083984102', '1083984102', '', '3125557672', 1, 'Invitado', 2469582, 1, 'default.png'),
(1083984132, 'NEIDER YESID MENESES ANACONA', 'neideranacona09@gmail.com', '1083984132', '1083984132', '', '3142023758', 1, 'Invitado', 2469582, 1, 'default.png'),
(1083984147, 'YENCY LEANDRA SALAMANCA CASTILLO', 'Salamancacastilloyencyleandra@gmail.com', '1083984147', '1083984147', '', '3107537085', 1, 'Invitado', 2469571, 1, 'default.png'),
(1083984162, 'JUAN FELIPE CHILITO ANACONA', 'juancordobajesus24@gmail.com', '1083984162', '1083984162', '', 'null', 1, 'Invitado', 2500274, 1, 'default.png'),
(1083984231, 'UREILY ELENID ORDOÑEZ SANCHEZ', 'ureilyordonez@gmail.com', '1083984231', '1083984231', '', '3214559637', 1, 'Invitado', 2500139, 1, 'default.png'),
(1083984235, 'MAYRA ALEJANDRA MUÑOZ MUÑOZ', 'munozmayraalejandra45@gmail.com', '1083984235', '1083984235', '', 'null', 1, 'Invitado', 2562906, 1, 'default.png'),
(1083984301, 'GEORLAND STEPHEN GARCES MAMIAN', 'georlandgarces2004@gmail.com', '1083984301', '1083984301', '', '3002345678', 1, 'Invitado', 2500139, 1, 'default.png'),
(1083984323, 'DAVID FERNANDO URBANO GOMEZ', 'davidurbano576@gmail.com', '1083984323', '1083984323', '', 'null', 1, 'Invitado', 2252425, 1, 'default.png'),
(1083984421, 'TANIA NICOLE BRAVO GIRON', 'nicolebravo719@gmail.com', '1083984421', '1083984421', '', 'null', 1, 'Invitado', 2469570, 1, 'default.png'),
(1083987447, 'JERLINSON FABIAN RAMOS GALINDEZ', 'ramosgalindezjerlinsonfabian@gmail.com', '1083987447', '1083987447', '', '3207851237', 1, 'Invitado', 2556456, 1, 'default.png'),
(1084250035, 'NICOLAS ESTIVEN RENGIFO GUAÑARITA', 'nerengifo5@soy.sena.edu.co', '1084250035', '1084250035', '', '3214608629', 1, 'Invitado', 2556393, 1, 'default.png'),
(1084250053, 'CRISTIAN DIAZ ORTEGA', 'diazzortega10@gmail.com', '1084250053', '1084250053', '', '3153280127', 1, 'Invitado', 2252425, 1, 'default.png'),
(1084250063, 'KAREN TATIANA IMBACHI CANTILLO', 'cantillokarentatiana@gmail.com', '1084250063', '1084250063', '', 'null', 1, 'Invitado', 2252425, 1, 'default.png'),
(1084250082, 'ANGELA SOFÍA TORRES', 'angelasofiatorresjoaqui@gmail.com', '1084250082', '1084250082', 'Pitalito', '3147665211', 9, 'Invitado', 0, 1, 'default.png'),
(1084250149, 'BRAYAN STIVEN TORRES MUÑOZ', 'brayanmedals@gmail.com', '1084250149', '1084250149', '', '3003103885', 1, 'Invitado', 2556456, 1, 'default.png'),
(1084250695, 'DANIEL FELIPE MENDIETA MURILLO', 'danielfelipemendietamurillo@gmail.com', '1084250695', '1084250695', '', '3124342767', 1, 'Invitado', 2500070, 1, 'default.png'),
(1084250696, 'JULIAN ALBEIRO ESPAÑA ERAZO', 'espanaerazojulianalveiro@gmail.com', '1084250696', '1084250696', '', '3227111579', 1, 'Invitado', 2500274, 1, 'default.png'),
(1084250830, 'ANDRES FELIPE SANCHEZ CASTRO', 'fs109249@gmail.com', '1084250830', '1084250830', '', '3209797849', 1, 'Invitado', 2500274, 1, 'default.png'),
(1084251175, 'MARIA JOSE ÑAÑEZ BUESAQUILLO', 'nanezmariajose73@gmail.com', '1084251175', 'Majo6', '', '3114954177', 1, 'Invitado', 2469571, 1, '1084251175.png'),
(1084251327, 'CRISTIAN FABIAN ROJAS ROJAS', 'cristianfabianr328@gmail.com', '1084251327', '1084251327', '', '3003187469', 1, 'Invitado', 2451009, 1, '1084251327.png'),
(1084251369, 'LUISA FERNANDA MONTERO SANCHEZ', 'luisamontero0421@gmail.com', '1084251369', '1084251369', '', '3219246871', 1, 'Vocero', 2469570, 1, 'default.png'),
(1084251421, 'NELCY YULIETH NAVIA GOMEZ', 'nelcyyuliethgomez@gmail.com', '1084251421', '1084251421', '', '3054771258', 1, 'Invitado', 2590833, 1, 'default.png'),
(1084251450, 'JHON ALEXIS GOMEZ JURADO', 'jhonalexis1865@gmail.com', '1084251450', '1084251450', '', 'null', 1, 'Invitado', 2500267, 1, 'default.png'),
(1084251523, 'SERGIO ALEJANDRO TORO ORDOÑEZ', 'sergiotoro522@gmail.com', '1084251523', '1084251523', '', '3123316772', 1, 'Invitado', 2469570, 1, 'default.png'),
(1084251626, 'ANGIE FERNANDA URBANO ARCOS', 'fernanda49urbano@gmail.com', '1084251626', '1084251626', '', 'null', 1, 'Invitado', 2469571, 1, 'default.png'),
(1084251671, 'MARIA ISABEL CERQUERA BOLAÑOS', 'mcerquerabolanos@gmail.com', '1084251671', '1084251671', '', '3208878179', 1, 'Invitado', 2469571, 1, 'default.png'),
(1084251832, 'XIOMARA DAYANA LARA QUINAYAS', 'xiomaralara482@gmail.com', '1084251832', '1084251832', '', '3127825051', 1, 'Invitado', 2469571, 1, 'default.png'),
(1084254155, 'DAVER ANDRÉS IMBACHI', 'inbenavides@gmail.com', '1084254155', '1084254155', '', '3106965702', 3, 'Invitado', 0, 1, 'default.png'),
(1084254443, 'WILLIAM JAVIER NAVIA SANCHEZ', 'naviawilliam7@gmail.com', '1084254443', '1084254443', '', 'null', 1, 'Invitado', 2464124, 1, 'default.png'),
(1084254480, 'LEIDY YAMILE LARA GARCIA', 'laraleidy1990@gmail.com', '1084254480', '1084254480', '', 'null', 1, 'Invitado', 2464124, 1, 'default.png'),
(1084256890, 'JHON JAIRO ORTEGA ROJAS', 'ogarzonp@misena.edu.co', '1084256890', '1084256890', '', 'null', 1, 'Invitado', 2464124, 1, 'default.png'),
(1084257533, 'YESID CAICEDO AÑAZCO', '', '1084257533', '1084257533', 'Cra 25 # 3-08', '3134175206', 1, 'Invitado', 2175952, 1, 'default.png'),
(1084257605, 'ARVEY LOPEZ NAVIA', 'arvey_lopez@soy.sena.edu.co', '1084257605', '1084257605', '', '3103062455', 1, 'Invitado', 2556393, 1, 'default.png'),
(1084259187, 'ANDERSON STEVEN MUÑOZ ORDOÑEZ', 'anderson180@hotmail.es', '1084259187', '1084259187', '', '3202952032', 1, 'Invitado', 2556456, 1, 'default.png'),
(1084259237, 'CARLOS ARLEY ANACONA ANACONA', 'carlosaanacona@gmail.com', '1084259237', '1084259237', '', '3213232323', 1, 'Invitado', 2464124, 1, 'default.png'),
(1084259832, 'ANNER EDUARDO TINTINAGO MUÑOZ', 'edutimu@gmail.com', '1084259832', '1084259832', '', 'null', 1, 'Invitado', 2464124, 1, 'default.png'),
(1084260730, 'ANDRES MAURICIO MEDINA CERON', 'andres.mceron2510@gmail.com', '1084260730', '1084260730', '', '3126731744', 1, 'Invitado', 2464124, 1, 'default.png'),
(1084330110, 'LAURA CUELLAR FLOREZ', 'lauracuellar2003@gmail.com', '1084330110', '1084330110', '', '3112033331', 1, 'Invitado', 2546882, 1, 'default.png'),
(1084330134, 'SANTIAGO SALAZAR ASTUDILLO', 'santiagoastudillo907@gmail.com', '1084330134', '1084330134', '', '3133200987', 1, 'Vocero', 2252425, 1, 'default.png'),
(1084330210, 'ROCIO CHILITO CHILITO', 'rociochilito16@gmail.com', '1084330210', '1084330210', '', '3157083348', 1, 'Invitado', 2500094, 1, 'default.png'),
(1084330239, 'DIEGO ANDRÉS VALDÉS BENAVIDES', 'diegovaldes144325@gmail.com', '1084330239', '1084330239', '', 'null', 1, 'Invitado', 2451001, 1, 'default.png'),
(1084330285, 'JUAN ESTEBAN ARBOLEDA ARCOS', 'arboleda2148@gmail.com', '1084330285', '1084330285', '', '3178055138', 1, 'Invitado', 2469571, 1, 'default.png'),
(1084330340, 'GISSELA TATIANA ENRIQUEZ VEGA', 'enriquezt617@gmail.com', '1084330340', '1084330340', '', 'null', 1, 'Invitado', 2500117, 1, 'default.png'),
(1084330391, 'SEBASTIAN DIAZ SANCHEZ', 'dsebas255@gmail.com', '1084330391', '1084330391', '', 'null', 1, 'Invitado', 2469570, 1, 'default.png'),
(1084330517, 'LUIS FERNANDO ARTUNDUAGA VEGA', 'luisfernandovega59@gmail.com', '1084330517', '1084330517', '', '3115587853', 1, 'Invitado', 2500274, 1, 'default.png'),
(1084330581, 'JENNIFER FIGUEROA BRAVO', 'jenifb15@gmail.com', '1084330581', '1084330581', '', '3144824243', 1, 'Invitado', 2469582, 1, 'default.png'),
(1084330594, 'LUIS MARIO ALVAREZ MARINQUE', 'luisma26a@gmail.com', '1084330594', '1084330594', '', '3124942374', 1, 'Invitado', 2500096, 1, 'default.png'),
(1084330596, 'LEIBER SMITH MORALES GONZALEZ', 'moralesgonzalezleiber@gmail.com', '1084330596', '1084330596', '', '3222617622', 1, 'Invitado', 2469966, 1, 'default.png'),
(1084330630, 'DAYANA VALENTINA BECERRA AREIZA', 'dayavalen04@gmail.com', '1084330630', '1084330630', '', '3164479538', 1, 'Invitado', 2500267, 1, 'default.png'),
(1084330648, 'DIANA CAMILA ANACONA VARGAS', 'anaconadianacamila@gmail.com', '1084330648', '1084330648', '', 'null', 1, 'Invitado', 2556456, 1, 'default.png'),
(1084330687, 'DANIELA CUSPIAN JIMENEZ', 'danielacuspian9@gmail.com', '1084330687', '1084330687', '', '3208550107', 1, 'Invitado', 2236073, 1, 'default.png'),
(1084330817, 'LUISA FERNANDA VILLAREAL ROJAS', 'villarealfernanda768@gmail.com', '1084330817', '1084330817', '', '3133277187', 1, 'Invitado', 2469582, 1, 'default.png'),
(1084330977, 'DANIELA PALOMARES FUENTES', 'danipaloma2005@gmail.com', '1084330977', '1084330977', '', '3103395754', 1, 'Invitado', 2451001, 1, 'default.png'),
(1084867845, 'ANA CRISTINA YUSTRES TORRES', 'anayustres15@gmail.com', '1084867845', '1084867845', '', '3114581559', 1, 'Invitado', 2469571, 1, 'default.png'),
(1084896112, 'YULIANA CHAVARRO CLAROS', 'clarosyuliana257@gmail.com', '1084896112', '1084896112', '', '3152855101', 1, 'Invitado', 2236073, 1, 'default.png'),
(1084896174, 'ANYELI TORRES ROJAS', 'atorres4716@misena.edu.co', '1084896174', '1084896174', '', '3222602512', 1, 'Invitado', 2469570, 1, 'default.png'),
(1084896222, 'LUIS MANUEL LOSADA MUÑOZ', 'losadal225@gmail.com', '1084896222', '1084896222', '', '3102926341', 1, 'Invitado', 2562906, 1, 'default.png'),
(1084896223, 'YULEXY LORENA CUELLAR ALVAREZ', 'yulexy.lo22@gmail.com', '1084896223', '1084896223', '', '3132005954', 1, 'Invitado', 2236073, 1, 'default.png'),
(1084896400, 'YENDI VANESSA MOLINA MUÑOZ', 'yvmolina0@misena.edu.co', '1084896400', '1084896400', '', '3102793822', 1, 'Invitado', 2469570, 1, 'default.png'),
(1084896445, 'EDWIN EDUARDO PORTILLA VELASCO', 'eduardoportilla91@gmail.com', '1084896445', '1084896445', '', '3505977797', 1, 'Invitado', 2500094, 1, 'default.png'),
(1084896782, 'DIEGO ARNULFO MAZABEL TRUJILLO', 'diegomazabel1408@gmail.com', '1084896782', '1084896782', 'Pitalito', '3105834347', 7, 'Invitado', 0, 1, 'default.png'),
(1084896890, 'SOFONIAS MENDOZA CASTRO', 'senasofonias@gmail.com', '1084896890', '1084896890', '', 'null', 1, 'Invitado', 2556456, 1, 'default.png'),
(1084898503, 'MARITZA BECERRA BERMEO', 'maritzabecerrabermeo@gmail.com', '1084898503', '1084898503', '', '3154985869', 1, 'Invitado', 2554406, 1, 'default.png'),
(1084898803, 'MAURICIO CRUZ CHAVARRO', 'mcruz308@misena.edu.co', '1084898803', '1084898803', '', '3154087806', 1, 'Invitado', 2464124, 1, 'default.png'),
(1084900947, 'SERGIO ALEJANDRO VALENCIANO ROJAS', 'Valencianorojassergioalejandro@gmail.com', '1084900947', '1084900947', '', '3213244072', 1, 'Invitado', 2451011, 1, 'default.png'),
(1085274950, 'JOSE JULIAN APRAEZ MUÑOZ', 'jjapraez@sena.edu.co', '1085274950', '1085274950', '', '3136470263', 4, 'Invitado', 0, 1, 'default.png'),
(1085275715, 'RUIZ MARTINEZ JENNIFER TATIANA', 'jtruizm@sena.edu.co', '1085275715', '1085275715', '', '3182595772', 2, 'Invitado', 0, 1, 'default.png'),
(1085688083, 'ANA SILVIA MUÑOZ MARTINEZ', 'r_anita24@hotmail.com', '1085688083', '1085688083', '', '3226249369', 2, 'Invitado', 0, 1, 'default.png'),
(1086042890, 'JESSICA ALEJANDRA HERNANDEZ VARGASVYESSICA109@GMAIL.COM', 'vyessica109@gmail.com', '1086042890', '1086042890', '', '3107486187', 1, 'Invitado', 2590833, 1, 'default.png'),
(1087789576, 'ESTEBAN MADROÑERO DOMINGUEZ', 'estebanmadronerodominguez77@gmail.com', '1087789576', '1087789576', '', 'null', 1, 'Invitado', 2469582, 1, 'default.png'),
(1088352143, 'Ernesto Morales Lasso', 'moraleslasso98@gmail.com', '1088352143', '1088352143', 'Yamboró', '3125158224', 7, 'Invitado', 0, 1, 'default.png'),
(1088944057, 'ENCIZO OBANDO PAULA ANDREA', 'paulaandreencizoobando@gmail.com', '1088944057', '1088944057', 'San Agustín', '3026647507', 1, 'Invitado', 2556433, 1, 'default.png'),
(1089478152, 'DARIO SOSCUE OBANDO', 'dariososcue267@gmail.com', '1089478152', '1089478152', '', '3117893228', 1, 'Invitado', 2500267, 1, 'default.png'),
(1089798940, 'DIDIER FABIAN MARTINEZ ECHAVARRIA', 'anamariayjuandavidmartinez@gmail.com', '1089798940', '1089798940', '', '3116078445', 1, 'Invitado', 2426308, 1, 'default.png'),
(1092350867, 'ANGIE CAROLINA GOMEZ ESPAÑA', 'acgomeze@sena.edu.co', '1092350867', '1092350867', '', '3107817391', 4, 'Invitado', 0, 1, 'default.png'),
(1095178090, 'JUAN MIGUEL ALMARIO ROJAS', 'almariojuancho@gmail.com', '1095178090', '1095178090', '', 'null', 1, 'Invitado', 2556456, 1, 'default.png'),
(1095484680, 'EDWIN ORLANDO PINEDA CAICEDO', 'ewinpinedac@gmail.com', '1095484680', '1095484680', '', '3213641176', 1, 'Invitado', 2500012, 1, 'default.png'),
(1099342287, 'DIDIER ISIDRO JUTINICO ROJAS', 'ewinpinedac@gmail.com', '1099342287', '1099342287', '', '3213641176', 1, 'Invitado', 2500267, 1, 'default.png'),
(1109291736, 'SERGIO DANIEL', 'sergiodaniellazo@gmail.com', '1109291736', '1109291736', '', 'null', 1, 'Invitado', 2556433, 1, 'default.png'),
(1110443999, 'DUBERNEY MENESES MENESES', 'dmeneses99@misena.edu.co', '1110443999', '1110443999', '', '3107715203', 2, 'Invitado', 0, 1, 'default.png'),
(1110492490, 'KAROL TATIANA FIERRO GUTIERREZ', 'ktatianafierro@misena.edu.co', '1110492490', '1110492490', '', '3112021319', 2, 'Invitado', 0, 1, 'default.png'),
(1110579491, 'ANDRES FELIPE MUÑOZ ORTIZ', 'caromurcia05@gmail.com', '1110579491', '1110579491', '', '3138692174', 1, 'Invitado', 2468752, 1, 'default.png'),
(1115940596, 'SARA ELIZABETH RAMIREZ PERDOMO', 'n_judith@hotmail.com', '1115940596', '1115940596', '', '3153042063', 1, 'Vocero', 2500096, 1, 'default.png'),
(1116236879, 'JOSE RENE JIMENEZ CARDONA', 'jrjimenezc@unal.edu.co', '1116236879', '1116236879', '', '3154462394', 2, 'Invitado', 0, 1, 'default.png'),
(1116912148, 'ALEJANDRO CUBILLOS CONTRERAS', 'acubillos841@misena.edu.co', '1116912148', '1116912148', 'Pitalito', '3134039719', 9, 'Vocero', 0, 1, 'default.png'),
(1117484046, 'MARIA JOSE GIRALDO TIRADO', 'mariajosegiraldotirado@gmail.com', '1117484046', '1117484046', '', '', 1, 'Vocero', 2546882, 1, 'default.png'),
(1117508100, 'HECTOR JAIME ESTRADA TOLEDO', 'hjestrada@sena.edu.co', '1117508100', '1117508100', '', '3133297351', 4, 'Invitado', 0, 1, 'default.png'),
(1117519102, 'JHONY MESA ALEY', 'jmesa332@gmail.com', '1117519102', '1117519102', '', '3202241443', 2, 'Invitado', 0, 1, 'default.png'),
(1117521042, 'YEISON FABIAN HERNANDEZ YATE', 'yfhernandez@sena.edu.co', '1117521042', '1117521042', '', '3202586232', 4, 'Invitado', 0, 1, 'default.png'),
(1117523736, 'ANA MILENA CAMACHO TÁMARA', 'milena219205@gmail.com', '1117523736', '1117523736', '', '3115079441', 2, 'Invitado', 0, 1, 'default.png'),
(1117807030, 'LUIS FERNANDO MENDEZ VALDERRAMA', 'actualizar@sena.edu.co', '1117807030', '1117807030', '', 'null', 1, 'Invitado', 2469966, 1, 'default.png'),
(1117839291, 'CARLOS ANDRES GOMEZ GONZALEZ', 'carlosandresgomezgonzalez929@gmail.com', '1117839291', '1117839291', '', 'null', 1, 'Invitado', 2541039, 1, 'default.png'),
(1118027875, 'ANYI ROCIO COLLAZOS SOTO', 'collazossotoangierocio@gmail.com', '1118027875', '1118027875', '', '3214545997', 1, 'Invitado', 2469966, 1, 'default.png'),
(1118070414, 'YULI CRISTINA CRUZ PAJOY', 'yulicristinacruz04@gmail.com', '1118070414', '1118070414', '', '3144127500', 1, 'Invitado', 2500117, 1, 'default.png'),
(1118362179, 'MIGUEL FELIPE ESCARPETA CULMA', 'miguelfelipeescarpetaculma@gmail.com', '1118362179', '1118362179', '', 'null', 1, 'Invitado', 2464124, 1, 'default.png'),
(1119212675, 'ALEJANDRO LOZANO BOHORQUEZ', 'lozanob@sena.edu.co', '1119212675', '1119212675', '', '3115706288', 4, 'Invitado', 0, 1, 'default.png'),
(1119580199, 'RONAL HERLEY DUSSAN CHAVARRO', 'ronaldussan321@gmail.com', '1119580199', '1119580199', '', '3222035533', 1, 'Invitado', 2500070, 1, 'default.png'),
(1121326596, 'SHIRLEY PAOLA HERRERA IPUANA', 'herreraipuana1506@gmail.com', '1121326596', '1121326596', '', '3217383071', 1, 'Invitado', 2500274, 1, 'default.png'),
(1121842277, 'MARIA LUISA QUIROGA', 'marialuisaquiroga35@gmail.com', '1121842277', '1121842277', '', '3134372637', 1, 'Invitado', 2546882, 1, 'default.png'),
(1121843364, 'YEISY KATTERINE GONZALEZ BOSSA', 'katterinegonzalez@hotmail.com', '1121843364', '1121843364', '', '3103247938', 1, 'Invitado', 2590833, 1, 'default.png'),
(1122722041, 'JHON DANIEL', 'danielmedinac.31@gmail.com', '1122722041', '1122722041', '', '3202405896', 1, 'Invitado', 2556433, 1, 'default.png'),
(1122725041, 'JHON DANIEL MEDINA', 'danielmedinac.31@gmail.com', '1122725041', '1122725041', 'Pitalito', '3202405846', 1, 'Invitado', 2556433, 1, 'default.png'),
(1123207072, 'DAYHANA CLEMENCIA BENAVIDES ERAZO', 'dcbenavides@sena.edu.co', '1123207072', '1123207072', '', '3118298338', 4, 'Invitado', 0, 1, 'default.png'),
(1123314274, 'STEFANY MARTINEZ GONZALEZ', 'stefany-0596@hotmail.com', '1123314274', '1123314274', '', '3132289390', 1, 'Invitado', 2590833, 1, 'default.png'),
(1124242185, 'ARELIS GONZALEZ BELTRAN', 'beltrangonzalesarelis@gmail.com', '1124242185', '1124242185', '', '3146243613', 1, 'Invitado', 2426308, 1, 'default.png'),
(1124849310, 'MATEO DANIEL RAMOS BURGOS', 'mateoramosxd5@gmail.com', '1124849310', '1124849310', '', 'null', 1, 'Invitado', 2562906, 1, 'default.png'),
(1124850116, 'BRAYAN LOPEZ PAPAMIJA', 'bray95946@gmail.com', '1124850116', '1124850116', '', '3208883282', 1, 'Invitado', 2500012, 1, 'default.png'),
(1125178767, 'LEIDER JAVIER SUAREZ ZAMBRANO', 'suarezleider326@gmail.com', '1125178767', '1125178767', '', '3105549640', 1, 'Invitado', 2500070, 1, 'default.png'),
(1125179600, 'WENDY JULIETH HOYOS NIETO', 'juliethnieto0209@gmail.com', '1125179600', '1125179600', '', '', 1, 'Vocero', 2451001, 1, 'default.png'),
(1126456187, 'ERNEY PERDOMO FIGUEROA', 'erneyperdomoseguimos52@gmail.com', '1126456187', '1126456187', '', '3155587113', 1, 'Invitado', 2469966, 1, 'default.png'),
(1126624391, 'GIAN PIERRE PARRA BUSTOS', 'gianpierrep13@gmail.com', '1126624391', '1126624391', '', '3144536609', 1, 'Invitado', 2500274, 1, 'default.png'),
(1129424305, 'YURI JULIETH TORRES ALARCON', 'yurijulietht21@gmail.com', '1129424305', '1129424305', '', 'null', 1, 'Invitado', 2500139, 1, 'default.png'),
(1131084245, 'CESAR FABIAN  LOPEZ PANTOJA', 'ceslopez@sena.edu.co', '1131084245', '1131084245', '', '3185051485', 4, 'Invitado', 0, 1, 'default.png'),
(1133944114, 'YEISON ESTIVEN PARRA MEDINA', 'parrayeison690@gmail.com', '1133944114', '1133944114', '', '3224171686', 1, 'Invitado', 2500139, 1, 'default.png'),
(1143832520, 'CARLOS CHRISTIAN DIAZ IMBACHI', 'christiancronos@hotmail.com', '1143832520', '1143832520', '', '3162877056', 1, 'Invitado', 2500274, 1, 'default.png'),
(1144128106, 'LUZ AMAR GOMEZ MENDEZ', 'tatianagomezcam@gmail.com', '1144128106', '1144128106', '', '3126702597', 1, 'Vocero', 2500094, 1, 'default.png'),
(1144625759, 'NESMAR LUIGUI CHAVES LOPEZ', 'luiguichavex@gmail.com', '1144625759', 'Luigui11', '', '3163789983', 1, 'Invitado', 2252425, 1, 'default.png'),
(1192762569, 'MONICA GAITÀN RIVERA', 'riveramonny123@gmail.com', '1192762569', '1192762569', '', '3118782825', 1, 'Invitado', 2236074, 1, 'default.png'),
(1193031688, 'DANIEL FELIPE RUIZ DIAZ', 'danielruiz16diaz@gmail.com', '1193031688', '1193031688', '', 'null', 1, 'Invitado', 2500267, 1, 'default.png'),
(1193043009, 'JAIDER HERMIDA CARDENAS', 'jaider2002hermida@gmail.com', '1193043009', '1193043009', '', '3138437368', 1, 'Invitado', 2546882, 1, 'default.png'),
(1193045173, 'YOLANDA BERMEO TRUJILLO', 'yolandabermeotrujillo@gmail.com', '1193045173', '1193045173', '', '3115071898', 1, 'Invitado', 2280204, 1, '1193045173.png'),
(1193100658, 'KAREN YULIANA GUTIERREZ ESPAÑA', 'karenyuliana0105@gmail.com', '1193100658', '1193100658', '', '3105673881', 1, 'Invitado', 2500096, 1, 'default.png'),
(1193128551, 'JUAN PABLO ORREGO GOMEZ', 'juanpabloorregogomez427@gmail.com', '1193128551', '1193128551', '', 'null', 1, 'Invitado', 2554406, 1, 'default.png'),
(1193352609, 'HAIDER FERNANDO MELO MUÑOZ', 'haidermz312@gmail.com', '1193352609', '1193352609', '', '3222865130', 1, 'Invitado', 2500096, 1, 'default.png'),
(1193476840, 'JHON FAIBER OSORIO ALVAREZ', 'jhon3103236676@gmail.com', '1193476840', '1193476840', '', '3227495870', 1, 'Invitado', 2451011, 1, 'default.png'),
(1193562430, 'ANDRY YULIANA ZEMANATE MUÑOZ', 'andryzemanate23@gmail.com', '1193562430', '1193562430', '', '3144932102', 1, 'Invitado', 2500117, 1, 'default.png'),
(1193566292, 'EMMANUEL JOSE PEPICANO CAICEDO', 'gamerecaicedo@gmail.com', '1193566292', '1193566292', '', 'null', 1, 'Invitado', 2500096, 1, 'default.png'),
(1193572095, 'ERICK JULIAN ANACONA RODRIGUEZ', 'erick.anacona2@gmail.com', '1193572095', '1193572095', '', 'null', 1, 'Invitado', 2500267, 1, 'default.png'),
(1193574805, 'ANGELY VANESA CHAVEZ GALINDEZ', 'chavezgalindezvanesa@gmail.com', '1193574805', '1193574805', '', 'null', 1, 'Invitado', 2556456, 1, 'default.png');

-- --------------------------------------------------------

--
-- Estructura de tabla para la tabla `precios`
--

CREATE TABLE `precios` (
  `id_precio` int NOT NULL,
  `fk_cargo` int DEFAULT NULL,
  `fk_producto` int DEFAULT NULL,
  `precio` decimal(10,2) DEFAULT NULL
) ENGINE=InnoDB DEFAULT CHARSET=utf8mb4 ;

--
-- Volcado de datos para la tabla `precios`
--

INSERT INTO `precios` (`id_precio`, `fk_cargo`, `fk_producto`, `precio`) VALUES
(6, 1, 1, '11000.00'),
(7, 2, 1, '11000.00'),
(8, 3, 1, '11000.00'),
(9, 4, 1, '11000.00'),
(10, 5, 1, '11000.00'),
(13, 6, 1, '11000.00'),
(16, 7, 1, '11000.00'),
(17, 8, 1, '11000.00'),
(18, 9, 1, '11000.00'),
(24, 1, 2, '1000.00'),
(25, 2, 2, '1000.00'),
(26, 3, 2, '1000.00'),
(27, 4, 2, '1000.00'),
(28, 5, 2, '1000.00'),
(29, 6, 2, '1000.00'),
(30, 7, 2, '1000.00'),
(31, 8, 2, '1000.00'),
(32, 9, 2, '1000.00'),
(39, 1, 4, '2000.00'),
(40, 9, 4, '0.00'),
(41, 2, 4, '5000.00'),
(42, 4, 4, '5000.00'),
(43, 3, 4, '2000.00'),
(44, 5, 4, '750.00'),
(45, 6, 4, '2000.00'),
(46, 8, 4, '6000.00'),
(47, 7, 4, '2000.00'),
(48, 1, 5, '10000.00'),
(49, 2, 5, '10000.00'),
(50, 3, 5, '10000.00'),
(51, 4, 5, '10000.00'),
(52, 5, 5, '10000.00'),
(53, 6, 5, '10000.00'),
(54, 7, 5, '10000.00'),
(55, 8, 5, '10000.00'),
(56, 9, 5, '10000.00'),
(57, 1, 6, '9000.00'),
(58, 2, 6, '9000.00'),
(59, 3, 6, '9000.00'),
(60, 4, 6, '9000.00'),
(61, 5, 6, '9000.00'),
(62, 6, 6, '9000.00'),
(63, 7, 6, '9000.00'),
(64, 8, 6, '9000.00'),
(65, 9, 6, '9000.00'),
(66, 1, 7, '8000.00'),
(67, 2, 7, '8000.00'),
(68, 3, 7, '8000.00'),
(69, 4, 7, '8000.00'),
(70, 5, 7, '8000.00'),
(71, 6, 7, '8000.00'),
(73, 9, 7, '8000.00'),
(74, 8, 7, '8000.00'),
(75, 7, 7, '8000.00'),
(76, 1, 8, '7000.00'),
(77, 2, 8, '7000.00'),
(78, 3, 8, '7000.00'),
(79, 4, 8, '7000.00'),
(80, 5, 8, '7000.00'),
(82, 6, 8, '7000.00'),
(83, 7, 8, '7000.00'),
(84, 8, 8, '7000.00'),
(85, 9, 8, '7000.00'),
(86, 1, 9, '14000.00'),
(87, 2, 9, '14000.00'),
(88, 3, 9, '14000.00'),
(89, 4, 9, '14000.00'),
(90, 5, 9, '14000.00'),
(91, 6, 9, '14000.00'),
(93, 7, 9, '14000.00'),
(94, 8, 9, '14000.00'),
(95, 9, 9, '14000.00'),
(96, 1, 10, '13000.00'),
(97, 2, 10, '13000.00'),
(98, 3, 10, '13000.00'),
(99, 5, 10, '13000.00'),
(100, 6, 10, '13000.00'),
(101, 7, 10, '13000.00'),
(102, 8, 10, '13000.00'),
(103, 9, 10, '13000.00'),
(104, 4, 10, '13000.00'),
(105, 1, 11, '12000.00'),
(106, 2, 11, '12000.00'),
(107, 3, 11, '12000.00'),
(108, 4, 11, '12000.00'),
(109, 5, 11, '12000.00'),
(110, 6, 11, '12000.00'),
(111, 7, 11, '12000.00'),
(112, 8, 11, '12000.00'),
(113, 9, 11, '12000.00'),
(114, 1, 12, '11000.00'),
(115, 2, 12, '11000.00'),
(116, 3, 12, '11000.00'),
(117, 4, 12, '11000.00'),
(118, 5, 12, '11000.00'),
(119, 6, 12, '11000.00'),
(122, 7, 12, '11000.00'),
(123, 8, 12, '11000.00'),
(124, 9, 12, '11000.00'),
(125, 1, 13, '10000.00'),
(126, 2, 13, '10000.00'),
(127, 3, 13, '10000.00'),
(128, 4, 13, '10000.00'),
(129, 5, 13, '10000.00'),
(130, 6, 13, '10000.00'),
(131, 7, 13, '10000.00'),
(132, 8, 13, '10000.00'),
(133, 9, 13, '10000.00'),
(134, 1, 3, '1000.00'),
(135, 2, 3, '1000.00'),
(136, 3, 3, '1000.00'),
(137, 4, 3, '1000.00'),
(138, 5, 3, '1000.00'),
(139, 6, 3, '1000.00'),
(140, 7, 3, '1000.00'),
(141, 8, 3, '1000.00'),
(142, 9, 3, '1000.00'),
(143, 1, 14, '1000.00'),
(144, 2, 14, '1000.00'),
(145, 3, 14, '1000.00'),
(146, 4, 14, '1000.00'),
(147, 5, 14, '1000.00'),
(148, 6, 14, '1000.00'),
(149, 7, 14, '1000.00'),
(150, 8, 14, '1000.00'),
(151, 9, 14, '1000.00');

-- --------------------------------------------------------

--
-- Estructura de tabla para la tabla `produccion`
--

CREATE TABLE `produccion` (
  `Id_produccion` int NOT NULL,
  `Estado` enum('Producido','Aceptado','Rechazado') DEFAULT NULL,
  `Cantidad` decimal(10,2) NOT NULL,
  `fecha` date NOT NULL,
  `Observacion` text CHARACTER SET utf8mb4 ,
  `fk_codigo_pdto` int NOT NULL
) ENGINE=InnoDB DEFAULT CHARSET=utf8mb4 ;

--
-- Volcado de datos para la tabla `produccion`
--

INSERT INTO `produccion` (`Id_produccion`, `Estado`, `Cantidad`, `fecha`, `Observacion`, `fk_codigo_pdto`) VALUES
(1, NULL, '39.00', '2022-07-25', '22/07/2022_ Sandra Rendon', 3),
(2, NULL, '8.00', '2022-07-25', '25/07/2022', 6),
(3, NULL, '3.00', '2022-07-25', '25/07/2022', 5),
(4, NULL, '1.00', '2022-07-25', '25/07/2022', 10),
(5, NULL, '1.00', '2022-07-25', '25/07/2022', 11),
(6, NULL, '53.00', '2022-07-25', '25/07/2022 SANDRA RENDON', 14),
(7, NULL, '50.00', '2022-07-27', '27/07/2022 SANDRA RENDON', 3),
(8, NULL, '2.00', '2022-07-29', '29/07/2022 SANDRA RENDON', 5),
(9, NULL, '4.00', '2022-07-29', '29/07/2022 SANDRA RENDON', 6),
(10, NULL, '2.00', '2022-07-29', '29/07/2022 SANDRA RENDON', 7),
(11, NULL, '1.00', '2022-07-29', '29/07/2022 SANDRA RENDON', 10),
(12, NULL, '0.00', '2022-07-29', '', 11),
(13, NULL, '0.00', '2022-07-29', '', 9),
(14, NULL, '1.00', '2022-07-29', '29/07/2022 SANDRA RENDON', 1);

-- --------------------------------------------------------

--
-- Estructura de tabla para la tabla `productos`
--

CREATE TABLE `productos` (
  `Codigo_pdto` int NOT NULL,
  `Nombre` varchar(50) NOT NULL,
  `Descripcion` varchar(80) DEFAULT NULL,
  `imagen` varchar(80) DEFAULT NULL,
  `Estado` enum('Activo','Inactivo') DEFAULT NULL,
  `Reserva` enum('Si','No') DEFAULT NULL,
  `ReservaGrupal` enum('Si','No') NOT NULL,
  `MaxReserva` int NOT NULL,
  `Tipo` enum('Venta','Servicio') DEFAULT NULL,
  `hora_inicio` time NOT NULL,
  `hora_fin` time NOT NULL,
  `inventario` enum('Si','No') NOT NULL,
  `medidas` varchar(50) NOT NULL,
  `promocion` enum('Si','No') NOT NULL,
  `porcentaje` int NOT NULL,
  `valida_categoria` enum('Si','No') NOT NULL DEFAULT 'No',
  `fk_categoria` int DEFAULT NULL,
  `fk_codigo_up` int NOT NULL
) ENGINE=InnoDB DEFAULT CHARSET=utf8mb4 ;

--
-- Volcado de datos para la tabla `productos`
--

INSERT INTO `productos` (`Codigo_pdto`, `Nombre`, `Descripcion`, `imagen`, `Estado`, `Reserva`, `ReservaGrupal`, `MaxReserva`, `Tipo`, `hora_inicio`, `hora_fin`, `inventario`, `medidas`, `promocion`, `porcentaje`, `valida_categoria`, `fk_categoria`, `fk_codigo_up`) VALUES
(1, 'Huevos S.C AAA ', 'Huevos Semi criollos', '1657825271272huevos.png', 'Inactivo', 'No', 'No', 1, 'Venta', '15:00:00', '16:00:00', 'Si', 'Panal x 30', 'No', 0, 'Si', 1, 2),
(2, 'Cebolla Larga', 'Cebolla', '1658769266924D_NQ_NP_816812-MCO42016132341_052020-O.jpg', 'Activo', 'No', 'No', 1, 'Venta', '07:00:00', '17:00:00', 'Si', 'Unidad x 500g', 'No', 0, 'No', NULL, 2),
(3, 'Tomate', 'Tomate fresco', '1658769337750tomate.png', 'Activo', 'Si', 'No', 12, 'Venta', '07:00:00', '16:30:00', 'Si', 'Unidad x 500g', 'No', 0, 'No', NULL, 2),
(4, 'Almuerzos', 'Almuerzo', '1657902243068comida-saludable.jpg', 'Activo', 'Si', 'Si', 1, 'Venta', '07:00:00', '09:00:00', 'No', 'Unidad', 'No', 0, 'No', NULL, 4),
(5, 'Huevos S.C AA', 'Semi criollos', '1658767408851HUEVOSAAC.png', 'Activo', 'Si', 'No', 1, 'Venta', '15:00:00', '16:00:00', 'Si', 'Panal X 30', 'No', 0, 'Si', 1, 2),
(6, 'Huevos S.C A', 'Semi criollo', '1658767549797HUEVOSAAC.png', 'Activo', 'Si', 'No', 1, 'Venta', '15:00:00', '16:00:00', 'Si', 'Panal X30', 'No', 0, 'Si', 1, 2),
(7, 'Huevos S.C B', 'Semi criollo', '1658767753299HUEVOSAAC.png', 'Activo', 'Si', 'No', 1, 'Venta', '15:00:00', '16:00:00', 'Si', 'Panal X30', 'No', 0, 'Si', 1, 2),
(8, 'Huevos S.C C', 'Semi criolllos', '1658767890292HUEVOSAAC.png', 'Activo', 'Si', 'No', 1, 'Venta', '15:00:00', '16:00:00', 'Si', 'Panal X30', 'No', 0, 'Si', 1, 2),
(9, 'Huevos CRO AAA', 'Criollos', '1658769020237Huevos_30_unidades_criolla.jpg', 'Activo', 'Si', 'No', 1, 'Venta', '15:00:00', '16:00:00', 'Si', 'Panal X30', 'No', 0, 'Si', 1, 2),
(10, 'Huevos CRO AA', 'Criollos', '1658769030871Huevos_30_unidades_criolla.jpg', 'Activo', 'Si', 'No', 1, 'Venta', '15:00:00', '16:00:00', 'Si', 'Panal X30', 'No', 0, 'Si', 1, 2),
(11, 'Huevos CRO A', 'Criollos', '1658769043470Huevos_30_unidades_criolla.jpg', 'Activo', 'Si', 'No', 1, 'Venta', '15:00:00', '16:00:00', 'Si', 'Panal X 30', 'No', 0, 'Si', 1, 2),
(12, 'Huevos CRO B', 'Criollos', '1658769052497Huevos_30_unidades_criolla.jpg', 'Activo', 'Si', 'No', 1, 'Venta', '15:00:00', '16:00:00', 'Si', 'Panal X30', 'No', 0, 'Si', 1, 2),
(13, 'Huevos CRO C', 'Criollos', '1658769063606Huevos_30_unidades_criolla.jpg', 'Activo', 'Si', 'No', 1, 'Venta', '15:00:00', '16:00:00', 'Si', 'Panal X30', 'No', 0, 'Si', 1, 2),
(14, 'Mazorcas', 'Mazorca', '1658780640652descarga.jpg', 'Activo', 'Si', 'No', 6, 'Venta', '07:00:00', '16:00:00', 'Si', 'Bolsa X3', 'No', 0, 'No', NULL, 2);

-- --------------------------------------------------------

--
-- Estructura de tabla para la tabla `punto_venta`
--

CREATE TABLE `punto_venta` (
  `Id_punto_vent` int NOT NULL,
  `Sede` enum('Centro','Yamboro') NOT NULL,
  `Direccion` varchar(30) NOT NULL,
  `Nombre` varchar(30) DEFAULT NULL,
  `fk_persona` bigint NOT NULL,
  `Estado` enum('Activo','Inactivo') DEFAULT NULL
) ENGINE=InnoDB DEFAULT CHARSET=utf8mb4  COMMENT='1';

--
-- Volcado de datos para la tabla `punto_venta`
--

INSERT INTO `punto_venta` (`Id_punto_vent`, `Sede`, `Direccion`, `Nombre`, `fk_persona`, `Estado`) VALUES
(1, 'Yamboro', '', 'Coordinación', 1083928678, 'Activo'),
(2, 'Yamboro', '', 'Superete', 1006947348, 'Activo');

-- --------------------------------------------------------

--
-- Estructura de tabla para la tabla `sena_empresa`
--

CREATE TABLE `sena_empresa` (
  `id_sena` int NOT NULL,
  `nombre` varchar(45) DEFAULT NULL,
  `num_factura` int DEFAULT NULL
) ENGINE=InnoDB DEFAULT CHARSET=utf8mb4 ;

--
-- Volcado de datos para la tabla `sena_empresa`
--

INSERT INTO `sena_empresa` (`id_sena`, `nombre`, `num_factura`) VALUES
(1, 'Sena Empresa', 119);

-- --------------------------------------------------------

--
-- Estructura de tabla para la tabla `unidades_productivas`
--

CREATE TABLE `unidades_productivas` (
  `codigo_up` int NOT NULL,
  `Nombre` varchar(40) NOT NULL,
  `Logo` varchar(80) DEFAULT NULL,
  `Descripcion` varchar(100) DEFAULT NULL,
  `sede` enum('Yamboro','Centro') DEFAULT NULL,
  `estado` enum('Activo','Inactivo') DEFAULT NULL,
  `entrega_producto` tinyint(1) NOT NULL,
  `fk_persona` bigint NOT NULL,
  `fk_sena_empresa` int DEFAULT NULL
) ENGINE=InnoDB DEFAULT CHARSET=utf8mb4 ;

--
-- Volcado de datos para la tabla `unidades_productivas`
--

INSERT INTO `unidades_productivas` (`codigo_up`, `Nombre`, `Logo`, `Descripcion`, `sede`, `estado`, `entrega_producto`, `fk_persona`, `fk_sena_empresa`) VALUES
(1, 'Biblioteca', 'ud.png', 'Reserva de equipos', 'Yamboro', 'Activo', 0, 1116912148, 1),
(2, 'Agrícola', 'ud.png', '', 'Yamboro', 'Activo', 1, 1116912148, 1),
(3, 'Agroindustria', 'ud.png', '', 'Yamboro', 'Activo', 1, 1116912148, 1),
(4, 'Gastronomía', 'ud.png', '', 'Yamboro', 'Activo', 1, 1020737788, 1),
(5, 'Pecuaria', 'ud.png', '', 'Yamboro', 'Activo', 1, 1116912148, 1),
(6, ' Ambiental - Recursos Naturales', 'ud.png', '', 'Yamboro', 'Activo', 1, 1116912148, 1),
(7, ' Empresa de Servicios Públicos', 'ud.png', '', 'Centro', 'Activo', 1, 1116912148, 1),
(8, ' Escuela Nacional de la Calidad del Café', 'ud.png', '', 'Yamboro', 'Activo', 1, 1116912148, 1),
(9, ' Moda - Comercio y Servicios', 'ud.png', '', 'Yamboro', 'Activo', 1, 1116912148, 1),
(10, 'Unidad Extena', 'ud.png', '', 'Yamboro', 'Activo', 1, 1116912148, 1);

-- --------------------------------------------------------

--
-- Estructura para la vista `listamovimientos`
--
DROP TABLE IF EXISTS `listamovimientos`;

CREATE ALGORITHM=UNDEFINED DEFINER=`root`@`localhost` SQL SECURITY DEFINER VIEW `listamovimientos`  AS SELECT `up`.`codigo_up` AS `codigo_up`, `up`.`Nombre` AS `up`, `p`.`Codigo_pdto` AS `Codigo_pdto`, `p`.`Nombre` AS `producto`, `p`.`imagen` AS `imagen`, `pv`.`Id_punto_vent` AS `id_punto_vent`, `pv`.`Nombre` AS `punto`, `i`.`stock` AS `stock`, `m`.`Id_movimiento` AS `Id_movimiento`, `m`.`Fecha` AS `Fecha`, `d`.`Estado` AS `Estado`, `m`.`Estado` AS `Estado_mov`, `d`.`descripcion` AS `descripcion`, `m`.`num_factura` AS `num_factura`, `d`.`id_detalle` AS `id_detalle`, `d`.`cantidad` AS `cantidad`, `d`.`valor` AS `valor`, `p`.`porcentaje` AS `porcentaje`, `p`.`fk_categoria` AS `id_categoria`, ((`d`.`cantidad` * `d`.`valor`) - ((`d`.`cantidad` * `d`.`valor`) * (`p`.`porcentaje` / 100))) AS `subtotal`, `d`.`Entregado` AS `Entregado`, `per`.`identificacion` AS `identificacion`, `m`.`fk_persona` AS `identificacion_m`, `per`.`Nombres` AS `Nombres` FROM ((((((`unidades_productivas` `up` join `productos` `p` on((`p`.`fk_codigo_up` = `up`.`codigo_up`))) join `inventario` `i` on((`i`.`fk_codigo_pdto` = `p`.`Codigo_pdto`))) join `punto_venta` `pv` on((`pv`.`Id_punto_vent` = `i`.`fk_id_punto_vent`))) join `detalle` `d` on((`d`.`fk_id_inventario` = `i`.`id_inventario`))) join `movimientos` `m` on((`m`.`Id_movimiento` = `d`.`fk_Id_movimiento`))) join `personas` `per` on((`per`.`identificacion` = `d`.`Persona`))) ;

-- --------------------------------------------------------

--
-- Estructura para la vista `lista_produccion_up`
--
DROP TABLE IF EXISTS `lista_produccion_up`;

CREATE ALGORITHM=UNDEFINED DEFINER=`root`@`localhost` SQL SECURITY DEFINER VIEW `lista_produccion_up`  AS SELECT `pd`.`Id_produccion` AS `Id_produccion`, `pd`.`fecha` AS `fecha`, `pr`.`Codigo_pdto` AS `Codigo_pdto`, `pr`.`Nombre` AS `producto`, `pd`.`Estado` AS `Estado`, `up`.`codigo_up` AS `codigo_up`, `up`.`Nombre` AS `nomb_up`, `pd`.`Cantidad` AS `Producido`, (select sum(`b`.`cantidad`) from `bodega` `b` where (`b`.`fk_produccion` = `pd`.`Id_produccion`)) AS `Distribuido`, (`pd`.`Cantidad` - (select sum(`b`.`cantidad`) from `bodega` `b` where (`b`.`fk_produccion` = `pd`.`Id_produccion`))) AS `Disponible` FROM ((`produccion` `pd` join `productos` `pr` on((`pr`.`Codigo_pdto` = `pd`.`fk_codigo_pdto`))) join `unidades_productivas` `up` on((`up`.`codigo_up` = `pr`.`fk_codigo_up`))) ;

-- --------------------------------------------------------

--
-- Estructura para la vista `lista_productos`
--
DROP TABLE IF EXISTS `lista_productos`;

CREATE ALGORITHM=UNDEFINED DEFINER=`root`@`localhost` SQL SECURITY DEFINER VIEW `lista_productos`  AS SELECT `pv`.`Id_punto_vent` AS `Id_punto_vent`, `pv`.`Nombre` AS `Nombre`, `i`.`id_inventario` AS `id_inventario`, `p`.`Nombre` AS `Producto`, `p`.`Descripcion` AS `descripcion`, `p`.`imagen` AS `imagen`, `p`.`Reserva` AS `reserva`, `p`.`ReservaGrupal` AS `reserva_grupal`, `p`.`Estado` AS `estado`, `p`.`inventario` AS `control_inventario`, `p`.`MaxReserva` AS `maxreserva`, `p`.`Tipo` AS `tipo`, `p`.`hora_inicio` AS `hora_inicio`, `p`.`hora_fin` AS `hora_fin`, `p`.`medidas` AS `medidas`, `p`.`promocion` AS `promocion`, `p`.`porcentaje` AS `porcentaje`, `i`.`stock` AS `stock`, `up`.`codigo_up` AS `codigo_up`, `up`.`Nombre` AS `nomb_up`, `ca`.`idcargo` AS `idcargo`, `ca`.`nombre_cargo` AS `nombre_cargo`, `pr`.`precio` AS `precio` FROM (((((`punto_venta` `pv` join `inventario` `i` on((`i`.`fk_id_punto_vent` = `pv`.`Id_punto_vent`))) join `productos` `p` on((`p`.`Codigo_pdto` = `i`.`fk_codigo_pdto`))) join `precios` `pr` on((`pr`.`fk_producto` = `p`.`Codigo_pdto`))) join `cargo` `ca` on((`ca`.`idcargo` = `pr`.`fk_cargo`))) join `unidades_productivas` `up` on((`up`.`codigo_up` = `p`.`fk_codigo_up`))) ;

--
-- Índices para tablas volcadas
--

--
-- Indices de la tabla `accesos`
--
ALTER TABLE `accesos`
  ADD PRIMARY KEY (`idacceso`),
  ADD KEY `persona_acceso` (`fk_persona`);

--
-- Indices de la tabla `bodega`
--
ALTER TABLE `bodega`
  ADD PRIMARY KEY (`id_bodega`),
  ADD KEY `bodega_inventario_idx` (`fk_inventario`),
  ADD KEY `bodega_produccion_idx` (`fk_produccion`);

--
-- Indices de la tabla `cargo`
--
ALTER TABLE `cargo`
  ADD PRIMARY KEY (`idcargo`);

--
-- Indices de la tabla `categoria`
--
ALTER TABLE `categoria`
  ADD PRIMARY KEY (`id_categoria`);

--
-- Indices de la tabla `detalle`
--
ALTER TABLE `detalle`
  ADD PRIMARY KEY (`id_detalle`),
  ADD KEY `tiene_1` (`fk_Id_movimiento`),
  ADD KEY `tiene_2` (`fk_id_inventario`),
  ADD KEY `Persona` (`Persona`);

--
-- Indices de la tabla `inventario`
--
ALTER TABLE `inventario`
  ADD PRIMARY KEY (`id_inventario`),
  ADD UNIQUE KEY `unique_pv_pto` (`fk_id_punto_vent`,`fk_codigo_pdto`),
  ADD KEY `tiene_3` (`fk_id_punto_vent`),
  ADD KEY `tiene_4` (`fk_codigo_pdto`);

--
-- Indices de la tabla `movimientos`
--
ALTER TABLE `movimientos`
  ADD PRIMARY KEY (`Id_movimiento`),
  ADD KEY `comprar` (`fk_persona`);

--
-- Indices de la tabla `personas`
--
ALTER TABLE `personas`
  ADD PRIMARY KEY (`identificacion`),
  ADD KEY `persona_cargo_idx` (`Cargo`);

--
-- Indices de la tabla `precios`
--
ALTER TABLE `precios`
  ADD PRIMARY KEY (`id_precio`),
  ADD UNIQUE KEY `unique_precios` (`fk_producto`,`fk_cargo`),
  ADD KEY `precio_cargo_idx` (`fk_cargo`),
  ADD KEY `precio_prodcuto_idx` (`fk_producto`);

--
-- Indices de la tabla `produccion`
--
ALTER TABLE `produccion`
  ADD PRIMARY KEY (`Id_produccion`),
  ADD KEY `Fabrica` (`fk_codigo_pdto`);

--
-- Indices de la tabla `productos`
--
ALTER TABLE `productos`
  ADD PRIMARY KEY (`Codigo_pdto`),
  ADD KEY `Genera` (`fk_codigo_up`),
  ADD KEY `fk_categoria` (`fk_categoria`);

--
-- Indices de la tabla `punto_venta`
--
ALTER TABLE `punto_venta`
  ADD PRIMARY KEY (`Id_punto_vent`),
  ADD KEY `encargado` (`fk_persona`);

--
-- Indices de la tabla `sena_empresa`
--
ALTER TABLE `sena_empresa`
  ADD PRIMARY KEY (`id_sena`);

--
-- Indices de la tabla `unidades_productivas`
--
ALTER TABLE `unidades_productivas`
  ADD PRIMARY KEY (`codigo_up`),
  ADD KEY `Asignar` (`fk_persona`),
  ADD KEY `sena_up` (`fk_sena_empresa`);

--
-- AUTO_INCREMENT de las tablas volcadas
--

--
-- AUTO_INCREMENT de la tabla `accesos`
--
ALTER TABLE `accesos`
  MODIFY `idacceso` int NOT NULL AUTO_INCREMENT, AUTO_INCREMENT=1204;

--
-- AUTO_INCREMENT de la tabla `bodega`
--
ALTER TABLE `bodega`
  MODIFY `id_bodega` int NOT NULL AUTO_INCREMENT, AUTO_INCREMENT=17;

--
-- AUTO_INCREMENT de la tabla `cargo`
--
ALTER TABLE `cargo`
  MODIFY `idcargo` int NOT NULL AUTO_INCREMENT, AUTO_INCREMENT=10;

--
-- AUTO_INCREMENT de la tabla `detalle`
--
ALTER TABLE `detalle`
  MODIFY `id_detalle` int NOT NULL AUTO_INCREMENT, AUTO_INCREMENT=485;

--
-- AUTO_INCREMENT de la tabla `inventario`
--
ALTER TABLE `inventario`
  MODIFY `id_inventario` int NOT NULL AUTO_INCREMENT, AUTO_INCREMENT=15;

--
-- AUTO_INCREMENT de la tabla `movimientos`
--
ALTER TABLE `movimientos`
  MODIFY `Id_movimiento` int NOT NULL AUTO_INCREMENT, AUTO_INCREMENT=239;

--
-- AUTO_INCREMENT de la tabla `precios`
--
ALTER TABLE `precios`
  MODIFY `id_precio` int NOT NULL AUTO_INCREMENT, AUTO_INCREMENT=152;

--
-- AUTO_INCREMENT de la tabla `produccion`
--
ALTER TABLE `produccion`
  MODIFY `Id_produccion` int NOT NULL AUTO_INCREMENT, AUTO_INCREMENT=15;

--
-- AUTO_INCREMENT de la tabla `productos`
--
ALTER TABLE `productos`
  MODIFY `Codigo_pdto` int NOT NULL AUTO_INCREMENT, AUTO_INCREMENT=15;

--
-- AUTO_INCREMENT de la tabla `punto_venta`
--
ALTER TABLE `punto_venta`
  MODIFY `Id_punto_vent` int NOT NULL AUTO_INCREMENT, AUTO_INCREMENT=3;

--
-- AUTO_INCREMENT de la tabla `sena_empresa`
--
ALTER TABLE `sena_empresa`
  MODIFY `id_sena` int NOT NULL AUTO_INCREMENT, AUTO_INCREMENT=2;

--
-- AUTO_INCREMENT de la tabla `unidades_productivas`
--
ALTER TABLE `unidades_productivas`
  MODIFY `codigo_up` int NOT NULL AUTO_INCREMENT, AUTO_INCREMENT=11;

--
-- Restricciones para tablas volcadas
--

--
-- Filtros para la tabla `accesos`
--
ALTER TABLE `accesos`
  ADD CONSTRAINT `accesos_ibfk_1` FOREIGN KEY (`fk_persona`) REFERENCES `personas` (`identificacion`) ON UPDATE CASCADE;

--
-- Filtros para la tabla `bodega`
--
ALTER TABLE `bodega`
  ADD CONSTRAINT `bodega_inventario` FOREIGN KEY (`fk_inventario`) REFERENCES `inventario` (`id_inventario`),
  ADD CONSTRAINT `bodega_produccion` FOREIGN KEY (`fk_produccion`) REFERENCES `produccion` (`Id_produccion`);

--
-- Filtros para la tabla `detalle`
--
ALTER TABLE `detalle`
  ADD CONSTRAINT `detalle_ibfk_1` FOREIGN KEY (`Persona`) REFERENCES `personas` (`identificacion`) ON UPDATE CASCADE,
  ADD CONSTRAINT `tiene_1` FOREIGN KEY (`fk_Id_movimiento`) REFERENCES `movimientos` (`Id_movimiento`),
  ADD CONSTRAINT `tiene_2` FOREIGN KEY (`fk_id_inventario`) REFERENCES `inventario` (`id_inventario`);

--
-- Filtros para la tabla `inventario`
--
ALTER TABLE `inventario`
  ADD CONSTRAINT `tiene_3` FOREIGN KEY (`fk_id_punto_vent`) REFERENCES `punto_venta` (`Id_punto_vent`),
  ADD CONSTRAINT `tiene_4` FOREIGN KEY (`fk_codigo_pdto`) REFERENCES `productos` (`Codigo_pdto`);

--
-- Filtros para la tabla `movimientos`
--
ALTER TABLE `movimientos`
  ADD CONSTRAINT `movimientos_ibfk_1` FOREIGN KEY (`fk_persona`) REFERENCES `personas` (`identificacion`) ON UPDATE CASCADE;

--
-- Filtros para la tabla `personas`
--
ALTER TABLE `personas`
  ADD CONSTRAINT `persona_cargo` FOREIGN KEY (`Cargo`) REFERENCES `cargo` (`idcargo`);

--
-- Filtros para la tabla `precios`
--
ALTER TABLE `precios`
  ADD CONSTRAINT `precio_cargo` FOREIGN KEY (`fk_cargo`) REFERENCES `cargo` (`idcargo`),
  ADD CONSTRAINT `precio_prodcuto` FOREIGN KEY (`fk_producto`) REFERENCES `productos` (`Codigo_pdto`);

--
-- Filtros para la tabla `produccion`
--
ALTER TABLE `produccion`
  ADD CONSTRAINT `produccion_ibfk_1` FOREIGN KEY (`fk_codigo_pdto`) REFERENCES `productos` (`Codigo_pdto`);

--
-- Filtros para la tabla `productos`
--
ALTER TABLE `productos`
  ADD CONSTRAINT `fk_categoria` FOREIGN KEY (`fk_categoria`) REFERENCES `categoria` (`id_categoria`) ON DELETE SET NULL ON UPDATE CASCADE,
  ADD CONSTRAINT `productos_ibfk_1` FOREIGN KEY (`fk_codigo_up`) REFERENCES `unidades_productivas` (`codigo_up`);

--
-- Filtros para la tabla `punto_venta`
--
ALTER TABLE `punto_venta`
  ADD CONSTRAINT `punto_venta_ibfk_1` FOREIGN KEY (`fk_persona`) REFERENCES `personas` (`identificacion`) ON UPDATE CASCADE;

--
-- Filtros para la tabla `unidades_productivas`
--
ALTER TABLE `unidades_productivas`
  ADD CONSTRAINT `sena_up` FOREIGN KEY (`fk_sena_empresa`) REFERENCES `sena_empresa` (`id_sena`) ON UPDATE CASCADE,
  ADD CONSTRAINT `unidades_productivas_ibfk_1` FOREIGN KEY (`fk_persona`) REFERENCES `personas` (`identificacion`);
COMMIT;

/*!40101 SET CHARACTER_SET_CLIENT=@OLD_CHARACTER_SET_CLIENT */;
/*!40101 SET CHARACTER_SET_RESULTS=@OLD_CHARACTER_SET_RESULTS */;
/*!40101 SET COLLATION_CONNECTION=@OLD_COLLATION_CONNECTION */;
